  0
SECTION
  2
HEADER
  9
$ACADVER
  1
AC1024
  9
$ACADMAINTVER
 70
6
  9
$DWGCODEPAGE
  3
ANSI_1252
  9
$LASTSAVEDBY
  1
ezdxf
  9
$INSBASE
 10
0.0
 20
0.0
 30
0.0
  9
$EXTMIN
 10
1e+20
 20
1e+20
 30
1e+20
  9
$EXTMAX
 10
-1e+20
 20
-1e+20
 30
-1e+20
  9
$LIMMIN
 10
0.0
 20
0.0
  9
$LIMMAX
 10
420.0
 20
297.0
  9
$ORTHOMODE
 70
0
  9
$REGENMODE
 70
1
  9
$FILLMODE
 70
1
  9
$QTEXTMODE
 70
0
  9
$MIRRTEXT
 70
1
  9
$LTSCALE
 40
1.0
  9
$ATTMODE
 70
1
  9
$TEXTSIZE
 40
2.5
  9
$TRACEWID
 40
1.0
  9
$TEXTSTYLE
  7
Standard
  9
$CLAYER
  8
0
  9
$CELTYPE
  6
ByLayer
  9
$CECOLOR
 62
256
  9
$CELTSCALE
 40
1.0
  9
$DISPSILH
 70
0
  9
$DIMSCALE
 40
1.0
  9
$DIMASZ
 40
2.5
  9
$DIMEXO
 40
0.625
  9
$DIMDLI
 40
3.75
  9
$DIMRND
 40
0.0
  9
$DIMDLE
 40
0.0
  9
$DIMEXE
 40
1.25
  9
$DIMTP
 40
0.0
  9
$DIMTM
 40
0.0
  9
$DIMTXT
 40
2.5
  9
$DIMCEN
 40
2.5
  9
$DIMTSZ
 40
0.0
  9
$DIMTOL
 70
0
  9
$DIMLIM
 70
0
  9
$DIMTIH
 70
0
  9
$DIMTOH
 70
0
  9
$DIMSE1
 70
0
  9
$DIMSE2
 70
0
  9
$DIMTAD
 70
1
  9
$DIMZIN
 70
8
  9
$DIMBLK
  1

  9
$DIMASO
 70
1
  9
$DIMSHO
 70
1
  9
$DIMPOST
  1

  9
$DIMAPOST
  1

  9
$DIMALT
 70
0
  9
$DIMALTD
 70
3
  9
$DIMALTF
 40
0.03937007874
  9
$DIMLFAC
 40
1.0
  9
$DIMTOFL
 70
1
  9
$DIMTVP
 40
0.0
  9
$DIMTIX
 70
0
  9
$DIMSOXD
 70
0
  9
$DIMSAH
 70
0
  9
$DIMBLK1
  1

  9
$DIMBLK2
  1

  9
$DIMSTYLE
  2
ISO-25
  9
$DIMCLRD
 70
0
  9
$DIMCLRE
 70
0
  9
$DIMCLRT
 70
0
  9
$DIMTFAC
 40
1.0
  9
$DIMGAP
 40
0.625
  9
$DIMJUST
 70
0
  9
$DIMSD1
 70
0
  9
$DIMSD2
 70
0
  9
$DIMTOLJ
 70
0
  9
$DIMTZIN
 70
8
  9
$DIMALTZ
 70
0
  9
$DIMALTTZ
 70
0
  9
$DIMUPT
 70
0
  9
$DIMDEC
 70
2
  9
$DIMTDEC
 70
2
  9
$DIMALTU
 70
2
  9
$DIMALTTD
 70
3
  9
$DIMTXSTY
  7
Standard
  9
$DIMAUNIT
 70
0
  9
$DIMADEC
 70
0
  9
$DIMALTRND
 40
0.0
  9
$DIMAZIN
 70
0
  9
$DIMDSEP
 70
44
  9
$DIMATFIT
 70
3
  9
$DIMFRAC
 70
0
  9
$DIMLDRBLK
  1

  9
$DIMLUNIT
 70
2
  9
$DIMLWD
 70
-2
  9
$DIMLWE
 70
-2
  9
$DIMTMOVE
 70
0
  9
$DIMFXL
 40
1.0
  9
$DIMFXLON
 70
0
  9
$DIMJOGANG
 40
0.785398163397
  9
$DIMTFILL
 70
0
  9
$DIMTFILLCLR
 70
0
  9
$DIMARCSYM
 70
0
  9
$DIMLTYPE
  6

  9
$DIMLTEX1
  6

  9
$DIMLTEX2
  6

  9
$DIMTXTDIRECTION
 70
0
  9
$LUNITS
 70
2
  9
$LUPREC
 70
4
  9
$SKETCHINC
 40
1.0
  9
$FILLETRAD
 40
10.0
  9
$AUNITS
 70
0
  9
$AUPREC
 70
2
  9
$MENU
  1
.
  9
$ELEVATION
 40
0.0
  9
$PELEVATION
 40
0.0
  9
$THICKNESS
 40
0.0
  9
$LIMCHECK
 70
0
  9
$CHAMFERA
 40
0.0
  9
$CHAMFERB
 40
0.0
  9
$CHAMFERC
 40
0.0
  9
$CHAMFERD
 40
0.0
  9
$SKPOLY
 70
0
  9
$TDCREATE
 40
2461222.810208333
  9
$TDUCREATE
 40
2458532.153996898
  9
$TDUPDATE
 40
2461222.810208333
  9
$TDUUPDATE
 40
2458532.1544311
  9
$TDINDWG
 40
0.0
  9
$TDUSRTIMER
 40
0.0
  9
$USRTIMER
 70
1
  9
$ANGBASE
 50
0.0
  9
$ANGDIR
 70
0
  9
$PDMODE
 70
0
  9
$PDSIZE
 40
0.0
  9
$PLINEWID
 40
0.0
  9
$SPLFRAME
 70
0
  9
$SPLINETYPE
 70
6
  9
$SPLINESEGS
 70
8
  9
$HANDSEED
  5
858
  9
$SURFTAB1
 70
6
  9
$SURFTAB2
 70
6
  9
$SURFTYPE
 70
6
  9
$SURFU
 70
6
  9
$SURFV
 70
6
  9
$UCSBASE
  2

  9
$UCSNAME
  2

  9
$UCSORG
 10
0.0
 20
0.0
 30
0.0
  9
$UCSXDIR
 10
1.0
 20
0.0
 30
0.0
  9
$UCSYDIR
 10
0.0
 20
1.0
 30
0.0
  9
$UCSORTHOREF
  2

  9
$UCSORTHOVIEW
 70
0
  9
$UCSORGTOP
 10
0.0
 20
0.0
 30
0.0
  9
$UCSORGBOTTOM
 10
0.0
 20
0.0
 30
0.0
  9
$UCSORGLEFT
 10
0.0
 20
0.0
 30
0.0
  9
$UCSORGRIGHT
 10
0.0
 20
0.0
 30
0.0
  9
$UCSORGFRONT
 10
0.0
 20
0.0
 30
0.0
  9
$UCSORGBACK
 10
0.0
 20
0.0
 30
0.0
  9
$PUCSBASE
  2

  9
$PUCSNAME
  2

  9
$PUCSORG
 10
0.0
 20
0.0
 30
0.0
  9
$PUCSXDIR
 10
1.0
 20
0.0
 30
0.0
  9
$PUCSYDIR
 10
0.0
 20
1.0
 30
0.0
  9
$PUCSORTHOREF
  2

  9
$PUCSORTHOVIEW
 70
0
  9
$PUCSORGTOP
 10
0.0
 20
0.0
 30
0.0
  9
$PUCSORGBOTTOM
 10
0.0
 20
0.0
 30
0.0
  9
$PUCSORGLEFT
 10
0.0
 20
0.0
 30
0.0
  9
$PUCSORGRIGHT
 10
0.0
 20
0.0
 30
0.0
  9
$PUCSORGFRONT
 10
0.0
 20
0.0
 30
0.0
  9
$PUCSORGBACK
 10
0.0
 20
0.0
 30
0.0
  9
$USERI1
 70
0
  9
$USERI2
 70
0
  9
$USERI3
 70
0
  9
$USERI4
 70
0
  9
$USERI5
 70
0
  9
$USERR1
 40
0.0
  9
$USERR2
 40
0.0
  9
$USERR3
 40
0.0
  9
$USERR4
 40
0.0
  9
$USERR5
 40
0.0
  9
$WORLDVIEW
 70
1
  9
$SHADEDGE
 70
3
  9
$SHADEDIF
 70
70
  9
$TILEMODE
 70
1
  9
$MAXACTVP
 70
64
  9
$PINSBASE
 10
0.0
 20
0.0
 30
0.0
  9
$PLIMCHECK
 70
0
  9
$PEXTMIN
 10
1e+20
 20
1e+20
 30
1e+20
  9
$PEXTMAX
 10
-1e+20
 20
-1e+20
 30
-1e+20
  9
$PLIMMIN
 10
0.0
 20
0.0
  9
$PLIMMAX
 10
420.0
 20
297.0
  9
$UNITMODE
 70
0
  9
$VISRETAIN
 70
1
  9
$PLINEGEN
 70
0
  9
$PSLTSCALE
 70
1
  9
$TREEDEPTH
 70
3020
  9
$CMLSTYLE
  2
Standard
  9
$CMLJUST
 70
0
  9
$CMLSCALE
 40
20.0
  9
$PROXYGRAPHICS
 70
1
  9
$MEASUREMENT
 70
1
  9
$CELWEIGHT
370
-1
  9
$ENDCAPS
280
0
  9
$JOINSTYLE
280
0
  9
$LWDISPLAY
290
0
  9
$INSUNITS
 70
6
  9
$HYPERLINKBASE
  1

  9
$STYLESHEET
  1

  9
$XEDIT
290
1
  9
$CEPSNTYPE
380
0
  9
$PSTYLEMODE
290
1
  9
$FINGERPRINTGUID
  2
{E03AD962-0400-4BEB-9305-9FB53B18F401}
  9
$VERSIONGUID
  2
{8CD1F3D2-C3F6-412E-813C-5FD51EF270D4}
  9
$EXTNAMES
290
1
  9
$PSVPSCALE
 40
0.0
  9
$OLESTARTUP
290
0
  9
$SORTENTS
280
127
  9
$INDEXCTL
280
0
  9
$HIDETEXT
280
1
  9
$XCLIPFRAME
280
1
  9
$HALOGAP
280
0
  9
$OBSCOLOR
 70
257
  9
$OBSLTYPE
280
0
  9
$INTERSECTIONDISPLAY
280
0
  9
$INTERSECTIONCOLOR
 70
257
  9
$DIMASSOC
280
2
  9
$PROJECTNAME
  1

  9
$CAMERADISPLAY
290
0
  9
$LENSLENGTH
 40
50.0
  9
$CAMERAHEIGHT
 40
0.0
  9
$STEPSPERSEC
 40
24.0
  9
$STEPSIZE
 40
100.0
  9
$3DDWFPREC
 40
2.0
  9
$PSOLWIDTH
 40
0.005
  9
$PSOLHEIGHT
 40
0.08
  9
$LOFTANG1
 40
1.570796326795
  9
$LOFTANG2
 40
1.570796326795
  9
$LOFTMAG1
 40
0.0
  9
$LOFTMAG2
 40
0.0
  9
$LOFTPARAM
 70
7
  9
$LOFTNORMALS
280
1
  9
$LATITUDE
 40
37.795
  9
$LONGITUDE
 40
-122.394
  9
$NORTHDIRECTION
 40
0.0
  9
$TIMEZONE
 70
-8000
  9
$LIGHTGLYPHDISPLAY
280
1
  9
$TILEMODELIGHTSYNCH
280
1
  9
$CMATERIAL
347
20
  9
$SOLIDHIST
280
0
  9
$SHOWHIST
280
1
  9
$DWFFRAME
280
2
  9
$DGNFRAME
280
2
  9
$REALWORLDSCALE
290
1
  9
$INTERFERECOLOR
 62
256
  9
$CSHADOW
280
0
  9
$SHADOWPLANELOCATION
 40
0.0
  0
ENDSEC
  0
SECTION
  2
CLASSES
  0
CLASS
  1
ACDBDICTIONARYWDFLT
  2
AcDbDictionaryWithDefault
  3
ObjectDBX Classes
 90
0
 91
0
280
0
281
0
  0
CLASS
  1
SUN
  2
AcDbSun
  3
SCENEOE
 90
1153
 91
0
280
0
281
0
  0
CLASS
  1
VISUALSTYLE
  2
AcDbVisualStyle
  3
ObjectDBX Classes
 90
4095
 91
0
280
0
281
0
  0
CLASS
  1
MATERIAL
  2
AcDbMaterial
  3
ObjectDBX Classes
 90
1153
 91
0
280
0
281
0
  0
CLASS
  1
SCALE
  2
AcDbScale
  3
ObjectDBX Classes
 90
1153
 91
0
280
0
281
0
  0
CLASS
  1
TABLESTYLE
  2
AcDbTableStyle
  3
ObjectDBX Classes
 90
4095
 91
0
280
0
281
0
  0
CLASS
  1
MLEADERSTYLE
  2
AcDbMLeaderStyle
  3
ACDB_MLEADERSTYLE_CLASS
 90
4095
 91
0
280
0
281
0
  0
CLASS
  1
DICTIONARYVAR
  2
AcDbDictionaryVar
  3
ObjectDBX Classes
 90
0
 91
0
280
0
281
0
  0
CLASS
  1
CELLSTYLEMAP
  2
AcDbCellStyleMap
  3
ObjectDBX Classes
 90
1152
 91
0
280
0
281
0
  0
CLASS
  1
MENTALRAYRENDERSETTINGS
  2
AcDbMentalRayRenderSettings
  3
SCENEOE
 90
1024
 91
0
280
0
281
0
  0
CLASS
  1
ACDBDETAILVIEWSTYLE
  2
AcDbDetailViewStyle
  3
ObjectDBX Classes
 90
1025
 91
0
280
0
281
0
  0
CLASS
  1
ACDBSECTIONVIEWSTYLE
  2
AcDbSectionViewStyle
  3
ObjectDBX Classes
 90
1025
 91
0
280
0
281
0
  0
CLASS
  1
RASTERVARIABLES
  2
AcDbRasterVariables
  3
ISM
 90
0
 91
0
280
0
281
0
  0
CLASS
  1
ACDBPLACEHOLDER
  2
AcDbPlaceHolder
  3
ObjectDBX Classes
 90
0
 91
0
280
0
281
0
  0
CLASS
  1
LAYOUT
  2
AcDbLayout
  3
ObjectDBX Classes
 90
0
 91
0
280
0
281
0
  0
ENDSEC
  0
SECTION
  2
TABLES
  0
TABLE
  2
VPORT
  5
8
330
0
100
AcDbSymbolTable
 70
1
  0
VPORT
  5
23
330
8
100
AcDbSymbolTableRecord
100
AcDbViewportTableRecord
  2
*Active
 70
0
 10
0.0
 20
0.0
 11
1.0
 21
1.0
 12
0.0
 22
0.0
 13
0.0
 23
0.0
 14
0.5
 24
0.5
 15
0.5
 25
0.5
 16
0.0
 26
0.0
 36
1.0
 17
0.0
 27
0.0
 37
0.0
 40
1000.0
 41
1.34
 42
50.0
 43
0.0
 44
0.0
 50
0.0
 51
0.0
 71
0
 72
1000
 73
1
 74
3
 75
0
 76
0
 77
0
 78
0
281
0
 65
0
146
0.0
  0
ENDTAB
  0
TABLE
  2
LTYPE
  5
2
330
0
100
AcDbSymbolTable
 70
7
  0
LTYPE
  5
24
330
2
100
AcDbSymbolTableRecord
100
AcDbLinetypeTableRecord
  2
ByBlock
 70
0
  3

 72
65
 73
0
 40
0.0
  0
LTYPE
  5
25
330
2
100
AcDbSymbolTableRecord
100
AcDbLinetypeTableRecord
  2
ByLayer
 70
0
  3

 72
65
 73
0
 40
0.0
  0
LTYPE
  5
26
330
2
100
AcDbSymbolTableRecord
100
AcDbLinetypeTableRecord
  2
Continuous
 70
0
  3

 72
65
 73
0
 40
0.0
  0
LTYPE
  5
2F
330
2
100
AcDbSymbolTableRecord
100
AcDbLinetypeTableRecord
  2
Dashed
 70
0
  3
Dashed __ __ __
 72
65
 73
1
 40
3.5
 49
-1.5
 74
0
  0
LTYPE
  5
30
330
2
100
AcDbSymbolTableRecord
100
AcDbLinetypeTableRecord
  2
Center
 70
0
  3
Center ____ _ ____
 72
65
 73
3
 40
3.0
 49
-1.0
 74
0
 49
1.0
 74
0
 49
-1.0
 74
0
  0
LTYPE
  5
31
330
2
100
AcDbSymbolTableRecord
100
AcDbLinetypeTableRecord
  2
Phantom
 70
0
  3
Phantom ______ __ __
 72
65
 73
5
 40
3.0
 49
-1.0
 74
0
 49
1.0
 74
0
 49
-1.0
 74
0
 49
1.0
 74
0
 49
-1.0
 74
0
  0
LTYPE
  5
32
330
2
100
AcDbSymbolTableRecord
100
AcDbLinetypeTableRecord
  2
Hidden
 70
0
  3
Hidden __ __ __
 72
65
 73
1
 40
1.8
 49
-1.2
 74
0
  0
ENDTAB
  0
TABLE
  2
LAYER
  5
1
330
0
100
AcDbSymbolTable
 70
164
  0
LAYER
  5
27
330
1
100
AcDbSymbolTableRecord
100
AcDbLayerTableRecord
  2
0
 70
0
 62
7
  6
Continuous
370
-3
390
13
347
21
  0
LAYER
  5
28
330
1
100
AcDbSymbolTableRecord
100
AcDbLayerTableRecord
  2
Defpoints
 70
0
 62
7
  6
Continuous
290
0
370
-3
390
13
347
21
  0
LAYER
  5
35
330
1
100
AcDbSymbolTableRecord
100
AcDbLayerTableRecord
  2
G-STD-KEEP
 70
0
 62
7
  6
Continuous
370
-3
390
13
347
21
  0
LAYER
  5
36
330
1
100
AcDbSymbolTableRecord
100
AcDbLayerTableRecord
  2
D_001_A-WALL-EXTR
 70
0
 62
2
  6
Continuous
370
50
390
13
347
21
  0
LAYER
  5
37
330
1
100
AcDbSymbolTableRecord
100
AcDbLayerTableRecord
  2
D_002_A-WALL-INTR
 70
0
 62
1
  6
Continuous
370
35
390
13
347
21
  0
LAYER
  5
38
330
1
100
AcDbSymbolTableRecord
100
AcDbLayerTableRecord
  2
D_003_A-WALL-CORE
 70
0
 62
12
  6
Continuous
370
50
390
13
347
21
  0
LAYER
  5
39
330
1
100
AcDbSymbolTableRecord
100
AcDbLayerTableRecord
  2
D_004_A-WALL-PATT
 70
0
 62
23
  6
Continuous
370
15
390
13
347
21
  0
LAYER
  5
3A
330
1
100
AcDbSymbolTableRecord
100
AcDbLayerTableRecord
  2
D_005_A-COLUMN
 70
0
 62
34
  6
Continuous
370
35
390
13
347
21
  0
LAYER
  5
3B
330
1
100
AcDbSymbolTableRecord
100
AcDbLayerTableRecord
  2
D_006_A-COLUMN-GRID
 70
0
 62
45
  6
Center
370
25
390
13
347
21
  0
LAYER
  5
3C
330
1
100
AcDbSymbolTableRecord
100
AcDbLayerTableRecord
  2
D_007_A-DOOR
 70
0
 62
56
  6
Continuous
370
25
390
13
347
21
  0
LAYER
  5
3D
330
1
100
AcDbSymbolTableRecord
100
AcDbLayerTableRecord
  2
D_008_A-DOOR-SWING
 70
0
 62
67
  6
Dashed
370
15
390
13
347
21
  0
LAYER
  5
3E
330
1
100
AcDbSymbolTableRecord
100
AcDbLayerTableRecord
  2
D_009_A-GLAZ
 70
0
 62
78
  6
Continuous
370
25
390
13
347
21
  0
LAYER
  5
3F
330
1
100
AcDbSymbolTableRecord
100
AcDbLayerTableRecord
  2
D_010_A-GLAZ-SILL
 70
0
 62
89
  6
Continuous
370
15
390
13
347
21
  0
LAYER
  5
40
330
1
100
AcDbSymbolTableRecord
100
AcDbLayerTableRecord
  2
D_011_A-OPEN
 70
0
 62
100
  6
Continuous
370
15
390
13
347
21
  0
LAYER
  5
41
330
1
100
AcDbSymbolTableRecord
100
AcDbLayerTableRecord
  2
D_012_A-FLOR-OTLN
 70
0
 62
111
  6
Continuous
370
50
390
13
347
21
  0
LAYER
  5
42
330
1
100
AcDbSymbolTableRecord
100
AcDbLayerTableRecord
  2
D_013_A-FLOR-CASE
 70
0
 62
122
  6
Dashed
370
25
390
13
347
21
  0
LAYER
  5
43
330
1
100
AcDbSymbolTableRecord
100
AcDbLayerTableRecord
  2
D_014_A-FLOR-OVHD
 70
0
 62
133
  6
Dashed
370
15
390
13
347
21
  0
LAYER
  5
44
330
1
100
AcDbSymbolTableRecord
100
AcDbLayerTableRecord
  2
D_015_A-FLOR-PATT
 70
0
 62
144
  6
Continuous
370
15
390
13
347
21
  0
LAYER
  5
45
330
1
100
AcDbSymbolTableRecord
100
AcDbLayerTableRecord
  2
D_016_A-ROOF-MAIN
 70
0
 62
155
  6
Continuous
370
50
390
13
347
21
  0
LAYER
  5
46
330
1
100
AcDbSymbolTableRecord
100
AcDbLayerTableRecord
  2
D_017_A-ROOF-CANOPY
 70
0
 62
166
  6
Dashed
370
35
390
13
347
21
  0
LAYER
  5
47
330
1
100
AcDbSymbolTableRecord
100
AcDbLayerTableRecord
  2
D_018_A-CLNG
 70
0
 62
177
  6
Dashed
370
25
390
13
347
21
  0
LAYER
  5
48
330
1
100
AcDbSymbolTableRecord
100
AcDbLayerTableRecord
  2
D_019_A-AREA-IDEN
 70
0
 62
188
  6
Continuous
370
15
390
13
347
21
  0
LAYER
  5
49
330
1
100
AcDbSymbolTableRecord
100
AcDbLayerTableRecord
  2
D_020_A-ANNO-DIMS
 70
0
 62
199
  6
Continuous
370
15
390
13
347
21
  0
LAYER
  5
4A
330
1
100
AcDbSymbolTableRecord
100
AcDbLayerTableRecord
  2
D_021_A-ANNO-TEXT
 70
0
 62
210
  6
Continuous
370
15
390
13
347
21
  0
LAYER
  5
4B
330
1
100
AcDbSymbolTableRecord
100
AcDbLayerTableRecord
  2
D_022_A-ANNO-LEAD
 70
0
 62
221
  6
Continuous
370
15
390
13
347
21
  0
LAYER
  5
4C
330
1
100
AcDbSymbolTableRecord
100
AcDbLayerTableRecord
  2
D_023_A-ANNO-IDEN
 70
0
 62
232
  6
Continuous
370
15
390
13
347
21
  0
LAYER
  5
4D
330
1
100
AcDbSymbolTableRecord
100
AcDbLayerTableRecord
  2
D_024_A-ANNO-HATC
 70
0
 62
243
  6
Continuous
370
15
390
13
347
21
  0
LAYER
  5
4E
330
1
100
AcDbSymbolTableRecord
100
AcDbLayerTableRecord
  2
D_025_A-SECT
 70
0
 62
254
  6
Phantom
370
25
390
13
347
21
  0
LAYER
  5
4F
330
1
100
AcDbSymbolTableRecord
100
AcDbLayerTableRecord
  2
D_026_A-ELEV
 70
0
 62
13
  6
Continuous
370
20
390
13
347
21
  0
LAYER
  5
50
330
1
100
AcDbSymbolTableRecord
100
AcDbLayerTableRecord
  2
D_027_S-STRC-GRID
 70
0
 62
24
  6
Center
370
25
390
13
347
21
  0
LAYER
  5
51
330
1
100
AcDbSymbolTableRecord
100
AcDbLayerTableRecord
  2
D_028_S-COLUMN
 70
0
 62
35
  6
Continuous
370
50
390
13
347
21
  0
LAYER
  5
52
330
1
100
AcDbSymbolTableRecord
100
AcDbLayerTableRecord
  2
D_029_S-BEAM
 70
0
 62
46
  6
Continuous
370
35
390
13
347
21
  0
LAYER
  5
53
330
1
100
AcDbSymbolTableRecord
100
AcDbLayerTableRecord
  2
D_030_S-BEAM-HID
 70
0
 62
57
  6
Hidden
370
25
390
13
347
21
  0
LAYER
  5
54
330
1
100
AcDbSymbolTableRecord
100
AcDbLayerTableRecord
  2
D_031_S-SLAB
 70
0
 62
68
  6
Continuous
370
35
390
13
347
21
  0
LAYER
  5
55
330
1
100
AcDbSymbolTableRecord
100
AcDbLayerTableRecord
  2
D_032_S-SLAB-OPEN
 70
0
 62
79
  6
Dashed
370
25
390
13
347
21
  0
LAYER
  5
56
330
1
100
AcDbSymbolTableRecord
100
AcDbLayerTableRecord
  2
D_033_S-FOOT
 70
0
 62
90
  6
Dashed
370
35
390
13
347
21
  0
LAYER
  5
57
330
1
100
AcDbSymbolTableRecord
100
AcDbLayerTableRecord
  2
D_034_S-FOOT-PILE
 70
0
 62
101
  6
Dashed
370
25
390
13
347
21
  0
LAYER
  5
58
330
1
100
AcDbSymbolTableRecord
100
AcDbLayerTableRecord
  2
D_035_S-WALL-LOAD
 70
0
 62
112
  6
Continuous
370
50
390
13
347
21
  0
LAYER
  5
59
330
1
100
AcDbSymbolTableRecord
100
AcDbLayerTableRecord
  2
D_036_S-STRC-STAIR
 70
0
 62
123
  6
Continuous
370
25
390
13
347
21
  0
LAYER
  5
5A
330
1
100
AcDbSymbolTableRecord
100
AcDbLayerTableRecord
  2
D_037_S-STRC-RAMP
 70
0
 62
134
  6
Continuous
370
25
390
13
347
21
  0
LAYER
  5
5B
330
1
100
AcDbSymbolTableRecord
100
AcDbLayerTableRecord
  2
D_038_S-REINF
 70
0
 62
145
  6
Continuous
370
15
390
13
347
21
  0
LAYER
  5
5C
330
1
100
AcDbSymbolTableRecord
100
AcDbLayerTableRecord
  2
D_039_S-ANNO-DIMS
 70
0
 62
156
  6
Continuous
370
15
390
13
347
21
  0
LAYER
  5
5D
330
1
100
AcDbSymbolTableRecord
100
AcDbLayerTableRecord
  2
D_040_S-ANNO-TEXT
 70
0
 62
167
  6
Continuous
370
15
390
13
347
21
  0
LAYER
  5
5E
330
1
100
AcDbSymbolTableRecord
100
AcDbLayerTableRecord
  2
D_041_E-LIGHT
 70
0
 62
178
  6
Continuous
370
25
390
13
347
21
  0
LAYER
  5
5F
330
1
100
AcDbSymbolTableRecord
100
AcDbLayerTableRecord
  2
D_042_E-LIGHT-EMER
 70
0
 62
189
  6
Continuous
370
25
390
13
347
21
  0
LAYER
  5
60
330
1
100
AcDbSymbolTableRecord
100
AcDbLayerTableRecord
  2
D_043_E-POWR
 70
0
 62
200
  6
Continuous
370
35
390
13
347
21
  0
LAYER
  5
61
330
1
100
AcDbSymbolTableRecord
100
AcDbLayerTableRecord
  2
D_044_E-POWR-CIRC
 70
0
 62
211
  6
Continuous
370
25
390
13
347
21
  0
LAYER
  5
62
330
1
100
AcDbSymbolTableRecord
100
AcDbLayerTableRecord
  2
D_045_E-POWR-EQPM
 70
0
 62
222
  6
Continuous
370
25
390
13
347
21
  0
LAYER
  5
63
330
1
100
AcDbSymbolTableRecord
100
AcDbLayerTableRecord
  2
D_046_E-PANEL
 70
0
 62
233
  6
Continuous
370
25
390
13
347
21
  0
LAYER
  5
64
330
1
100
AcDbSymbolTableRecord
100
AcDbLayerTableRecord
  2
D_047_E-COND
 70
0
 62
244
  6
Dashed
370
15
390
13
347
21
  0
LAYER
  5
65
330
1
100
AcDbSymbolTableRecord
100
AcDbLayerTableRecord
  2
D_048_E-GRND
 70
0
 62
3
  6
Dashed
370
15
390
13
347
21
  0
LAYER
  5
66
330
1
100
AcDbSymbolTableRecord
100
AcDbLayerTableRecord
  2
D_049_E-OUTL
 70
0
 62
14
  6
Continuous
370
15
390
13
347
21
  0
LAYER
  5
67
330
1
100
AcDbSymbolTableRecord
100
AcDbLayerTableRecord
  2
D_050_E-SWIT
 70
0
 62
25
  6
Continuous
370
15
390
13
347
21
  0
LAYER
  5
68
330
1
100
AcDbSymbolTableRecord
100
AcDbLayerTableRecord
  2
D_051_E-ANNO-DIMS
 70
0
 62
36
  6
Continuous
370
15
390
13
347
21
  0
LAYER
  5
69
330
1
100
AcDbSymbolTableRecord
100
AcDbLayerTableRecord
  2
D_052_E-ANNO-TEXT
 70
0
 62
47
  6
Continuous
370
15
390
13
347
21
  0
LAYER
  5
6A
330
1
100
AcDbSymbolTableRecord
100
AcDbLayerTableRecord
  2
D_053_T-DATA
 70
0
 62
58
  6
Continuous
370
25
390
13
347
21
  0
LAYER
  5
6B
330
1
100
AcDbSymbolTableRecord
100
AcDbLayerTableRecord
  2
D_054_T-DATA-OUTL
 70
0
 62
69
  6
Continuous
370
15
390
13
347
21
  0
LAYER
  5
6C
330
1
100
AcDbSymbolTableRecord
100
AcDbLayerTableRecord
  2
D_055_T-TELE
 70
0
 62
80
  6
Continuous
370
25
390
13
347
21
  0
LAYER
  5
6D
330
1
100
AcDbSymbolTableRecord
100
AcDbLayerTableRecord
  2
D_056_T-TELE-OUTL
 70
0
 62
91
  6
Continuous
370
15
390
13
347
21
  0
LAYER
  5
6E
330
1
100
AcDbSymbolTableRecord
100
AcDbLayerTableRecord
  2
D_057_T-AV
 70
0
 62
102
  6
Continuous
370
25
390
13
347
21
  0
LAYER
  5
6F
330
1
100
AcDbSymbolTableRecord
100
AcDbLayerTableRecord
  2
D_058_T-SEC
 70
0
 62
113
  6
Continuous
370
25
390
13
347
21
  0
LAYER
  5
70
330
1
100
AcDbSymbolTableRecord
100
AcDbLayerTableRecord
  2
D_059_T-SEC-CCTV
 70
0
 62
124
  6
Continuous
370
15
390
13
347
21
  0
LAYER
  5
71
330
1
100
AcDbSymbolTableRecord
100
AcDbLayerTableRecord
  2
D_060_T-SEC-ACCS
 70
0
 62
135
  6
Continuous
370
15
390
13
347
21
  0
LAYER
  5
72
330
1
100
AcDbSymbolTableRecord
100
AcDbLayerTableRecord
  2
D_061_T-BMS
 70
0
 62
146
  6
Continuous
370
25
390
13
347
21
  0
LAYER
  5
73
330
1
100
AcDbSymbolTableRecord
100
AcDbLayerTableRecord
  2
D_062_T-CLOCK
 70
0
 62
157
  6
Continuous
370
15
390
13
347
21
  0
LAYER
  5
74
330
1
100
AcDbSymbolTableRecord
100
AcDbLayerTableRecord
  2
D_063_T-ANNO-TEXT
 70
0
 62
168
  6
Continuous
370
15
390
13
347
21
  0
LAYER
  5
75
330
1
100
AcDbSymbolTableRecord
100
AcDbLayerTableRecord
  2
D_064_M-HVAC-DUCT
 70
0
 62
179
  6
Continuous
370
35
390
13
347
21
  0
LAYER
  5
76
330
1
100
AcDbSymbolTableRecord
100
AcDbLayerTableRecord
  2
D_065_M-HVAC-DUCT-HID
 70
0
 62
190
  6
Hidden
370
25
390
13
347
21
  0
LAYER
  5
77
330
1
100
AcDbSymbolTableRecord
100
AcDbLayerTableRecord
  2
D_066_M-HVAC-DIFF
 70
0
 62
201
  6
Continuous
370
15
390
13
347
21
  0
LAYER
  5
78
330
1
100
AcDbSymbolTableRecord
100
AcDbLayerTableRecord
  2
D_067_M-HVAC-GRILL
 70
0
 62
212
  6
Continuous
370
15
390
13
347
21
  0
LAYER
  5
79
330
1
100
AcDbSymbolTableRecord
100
AcDbLayerTableRecord
  2
D_068_M-HVAC-EQPM
 70
0
 62
223
  6
Continuous
370
35
390
13
347
21
  0
LAYER
  5
7A
330
1
100
AcDbSymbolTableRecord
100
AcDbLayerTableRecord
  2
D_069_M-HVAC-FCU
 70
0
 62
234
  6
Continuous
370
25
390
13
347
21
  0
LAYER
  5
7B
330
1
100
AcDbSymbolTableRecord
100
AcDbLayerTableRecord
  2
D_070_M-HVAC-VAV
 70
0
 62
245
  6
Continuous
370
25
390
13
347
21
  0
LAYER
  5
7C
330
1
100
AcDbSymbolTableRecord
100
AcDbLayerTableRecord
  2
D_071_M-PIPE-SUP
 70
0
 62
4
  6
Continuous
370
25
390
13
347
21
  0
LAYER
  5
7D
330
1
100
AcDbSymbolTableRecord
100
AcDbLayerTableRecord
  2
D_072_M-PIPE-RET
 70
0
 62
15
  6
Dashed
370
25
390
13
347
21
  0
LAYER
  5
7E
330
1
100
AcDbSymbolTableRecord
100
AcDbLayerTableRecord
  2
D_073_M-PIPE-COND
 70
0
 62
26
  6
Dashed
370
15
390
13
347
21
  0
LAYER
  5
7F
330
1
100
AcDbSymbolTableRecord
100
AcDbLayerTableRecord
  2
D_074_M-PIPE-INSU
 70
0
 62
37
  6
Dashed
370
15
390
13
347
21
  0
LAYER
  5
80
330
1
100
AcDbSymbolTableRecord
100
AcDbLayerTableRecord
  2
D_075_M-ANNO-DIMS
 70
0
 62
48
  6
Continuous
370
15
390
13
347
21
  0
LAYER
  5
81
330
1
100
AcDbSymbolTableRecord
100
AcDbLayerTableRecord
  2
D_076_M-ANNO-TEXT
 70
0
 62
59
  6
Continuous
370
15
390
13
347
21
  0
LAYER
  5
82
330
1
100
AcDbSymbolTableRecord
100
AcDbLayerTableRecord
  2
D_077_P-WATR-SUP
 70
0
 62
70
  6
Continuous
370
35
390
13
347
21
  0
LAYER
  5
83
330
1
100
AcDbSymbolTableRecord
100
AcDbLayerTableRecord
  2
D_078_P-WATR-HOT
 70
0
 62
81
  6
Dashed
370
30
390
13
347
21
  0
LAYER
  5
84
330
1
100
AcDbSymbolTableRecord
100
AcDbLayerTableRecord
  2
D_079_P-WATR-RET
 70
0
 62
92
  6
Dashed
370
25
390
13
347
21
  0
LAYER
  5
85
330
1
100
AcDbSymbolTableRecord
100
AcDbLayerTableRecord
  2
D_080_P-DRAIN-SAN
 70
0
 62
103
  6
Continuous
370
35
390
13
347
21
  0
LAYER
  5
86
330
1
100
AcDbSymbolTableRecord
100
AcDbLayerTableRecord
  2
D_081_P-DRAIN-STM
 70
0
 62
114
  6
Dashed
370
25
390
13
347
21
  0
LAYER
  5
87
330
1
100
AcDbSymbolTableRecord
100
AcDbLayerTableRecord
  2
D_082_P-DRAIN-VENT
 70
0
 62
125
  6
Dashed
370
15
390
13
347
21
  0
LAYER
  5
88
330
1
100
AcDbSymbolTableRecord
100
AcDbLayerTableRecord
  2
D_083_P-FIXT
 70
0
 62
136
  6
Continuous
370
25
390
13
347
21
  0
LAYER
  5
89
330
1
100
AcDbSymbolTableRecord
100
AcDbLayerTableRecord
  2
D_084_P-FIXT-BATH
 70
0
 62
147
  6
Continuous
370
25
390
13
347
21
  0
LAYER
  5
8A
330
1
100
AcDbSymbolTableRecord
100
AcDbLayerTableRecord
  2
D_085_P-FIXT-SINK
 70
0
 62
158
  6
Continuous
370
25
390
13
347
21
  0
LAYER
  5
8B
330
1
100
AcDbSymbolTableRecord
100
AcDbLayerTableRecord
  2
D_086_P-FIXT-WC
 70
0
 62
169
  6
Continuous
370
25
390
13
347
21
  0
LAYER
  5
8C
330
1
100
AcDbSymbolTableRecord
100
AcDbLayerTableRecord
  2
D_087_P-FIXT-URIN
 70
0
 62
180
  6
Continuous
370
25
390
13
347
21
  0
LAYER
  5
8D
330
1
100
AcDbSymbolTableRecord
100
AcDbLayerTableRecord
  2
D_088_P-EQPM-PUMP
 70
0
 62
191
  6
Continuous
370
25
390
13
347
21
  0
LAYER
  5
8E
330
1
100
AcDbSymbolTableRecord
100
AcDbLayerTableRecord
  2
D_089_P-EQPM-TANK
 70
0
 62
202
  6
Continuous
370
25
390
13
347
21
  0
LAYER
  5
8F
330
1
100
AcDbSymbolTableRecord
100
AcDbLayerTableRecord
  2
D_090_P-ANNO-DIMS
 70
0
 62
213
  6
Continuous
370
15
390
13
347
21
  0
LAYER
  5
90
330
1
100
AcDbSymbolTableRecord
100
AcDbLayerTableRecord
  2
D_091_P-ANNO-TEXT
 70
0
 62
224
  6
Continuous
370
15
390
13
347
21
  0
LAYER
  5
91
330
1
100
AcDbSymbolTableRecord
100
AcDbLayerTableRecord
  2
D_092_F-ALARM
 70
0
 62
235
  6
Continuous
370
25
390
13
347
21
  0
LAYER
  5
92
330
1
100
AcDbSymbolTableRecord
100
AcDbLayerTableRecord
  2
D_093_F-ALARM-DET
 70
0
 62
246
  6
Continuous
370
15
390
13
347
21
  0
LAYER
  5
93
330
1
100
AcDbSymbolTableRecord
100
AcDbLayerTableRecord
  2
D_094_F-ALARM-PULL
 70
0
 62
5
  6
Continuous
370
15
390
13
347
21
  0
LAYER
  5
94
330
1
100
AcDbSymbolTableRecord
100
AcDbLayerTableRecord
  2
D_095_F-ALARM-HORN
 70
0
 62
16
  6
Continuous
370
15
390
13
347
21
  0
LAYER
  5
95
330
1
100
AcDbSymbolTableRecord
100
AcDbLayerTableRecord
  2
D_096_F-SPRINK
 70
0
 62
27
  6
Continuous
370
25
390
13
347
21
  0
LAYER
  5
96
330
1
100
AcDbSymbolTableRecord
100
AcDbLayerTableRecord
  2
D_097_F-SPRINK-HEAD
 70
0
 62
38
  6
Continuous
370
15
390
13
347
21
  0
LAYER
  5
97
330
1
100
AcDbSymbolTableRecord
100
AcDbLayerTableRecord
  2
D_098_F-SPRINK-PIPE
 70
0
 62
49
  6
Continuous
370
30
390
13
347
21
  0
LAYER
  5
98
330
1
100
AcDbSymbolTableRecord
100
AcDbLayerTableRecord
  2
D_099_F-HYDR
 70
0
 62
60
  6
Continuous
370
25
390
13
347
21
  0
LAYER
  5
99
330
1
100
AcDbSymbolTableRecord
100
AcDbLayerTableRecord
  2
D_100_F-HYDR-HOSE
 70
0
 62
71
  6
Continuous
370
15
390
13
347
21
  0
LAYER
  5
9A
330
1
100
AcDbSymbolTableRecord
100
AcDbLayerTableRecord
  2
D_101_F-EXTING
 70
0
 62
82
  6
Continuous
370
15
390
13
347
21
  0
LAYER
  5
9B
330
1
100
AcDbSymbolTableRecord
100
AcDbLayerTableRecord
  2
D_102_F-SMOKE
 70
0
 62
93
  6
Dashed
370
15
390
13
347
21
  0
LAYER
  5
9C
330
1
100
AcDbSymbolTableRecord
100
AcDbLayerTableRecord
  2
D_103_F-SMOKE-DAMP
 70
0
 62
104
  6
Dashed
370
15
390
13
347
21
  0
LAYER
  5
9D
330
1
100
AcDbSymbolTableRecord
100
AcDbLayerTableRecord
  2
D_104_F-PUMP
 70
0
 62
115
  6
Continuous
370
25
390
13
347
21
  0
LAYER
  5
9E
330
1
100
AcDbSymbolTableRecord
100
AcDbLayerTableRecord
  2
D_105_F-CONTROL
 70
0
 62
126
  6
Continuous
370
15
390
13
347
21
  0
LAYER
  5
9F
330
1
100
AcDbSymbolTableRecord
100
AcDbLayerTableRecord
  2
D_106_F-ANNO-TEXT
 70
0
 62
137
  6
Continuous
370
15
390
13
347
21
  0
LAYER
  5
A0
330
1
100
AcDbSymbolTableRecord
100
AcDbLayerTableRecord
  2
D_107_L-SITE-BNDRY
 70
0
 62
148
  6
Continuous
370
50
390
13
347
21
  0
LAYER
  5
A1
330
1
100
AcDbSymbolTableRecord
100
AcDbLayerTableRecord
  2
D_108_L-SITE-GRAD
 70
0
 62
159
  6
Continuous
370
25
390
13
347
21
  0
LAYER
  5
A2
330
1
100
AcDbSymbolTableRecord
100
AcDbLayerTableRecord
  2
D_109_L-SITE-EXST
 70
0
 62
170
  6
Dashed
370
25
390
13
347
21
  0
LAYER
  5
A3
330
1
100
AcDbSymbolTableRecord
100
AcDbLayerTableRecord
  2
D_110_L-PATH-HARD
 70
0
 62
181
  6
Continuous
370
35
390
13
347
21
  0
LAYER
  5
A4
330
1
100
AcDbSymbolTableRecord
100
AcDbLayerTableRecord
  2
D_111_L-PATH-SOFT
 70
0
 62
192
  6
Dashed
370
25
390
13
347
21
  0
LAYER
  5
A5
330
1
100
AcDbSymbolTableRecord
100
AcDbLayerTableRecord
  2
D_112_L-HARD-DECK
 70
0
 62
203
  6
Continuous
370
35
390
13
347
21
  0
LAYER
  5
A6
330
1
100
AcDbSymbolTableRecord
100
AcDbLayerTableRecord
  2
D_113_L-HARD-RETAIN
 70
0
 62
214
  6
Continuous
370
35
390
13
347
21
  0
LAYER
  5
A7
330
1
100
AcDbSymbolTableRecord
100
AcDbLayerTableRecord
  2
D_114_L-PLNT-TREE
 70
0
 62
225
  6
Continuous
370
25
390
13
347
21
  0
LAYER
  5
A8
330
1
100
AcDbSymbolTableRecord
100
AcDbLayerTableRecord
  2
D_115_L-PLNT-SHRB
 70
0
 62
236
  6
Continuous
370
15
390
13
347
21
  0
LAYER
  5
A9
330
1
100
AcDbSymbolTableRecord
100
AcDbLayerTableRecord
  2
D_116_L-PLNT-GRND
 70
0
 62
247
  6
Dashed
370
15
390
13
347
21
  0
LAYER
  5
AA
330
1
100
AcDbSymbolTableRecord
100
AcDbLayerTableRecord
  2
D_117_L-PLNT-SPEC
 70
0
 62
6
  6
Continuous
370
15
390
13
347
21
  0
LAYER
  5
AB
330
1
100
AcDbSymbolTableRecord
100
AcDbLayerTableRecord
  2
D_118_L-PLNT-POT
 70
0
 62
17
  6
Continuous
370
25
390
13
347
21
  0
LAYER
  5
AC
330
1
100
AcDbSymbolTableRecord
100
AcDbLayerTableRecord
  2
D_119_L-WATR-POND
 70
0
 62
28
  6
Continuous
370
35
390
13
347
21
  0
LAYER
  5
AD
330
1
100
AcDbSymbolTableRecord
100
AcDbLayerTableRecord
  2
D_120_L-WATR-DRYF
 70
0
 62
39
  6
Phantom
370
25
390
13
347
21
  0
LAYER
  5
AE
330
1
100
AcDbSymbolTableRecord
100
AcDbLayerTableRecord
  2
D_121_L-WATR-FOUN
 70
0
 62
50
  6
Continuous
370
15
390
13
347
21
  0
LAYER
  5
AF
330
1
100
AcDbSymbolTableRecord
100
AcDbLayerTableRecord
  2
D_122_L-FURN-SEAT
 70
0
 62
61
  6
Continuous
370
25
390
13
347
21
  0
LAYER
  5
B0
330
1
100
AcDbSymbolTableRecord
100
AcDbLayerTableRecord
  2
D_123_L-FURN-TABLE
 70
0
 62
72
  6
Continuous
370
25
390
13
347
21
  0
LAYER
  5
B1
330
1
100
AcDbSymbolTableRecord
100
AcDbLayerTableRecord
  2
D_124_L-FURN-WASTE
 70
0
 62
83
  6
Continuous
370
25
390
13
347
21
  0
LAYER
  5
B2
330
1
100
AcDbSymbolTableRecord
100
AcDbLayerTableRecord
  2
D_125_L-EQPM-DRINK
 70
0
 62
94
  6
Continuous
370
25
390
13
347
21
  0
LAYER
  5
B3
330
1
100
AcDbSymbolTableRecord
100
AcDbLayerTableRecord
  2
D_126_L-EQPM-LIGHT
 70
0
 62
105
  6
Continuous
370
15
390
13
347
21
  0
LAYER
  5
B4
330
1
100
AcDbSymbolTableRecord
100
AcDbLayerTableRecord
  2
D_127_L-STRC-PERG
 70
0
 62
116
  6
Continuous
370
35
390
13
347
21
  0
LAYER
  5
B5
330
1
100
AcDbSymbolTableRecord
100
AcDbLayerTableRecord
  2
D_128_L-ANNO-DIMS
 70
0
 62
127
  6
Continuous
370
15
390
13
347
21
  0
LAYER
  5
B6
330
1
100
AcDbSymbolTableRecord
100
AcDbLayerTableRecord
  2
D_129_L-ANNO-TEXT
 70
0
 62
138
  6
Continuous
370
15
390
13
347
21
  0
LAYER
  5
B7
330
1
100
AcDbSymbolTableRecord
100
AcDbLayerTableRecord
  2
D_130_I-WALL-EXTR
 70
0
 62
149
  6
Continuous
370
35
390
13
347
21
  0
LAYER
  5
B8
330
1
100
AcDbSymbolTableRecord
100
AcDbLayerTableRecord
  2
D_131_I-WALL-INTR
 70
0
 62
160
  6
Continuous
370
25
390
13
347
21
  0
LAYER
  5
B9
330
1
100
AcDbSymbolTableRecord
100
AcDbLayerTableRecord
  2
D_132_I-WALL-FURN
 70
0
 62
171
  6
Dashed
370
15
390
13
347
21
  0
LAYER
  5
BA
330
1
100
AcDbSymbolTableRecord
100
AcDbLayerTableRecord
  2
D_133_I-FLOR-FINSH
 70
0
 62
182
  6
Dashed
370
25
390
13
347
21
  0
LAYER
  5
BB
330
1
100
AcDbSymbolTableRecord
100
AcDbLayerTableRecord
  2
D_134_I-FLOR-PATT
 70
0
 62
193
  6
Continuous
370
15
390
13
347
21
  0
LAYER
  5
BC
330
1
100
AcDbSymbolTableRecord
100
AcDbLayerTableRecord
  2
D_135_I-CLNG-FINSH
 70
0
 62
204
  6
Dashed
370
25
390
13
347
21
  0
LAYER
  5
BD
330
1
100
AcDbSymbolTableRecord
100
AcDbLayerTableRecord
  2
D_136_I-CLNG-GRID
 70
0
 62
215
  6
Center
370
15
390
13
347
21
  0
LAYER
  5
BE
330
1
100
AcDbSymbolTableRecord
100
AcDbLayerTableRecord
  2
D_137_I-WALL-FINSH
 70
0
 62
226
  6
Continuous
370
25
390
13
347
21
  0
LAYER
  5
BF
330
1
100
AcDbSymbolTableRecord
100
AcDbLayerTableRecord
  2
D_138_I-FURN-CASE
 70
0
 62
237
  6
Continuous
370
25
390
13
347
21
  0
LAYER
  5
C0
330
1
100
AcDbSymbolTableRecord
100
AcDbLayerTableRecord
  2
D_139_I-FURN-FREE
 70
0
 62
248
  6
Continuous
370
25
390
13
347
21
  0
LAYER
  5
C1
330
1
100
AcDbSymbolTableRecord
100
AcDbLayerTableRecord
  2
D_140_I-FURN-SEAT
 70
0
 62
7
  6
Continuous
370
15
390
13
347
21
  0
LAYER
  5
C2
330
1
100
AcDbSymbolTableRecord
100
AcDbLayerTableRecord
  2
D_141_I-FURN-BED
 70
0
 62
18
  6
Continuous
370
15
390
13
347
21
  0
LAYER
  5
C3
330
1
100
AcDbSymbolTableRecord
100
AcDbLayerTableRecord
  2
D_142_I-FURN-DESK
 70
0
 62
29
  6
Continuous
370
15
390
13
347
21
  0
LAYER
  5
C4
330
1
100
AcDbSymbolTableRecord
100
AcDbLayerTableRecord
  2
D_143_I-FIXT
 70
0
 62
40
  6
Continuous
370
25
390
13
347
21
  0
LAYER
  5
C5
330
1
100
AcDbSymbolTableRecord
100
AcDbLayerTableRecord
  2
D_144_I-EQPM
 70
0
 62
51
  6
Continuous
370
25
390
13
347
21
  0
LAYER
  5
C6
330
1
100
AcDbSymbolTableRecord
100
AcDbLayerTableRecord
  2
D_145_I-ANNO-DIMS
 70
0
 62
62
  6
Continuous
370
15
390
13
347
21
  0
LAYER
  5
C7
330
1
100
AcDbSymbolTableRecord
100
AcDbLayerTableRecord
  2
D_146_I-ANNO-TEXT
 70
0
 62
73
  6
Continuous
370
15
390
13
347
21
  0
LAYER
  5
C8
330
1
100
AcDbSymbolTableRecord
100
AcDbLayerTableRecord
  2
D_147_I-ANNO-LEAD
 70
0
 62
84
  6
Continuous
370
15
390
13
347
21
  0
LAYER
  5
C9
330
1
100
AcDbSymbolTableRecord
100
AcDbLayerTableRecord
  2
D_148_I-ANNO-MATC
 70
0
 62
95
  6
Continuous
370
15
390
13
347
21
  0
LAYER
  5
CA
330
1
100
AcDbSymbolTableRecord
100
AcDbLayerTableRecord
  2
D_149_G-ANNO-TEXT
 70
0
 62
106
  6
Continuous
370
15
390
13
347
21
  0
LAYER
  5
CB
330
1
100
AcDbSymbolTableRecord
100
AcDbLayerTableRecord
  2
D_150_G-ANNO-DIMS
 70
0
 62
117
  6
Continuous
370
15
390
13
347
21
  0
LAYER
  5
CC
330
1
100
AcDbSymbolTableRecord
100
AcDbLayerTableRecord
  2
D_151_G-ANNO-LEAD
 70
0
 62
128
  6
Continuous
370
15
390
13
347
21
  0
LAYER
  5
CD
330
1
100
AcDbSymbolTableRecord
100
AcDbLayerTableRecord
  2
D_152_G-ANNO-IDEN
 70
0
 62
139
  6
Continuous
370
15
390
13
347
21
  0
LAYER
  5
CE
330
1
100
AcDbSymbolTableRecord
100
AcDbLayerTableRecord
  2
D_153_G-ANNO-HATC
 70
0
 62
150
  6
Continuous
370
15
390
13
347
21
  0
LAYER
  5
CF
330
1
100
AcDbSymbolTableRecord
100
AcDbLayerTableRecord
  2
D_154_G-GRID
 70
0
 62
161
  6
Center
370
15
390
13
347
21
  0
LAYER
  5
D0
330
1
100
AcDbSymbolTableRecord
100
AcDbLayerTableRecord
  2
D_155_G-REVISION
 70
0
 62
172
  6
Phantom
370
25
390
13
347
21
  0
LAYER
  5
D1
330
1
100
AcDbSymbolTableRecord
100
AcDbLayerTableRecord
  2
D_156_G-TTLB
 70
0
 62
183
  6
Continuous
370
15
390
13
347
21
  0
LAYER
  5
D2
330
1
100
AcDbSymbolTableRecord
100
AcDbLayerTableRecord
  2
D_157_G-DEFPTS
 70
0
 62
194
  6
Dashed
370
15
390
13
347
21
  0
LAYER
  5
D3
330
1
100
AcDbSymbolTableRecord
100
AcDbLayerTableRecord
  2
D_158_X-AI-IN
 70
0
 62
205
  6
Continuous
370
15
390
13
347
21
  0
LAYER
  5
D4
330
1
100
AcDbSymbolTableRecord
100
AcDbLayerTableRecord
  2
D_159_X-AI-OUT
 70
0
 62
216
  6
Continuous
370
15
390
13
347
21
  0
LAYER
  5
D5
330
1
100
AcDbSymbolTableRecord
100
AcDbLayerTableRecord
  2
D_160_X-TEMP
 70
0
 62
227
  6
Continuous
370
15
390
13
347
21
  0
LAYER
  5
D6
330
1
100
AcDbSymbolTableRecord
100
AcDbLayerTableRecord
  2
D_161_G-STD-KEEP
 70
0
 62
238
  6
Continuous
370
0
390
13
347
21
  0
ENDTAB
  0
TABLE
  2
STYLE
  5
5
330
0
100
AcDbSymbolTable
 70
3
  0
STYLE
  5
29
330
5
100
AcDbSymbolTableRecord
100
AcDbTextStyleTableRecord
  2
Standard
 70
0
 40
0.0
 41
0.85
 50
0.0
 71
0
 42
2.5
  3
hzs.shx
  4
hzfs.shx
  0
STYLE
  5
33
330
5
100
AcDbSymbolTableRecord
100
AcDbTextStyleTableRecord
  2
DesignMate
 70
0
 40
0.0
 41
0.85
 50
0.0
 71
0
 42
2.5
  3
hzs.shx
  4
gbcbig.shx
  0
STYLE
  5
34
330
5
100
AcDbSymbolTableRecord
100
AcDbTextStyleTableRecord
  2
DM_GroupTitle
 70
0
 40
0.0
 41
0.85
 50
0.0
 71
0
 42
2.5
  3
tgeng2.shx
  4
hzht.shx
  0
ENDTAB
  0
TABLE
  2
VIEW
  5
7
330
0
100
AcDbSymbolTable
 70
0
  0
ENDTAB
  0
TABLE
  2
UCS
  5
6
330
0
100
AcDbSymbolTable
 70
0
  0
ENDTAB
  0
TABLE
  2
APPID
  5
3
330
0
100
AcDbSymbolTable
 70
3
  0
APPID
  5
2A
330
3
100
AcDbSymbolTableRecord
100
AcDbRegAppTableRecord
  2
ACAD
 70
0
  0
APPID
  5
855
330
3
100
AcDbSymbolTableRecord
100
AcDbRegAppTableRecord
  2
HATCHBACKGROUNDCOLOR
 70
0
  0
APPID
  5
856
330
3
100
AcDbSymbolTableRecord
100
AcDbRegAppTableRecord
  2
EZDXF
 70
0
  0
ENDTAB
  0
TABLE
  2
DIMSTYLE
  5
4
330
0
100
AcDbSymbolTable
 70
1
100
AcDbDimStyleTable
  0
DIMSTYLE
105
2B
330
4
100
AcDbSymbolTableRecord
100
AcDbDimStyleTableRecord
  2
Standard
 70
0
 40
1.0
 41
2.5
 42
0.625
 43
3.75
 44
1.25
 45
0.0
 46
0.0
 47
0.0
 48
0.0
 49
2.5
140
2.5
141
2.5
142
0.0
143
0.03937007874
144
1.0
145
0.0
146
1.0
147
0.625
148
0.0
 69
0
 70
0
 71
0
 72
0
 73
0
 74
0
 75
0
 76
0
 77
1
 78
8
 79
3
170
0
171
3
172
1
173
0
174
0
175
0
176
0
177
0
178
0
179
2
271
2
272
2
273
2
274
3
275
0
276
0
277
2
278
44
279
0
280
0
281
0
282
0
283
0
284
8
285
0
286
0
288
0
289
3
290
0
371
-2
372
-2
  0
ENDTAB
  0
TABLE
  2
BLOCK_RECORD
  5
9
330
0
100
AcDbSymbolTable
 70
3
  0
BLOCK_RECORD
  5
17
330
9
100
AcDbSymbolTableRecord
100
AcDbBlockTableRecord
  2
*Model_Space
340
1A
 70
0
280
1
281
0
  0
BLOCK_RECORD
  5
1B
330
9
100
AcDbSymbolTableRecord
100
AcDbBlockTableRecord
  2
*Paper_Space
340
1E
 70
0
280
1
281
0
  0
BLOCK_RECORD
  5
D7
330
9
100
AcDbSymbolTableRecord
100
AcDbBlockTableRecord
  2
DesignMate_Table
340
0
 70
0
280
1
281
0
  0
ENDTAB
  0
ENDSEC
  0
SECTION
  2
BLOCKS
  0
BLOCK
  5
18
330
17
100
AcDbEntity
  8
0
100
AcDbBlockBegin
  2
*Model_Space
 70
0
 10
0.0
 20
0.0
 30
0.0
  3
*Model_Space
  1

  0
ENDBLK
  5
19
330
17
100
AcDbEntity
  8
0
100
AcDbBlockEnd
  0
BLOCK
  5
1C
330
1B
100
AcDbEntity
  8
0
100
AcDbBlockBegin
  2
*Paper_Space
 70
0
 10
0.0
 20
0.0
 30
0.0
  3
*Paper_Space
  1

  0
ENDBLK
  5
1D
330
1B
100
AcDbEntity
  8
0
100
AcDbBlockEnd
  0
BLOCK
  5
D8
330
D7
100
AcDbEntity
  8
0
100
AcDbBlockBegin
  2
DesignMate_Table
 70
0
 10
0.0
 20
0.0
 30
0.0
  3
DesignMate_Table
  1

  0
LWPOLYLINE
  5
DA
330
D7
100
AcDbEntity
  8
0
 62
250
100
AcDbPolyline
 90
4
 70
1
 10
0.0
 20
0.0
 10
291.0
 20
0.0
 10
291.0
 20
-16.0
 10
0.0
 20
-16.0
  0
LWPOLYLINE
  5
DB
330
D7
100
AcDbEntity
  8
0
 62
250
100
AcDbPolyline
 90
2
 70
0
 43
0.25
 10
0.0
 20
0.0
 10
291.0
 20
0.0
  0
MTEXT
  5
DC
330
D7
100
AcDbEntity
  8
0
 62
7
100
AcDbMText
 10
3.0
 20
-8.0
 30
0.0
 40
5.0
 71
5
  1
序号
  7
DesignMate
  0
MTEXT
  5
DD
330
D7
100
AcDbEntity
  8
0
 62
7
100
AcDbMText
 10
11.0
 20
-8.0
 30
0.0
 40
5.0
 71
4
  1
专业
  7
DesignMate
  0
MTEXT
  5
DE
330
D7
100
AcDbEntity
  8
0
 62
7
100
AcDbMText
 10
23.0
 20
-8.0
 30
0.0
 40
5.0
 71
4
  1
图层名
  7
DesignMate
  0
MTEXT
  5
DF
330
D7
100
AcDbEntity
  8
0
 62
7
100
AcDbMText
 10
95.0
 20
-8.0
 30
0.0
 40
5.0
 71
4
  1
图层说明
  7
DesignMate
  0
MTEXT
  5
E0
330
D7
100
AcDbEntity
  8
0
 62
7
100
AcDbMText
 10
165.0
 20
-8.0
 30
0.0
 40
5.0
 71
4
  1
色块
  7
DesignMate
  0
MTEXT
  5
E1
330
D7
100
AcDbEntity
  8
0
 62
7
100
AcDbMText
 10
178.0
 20
-8.0
 30
0.0
 40
5.0
 71
4
  1
ACI
  7
DesignMate
  0
MTEXT
  5
E2
330
D7
100
AcDbEntity
  8
0
 62
7
100
AcDbMText
 10
192.0
 20
-8.0
 30
0.0
 40
5.0
 71
4
  1
颜色
  7
DesignMate
  0
MTEXT
  5
E3
330
D7
100
AcDbEntity
  8
0
 62
7
100
AcDbMText
 10
220.0
 20
-8.0
 30
0.0
 40
5.0
 71
4
  1
线宽
  7
DesignMate
  0
MTEXT
  5
E4
330
D7
100
AcDbEntity
  8
0
 62
7
100
AcDbMText
 10
232.0
 20
-8.0
 30
0.0
 40
5.0
 71
4
  1
线型
  7
DesignMate
  0
MTEXT
  5
E5
330
D7
100
AcDbEntity
  8
0
 62
7
100
AcDbMText
 10
254.0
 20
-8.0
 30
0.0
 40
5.0
 71
4
  1
线条示意
  7
DesignMate
  0
LWPOLYLINE
  5
E6
330
D7
100
AcDbEntity
  8
0
 62
250
100
AcDbPolyline
 90
2
 70
0
 43
0.25
 10
0.0
 20
-16.0
 10
291.0
 20
-16.0
  0
LWPOLYLINE
  5
E7
330
D7
100
AcDbEntity
  8
0
 62
250
100
AcDbPolyline
 90
2
 70
0
 10
0.0
 20
-16.0
 10
0.0
 20
0.0
  0
LWPOLYLINE
  5
E8
330
D7
100
AcDbEntity
  8
0
 62
250
100
AcDbPolyline
 90
2
 70
0
 10
8.0
 20
-16.0
 10
8.0
 20
0.0
  0
LWPOLYLINE
  5
E9
330
D7
100
AcDbEntity
  8
0
 62
250
100
AcDbPolyline
 90
2
 70
0
 10
20.0
 20
-16.0
 10
20.0
 20
0.0
  0
LWPOLYLINE
  5
EA
330
D7
100
AcDbEntity
  8
0
 62
250
100
AcDbPolyline
 90
2
 70
0
 10
92.0
 20
-16.0
 10
92.0
 20
0.0
  0
LWPOLYLINE
  5
EB
330
D7
100
AcDbEntity
  8
0
 62
250
100
AcDbPolyline
 90
2
 70
0
 10
162.0
 20
-16.0
 10
162.0
 20
0.0
  0
LWPOLYLINE
  5
EC
330
D7
100
AcDbEntity
  8
0
 62
250
100
AcDbPolyline
 90
2
 70
0
 10
175.0
 20
-16.0
 10
175.0
 20
0.0
  0
LWPOLYLINE
  5
ED
330
D7
100
AcDbEntity
  8
0
 62
250
100
AcDbPolyline
 90
2
 70
0
 10
189.0
 20
-16.0
 10
189.0
 20
0.0
  0
LWPOLYLINE
  5
EE
330
D7
100
AcDbEntity
  8
0
 62
250
100
AcDbPolyline
 90
2
 70
0
 10
217.0
 20
-16.0
 10
217.0
 20
0.0
  0
LWPOLYLINE
  5
EF
330
D7
100
AcDbEntity
  8
0
 62
250
100
AcDbPolyline
 90
2
 70
0
 10
229.0
 20
-16.0
 10
229.0
 20
0.0
  0
LWPOLYLINE
  5
F0
330
D7
100
AcDbEntity
  8
0
 62
250
100
AcDbPolyline
 90
2
 70
0
 10
251.0
 20
-16.0
 10
251.0
 20
0.0
  0
LWPOLYLINE
  5
F1
330
D7
100
AcDbEntity
  8
0
 62
250
100
AcDbPolyline
 90
2
 70
0
 10
291.0
 20
-16.0
 10
291.0
 20
0.0
  0
SOLID
  5
F2
330
D7
100
AcDbEntity
  8
0
 62
206
100
AcDbTrace
 10
0.0
 20
-16.0
 30
0.0
 11
291.0
 21
-16.0
 31
0.0
 12
0.0
 22
-28.0
 32
0.0
 13
291.0
 23
-28.0
 33
0.0
  0
LWPOLYLINE
  5
F3
330
D7
100
AcDbEntity
  8
0
 62
250
100
AcDbPolyline
 90
2
 70
0
 43
0.25
 10
0.0
 20
-28.0
 10
291.0
 20
-28.0
  0
MTEXT
  5
F4
330
D7
100
AcDbEntity
  8
0
 62
7
100
AcDbMText
 10
12.0
 20
-22.0
 30
0.0
 40
5.6
 71
4
  1
A / 建筑 Architectural / 26 图层
  7
DM_GroupTitle
  0
MTEXT
  5
F5
330
D7
100
AcDbEntity
  8
0
 62
7
100
AcDbMText
 10
4.0
 20
-33.5
 30
0.0
 40
4.0
 71
5
  1
1
  7
DesignMate
  0
MTEXT
  5
F6
330
D7
100
AcDbEntity
  8
0
 62
7
100
AcDbMText
 10
14.0
 20
-33.5
 30
0.0
 40
4.0
 71
5
  1
A
  7
DesignMate
  0
MTEXT
  5
F7
330
D7
100
AcDbEntity
  8
0
 62
7
100
AcDbMText
 10
21.0
 20
-33.5
 30
0.0
 40
4.0
 41
70.0
 71
4
  1
D_001_A-WALL-EXTR
  7
DesignMate
  0
MTEXT
  5
F8
330
D7
100
AcDbEntity
  8
0
 62
7
100
AcDbMText
 10
93.0
 20
-33.5
 30
0.0
 40
4.0
 41
68.0
 71
4
  1
建筑外墙 — 外围护结构轮廓线
  7
DesignMate
  0
SOLID
  5
F9
330
D7
100
AcDbEntity
  8
0
 62
2
100
AcDbTrace
 10
163.0
 20
-30.0
 30
0.0
 11
173.0
 21
-30.0
 31
0.0
 12
163.0
 22
-37.0
 32
0.0
 13
173.0
 23
-37.0
 33
0.0
  0
MTEXT
  5
FA
330
D7
100
AcDbEntity
  8
0
 62
7
100
AcDbMText
 10
177.0
 20
-33.5
 30
0.0
 40
4.0
 71
4
  1
2
  7
DesignMate
  0
MTEXT
  5
FB
330
D7
100
AcDbEntity
  8
0
 62
7
100
AcDbMText
 10
190.0
 20
-33.5
 30
0.0
 40
4.0
 71
4
  1
黄
  7
DesignMate
  0
MTEXT
  5
FC
330
D7
100
AcDbEntity
  8
0
 62
7
100
AcDbMText
 10
218.0
 20
-33.5
 30
0.0
 40
4.0
 71
4
  1
0.50
  7
DesignMate
  0
MTEXT
  5
FD
330
D7
100
AcDbEntity
  8
0
 62
7
100
AcDbMText
 10
230.0
 20
-33.5
 30
0.0
 40
4.0
 71
4
  1
实线
  7
DesignMate
  0
LWPOLYLINE
  5
FE
330
D7
100
AcDbEntity
  8
D_001_A-WALL-EXTR
  6
Continuous
 62
2
100
AcDbPolyline
 90
2
 70
0
 43
0.5
 10
253.0
 20
-33.5
 10
289.0
 20
-33.5
  0
LWPOLYLINE
  5
FF
330
D7
100
AcDbEntity
  8
0
 62
250
100
AcDbPolyline
 90
2
 70
0
 10
0.0
 20
-39.0
 10
291.0
 20
-39.0
  0
LWPOLYLINE
  5
100
330
D7
100
AcDbEntity
  8
0
 62
9
100
AcDbPolyline
 90
4
 70
1
 10
0.0
 20
-39.0
 10
291.0
 20
-39.0
 10
291.0
 20
-50.0
 10
0.0
 20
-50.0
  0
MTEXT
  5
101
330
D7
100
AcDbEntity
  8
0
 62
7
100
AcDbMText
 10
4.0
 20
-44.5
 30
0.0
 40
4.0
 71
5
  1
2
  7
DesignMate
  0
MTEXT
  5
102
330
D7
100
AcDbEntity
  8
0
 62
7
100
AcDbMText
 10
14.0
 20
-44.5
 30
0.0
 40
4.0
 71
5
  1
A
  7
DesignMate
  0
MTEXT
  5
103
330
D7
100
AcDbEntity
  8
0
 62
7
100
AcDbMText
 10
21.0
 20
-44.5
 30
0.0
 40
4.0
 41
70.0
 71
4
  1
D_002_A-WALL-INTR
  7
DesignMate
  0
MTEXT
  5
104
330
D7
100
AcDbEntity
  8
0
 62
7
100
AcDbMText
 10
93.0
 20
-44.5
 30
0.0
 40
4.0
 41
68.0
 71
4
  1
建筑内墙 — 内部隔墙轮廓线
  7
DesignMate
  0
SOLID
  5
105
330
D7
100
AcDbEntity
  8
0
 62
1
100
AcDbTrace
 10
163.0
 20
-41.0
 30
0.0
 11
173.0
 21
-41.0
 31
0.0
 12
163.0
 22
-48.0
 32
0.0
 13
173.0
 23
-48.0
 33
0.0
  0
MTEXT
  5
106
330
D7
100
AcDbEntity
  8
0
 62
7
100
AcDbMText
 10
177.0
 20
-44.5
 30
0.0
 40
4.0
 71
4
  1
1
  7
DesignMate
  0
MTEXT
  5
107
330
D7
100
AcDbEntity
  8
0
 62
7
100
AcDbMText
 10
190.0
 20
-44.5
 30
0.0
 40
4.0
 71
4
  1
红
  7
DesignMate
  0
MTEXT
  5
108
330
D7
100
AcDbEntity
  8
0
 62
7
100
AcDbMText
 10
218.0
 20
-44.5
 30
0.0
 40
4.0
 71
4
  1
0.35
  7
DesignMate
  0
MTEXT
  5
109
330
D7
100
AcDbEntity
  8
0
 62
7
100
AcDbMText
 10
230.0
 20
-44.5
 30
0.0
 40
4.0
 71
4
  1
实线
  7
DesignMate
  0
LWPOLYLINE
  5
10A
330
D7
100
AcDbEntity
  8
D_002_A-WALL-INTR
  6
Continuous
 62
1
100
AcDbPolyline
 90
2
 70
0
 43
0.35
 10
253.0
 20
-44.5
 10
289.0
 20
-44.5
  0
LWPOLYLINE
  5
10B
330
D7
100
AcDbEntity
  8
0
 62
250
100
AcDbPolyline
 90
2
 70
0
 10
0.0
 20
-50.0
 10
291.0
 20
-50.0
  0
MTEXT
  5
10C
330
D7
100
AcDbEntity
  8
0
 62
7
100
AcDbMText
 10
4.0
 20
-55.5
 30
0.0
 40
4.0
 71
5
  1
3
  7
DesignMate
  0
MTEXT
  5
10D
330
D7
100
AcDbEntity
  8
0
 62
7
100
AcDbMText
 10
14.0
 20
-55.5
 30
0.0
 40
4.0
 71
5
  1
A
  7
DesignMate
  0
MTEXT
  5
10E
330
D7
100
AcDbEntity
  8
0
 62
7
100
AcDbMText
 10
21.0
 20
-55.5
 30
0.0
 40
4.0
 41
70.0
 71
4
  1
D_003_A-WALL-CORE
  7
DesignMate
  0
MTEXT
  5
10F
330
D7
100
AcDbEntity
  8
0
 62
7
100
AcDbMText
 10
93.0
 20
-55.5
 30
0.0
 40
4.0
 41
68.0
 71
4
  1
建筑核心筒墙体 — 电梯井/管井
  7
DesignMate
  0
SOLID
  5
110
330
D7
100
AcDbEntity
  8
0
 62
12
100
AcDbTrace
 10
163.0
 20
-52.0
 30
0.0
 11
173.0
 21
-52.0
 31
0.0
 12
163.0
 22
-59.0
 32
0.0
 13
173.0
 23
-59.0
 33
0.0
  0
MTEXT
  5
111
330
D7
100
AcDbEntity
  8
0
 62
7
100
AcDbMText
 10
177.0
 20
-55.5
 30
0.0
 40
4.0
 71
4
  1
12
  7
DesignMate
  0
MTEXT
  5
112
330
D7
100
AcDbEntity
  8
0
 62
7
100
AcDbMText
 10
190.0
 20
-55.5
 30
0.0
 40
4.0
 71
4
  1
红
  7
DesignMate
  0
MTEXT
  5
113
330
D7
100
AcDbEntity
  8
0
 62
7
100
AcDbMText
 10
218.0
 20
-55.5
 30
0.0
 40
4.0
 71
4
  1
0.50
  7
DesignMate
  0
MTEXT
  5
114
330
D7
100
AcDbEntity
  8
0
 62
7
100
AcDbMText
 10
230.0
 20
-55.5
 30
0.0
 40
4.0
 71
4
  1
实线
  7
DesignMate
  0
LWPOLYLINE
  5
115
330
D7
100
AcDbEntity
  8
D_003_A-WALL-CORE
  6
Continuous
 62
12
100
AcDbPolyline
 90
2
 70
0
 43
0.5
 10
253.0
 20
-55.5
 10
289.0
 20
-55.5
  0
LWPOLYLINE
  5
116
330
D7
100
AcDbEntity
  8
0
 62
250
100
AcDbPolyline
 90
2
 70
0
 10
0.0
 20
-61.0
 10
291.0
 20
-61.0
  0
LWPOLYLINE
  5
117
330
D7
100
AcDbEntity
  8
0
 62
9
100
AcDbPolyline
 90
4
 70
1
 10
0.0
 20
-61.0
 10
291.0
 20
-61.0
 10
291.0
 20
-72.0
 10
0.0
 20
-72.0
  0
MTEXT
  5
118
330
D7
100
AcDbEntity
  8
0
 62
7
100
AcDbMText
 10
4.0
 20
-66.5
 30
0.0
 40
4.0
 71
5
  1
4
  7
DesignMate
  0
MTEXT
  5
119
330
D7
100
AcDbEntity
  8
0
 62
7
100
AcDbMText
 10
14.0
 20
-66.5
 30
0.0
 40
4.0
 71
5
  1
A
  7
DesignMate
  0
MTEXT
  5
11A
330
D7
100
AcDbEntity
  8
0
 62
7
100
AcDbMText
 10
21.0
 20
-66.5
 30
0.0
 40
4.0
 41
70.0
 71
4
  1
D_004_A-WALL-PATT
  7
DesignMate
  0
MTEXT
  5
11B
330
D7
100
AcDbEntity
  8
0
 62
7
100
AcDbMText
 10
93.0
 20
-66.5
 30
0.0
 40
4.0
 41
68.0
 71
4
  1
墙体填充图案 — 剖面/详图填充
  7
DesignMate
  0
SOLID
  5
11C
330
D7
100
AcDbEntity
  8
0
 62
23
100
AcDbTrace
 10
163.0
 20
-63.0
 30
0.0
 11
173.0
 21
-63.0
 31
0.0
 12
163.0
 22
-70.0
 32
0.0
 13
173.0
 23
-70.0
 33
0.0
  0
MTEXT
  5
11D
330
D7
100
AcDbEntity
  8
0
 62
7
100
AcDbMText
 10
177.0
 20
-66.5
 30
0.0
 40
4.0
 71
4
  1
23
  7
DesignMate
  0
MTEXT
  5
11E
330
D7
100
AcDbEntity
  8
0
 62
7
100
AcDbMText
 10
190.0
 20
-66.5
 30
0.0
 40
4.0
 71
4
  1
红
  7
DesignMate
  0
MTEXT
  5
11F
330
D7
100
AcDbEntity
  8
0
 62
7
100
AcDbMText
 10
218.0
 20
-66.5
 30
0.0
 40
4.0
 71
4
  1
0.15
  7
DesignMate
  0
MTEXT
  5
120
330
D7
100
AcDbEntity
  8
0
 62
7
100
AcDbMText
 10
230.0
 20
-66.5
 30
0.0
 40
4.0
 71
4
  1
实线
  7
DesignMate
  0
LWPOLYLINE
  5
121
330
D7
100
AcDbEntity
  8
D_004_A-WALL-PATT
  6
Continuous
 62
23
100
AcDbPolyline
 90
2
 70
0
 43
0.15
 10
253.0
 20
-66.5
 10
289.0
 20
-66.5
  0
LWPOLYLINE
  5
122
330
D7
100
AcDbEntity
  8
0
 62
250
100
AcDbPolyline
 90
2
 70
0
 10
0.0
 20
-72.0
 10
291.0
 20
-72.0
  0
MTEXT
  5
123
330
D7
100
AcDbEntity
  8
0
 62
7
100
AcDbMText
 10
4.0
 20
-77.5
 30
0.0
 40
4.0
 71
5
  1
5
  7
DesignMate
  0
MTEXT
  5
124
330
D7
100
AcDbEntity
  8
0
 62
7
100
AcDbMText
 10
14.0
 20
-77.5
 30
0.0
 40
4.0
 71
5
  1
A
  7
DesignMate
  0
MTEXT
  5
125
330
D7
100
AcDbEntity
  8
0
 62
7
100
AcDbMText
 10
21.0
 20
-77.5
 30
0.0
 40
4.0
 41
70.0
 71
4
  1
D_005_A-COLUMN
  7
DesignMate
  0
MTEXT
  5
126
330
D7
100
AcDbEntity
  8
0
 62
7
100
AcDbMText
 10
93.0
 20
-77.5
 30
0.0
 40
4.0
 41
68.0
 71
4
  1
建筑柱 — 结构柱外包轮廓
  7
DesignMate
  0
SOLID
  5
127
330
D7
100
AcDbEntity
  8
0
 62
34
100
AcDbTrace
 10
163.0
 20
-74.0
 30
0.0
 11
173.0
 21
-74.0
 31
0.0
 12
163.0
 22
-81.0
 32
0.0
 13
173.0
 23
-81.0
 33
0.0
  0
MTEXT
  5
128
330
D7
100
AcDbEntity
  8
0
 62
7
100
AcDbMText
 10
177.0
 20
-77.5
 30
0.0
 40
4.0
 71
4
  1
34
  7
DesignMate
  0
MTEXT
  5
129
330
D7
100
AcDbEntity
  8
0
 62
7
100
AcDbMText
 10
190.0
 20
-77.5
 30
0.0
 40
4.0
 71
4
  1
橙红
  7
DesignMate
  0
MTEXT
  5
12A
330
D7
100
AcDbEntity
  8
0
 62
7
100
AcDbMText
 10
218.0
 20
-77.5
 30
0.0
 40
4.0
 71
4
  1
0.35
  7
DesignMate
  0
MTEXT
  5
12B
330
D7
100
AcDbEntity
  8
0
 62
7
100
AcDbMText
 10
230.0
 20
-77.5
 30
0.0
 40
4.0
 71
4
  1
实线
  7
DesignMate
  0
LWPOLYLINE
  5
12C
330
D7
100
AcDbEntity
  8
D_005_A-COLUMN
  6
Continuous
 62
34
100
AcDbPolyline
 90
2
 70
0
 43
0.35
 10
253.0
 20
-77.5
 10
289.0
 20
-77.5
  0
LWPOLYLINE
  5
12D
330
D7
100
AcDbEntity
  8
0
 62
250
100
AcDbPolyline
 90
2
 70
0
 10
0.0
 20
-83.0
 10
291.0
 20
-83.0
  0
LWPOLYLINE
  5
12E
330
D7
100
AcDbEntity
  8
0
 62
9
100
AcDbPolyline
 90
4
 70
1
 10
0.0
 20
-83.0
 10
291.0
 20
-83.0
 10
291.0
 20
-94.0
 10
0.0
 20
-94.0
  0
MTEXT
  5
12F
330
D7
100
AcDbEntity
  8
0
 62
7
100
AcDbMText
 10
4.0
 20
-88.5
 30
0.0
 40
4.0
 71
5
  1
6
  7
DesignMate
  0
MTEXT
  5
130
330
D7
100
AcDbEntity
  8
0
 62
7
100
AcDbMText
 10
14.0
 20
-88.5
 30
0.0
 40
4.0
 71
5
  1
A
  7
DesignMate
  0
MTEXT
  5
131
330
D7
100
AcDbEntity
  8
0
 62
7
100
AcDbMText
 10
21.0
 20
-88.5
 30
0.0
 40
4.0
 41
70.0
 71
4
  1
D_006_A-COLUMN-GRID
  7
DesignMate
  0
MTEXT
  5
132
330
D7
100
AcDbEntity
  8
0
 62
7
100
AcDbMText
 10
93.0
 20
-88.5
 30
0.0
 40
4.0
 41
68.0
 71
4
  1
建筑轴网 — 定位轴线
  7
DesignMate
  0
SOLID
  5
133
330
D7
100
AcDbEntity
  8
0
 62
45
100
AcDbTrace
 10
163.0
 20
-85.0
 30
0.0
 11
173.0
 21
-85.0
 31
0.0
 12
163.0
 22
-92.0
 32
0.0
 13
173.0
 23
-92.0
 33
0.0
  0
MTEXT
  5
134
330
D7
100
AcDbEntity
  8
0
 62
7
100
AcDbMText
 10
177.0
 20
-88.5
 30
0.0
 40
4.0
 71
4
  1
45
  7
DesignMate
  0
MTEXT
  5
135
330
D7
100
AcDbEntity
  8
0
 62
7
100
AcDbMText
 10
190.0
 20
-88.5
 30
0.0
 40
4.0
 71
4
  1
橙
  7
DesignMate
  0
MTEXT
  5
136
330
D7
100
AcDbEntity
  8
0
 62
7
100
AcDbMText
 10
218.0
 20
-88.5
 30
0.0
 40
4.0
 71
4
  1
0.25
  7
DesignMate
  0
MTEXT
  5
137
330
D7
100
AcDbEntity
  8
0
 62
7
100
AcDbMText
 10
230.0
 20
-88.5
 30
0.0
 40
4.0
 71
4
  1
中心线
  7
DesignMate
  0
LWPOLYLINE
  5
138
330
D7
100
AcDbEntity
  8
D_006_A-COLUMN-GRID
  6
Center
 62
45
100
AcDbPolyline
 90
2
 70
0
 43
0.25
 10
253.0
 20
-88.5
 10
289.0
 20
-88.5
  0
LWPOLYLINE
  5
139
330
D7
100
AcDbEntity
  8
0
 62
250
100
AcDbPolyline
 90
2
 70
0
 10
0.0
 20
-94.0
 10
291.0
 20
-94.0
  0
MTEXT
  5
13A
330
D7
100
AcDbEntity
  8
0
 62
7
100
AcDbMText
 10
4.0
 20
-99.5
 30
0.0
 40
4.0
 71
5
  1
7
  7
DesignMate
  0
MTEXT
  5
13B
330
D7
100
AcDbEntity
  8
0
 62
7
100
AcDbMText
 10
14.0
 20
-99.5
 30
0.0
 40
4.0
 71
5
  1
A
  7
DesignMate
  0
MTEXT
  5
13C
330
D7
100
AcDbEntity
  8
0
 62
7
100
AcDbMText
 10
21.0
 20
-99.5
 30
0.0
 40
4.0
 41
70.0
 71
4
  1
D_007_A-DOOR
  7
DesignMate
  0
MTEXT
  5
13D
330
D7
100
AcDbEntity
  8
0
 62
7
100
AcDbMText
 10
93.0
 20
-99.5
 30
0.0
 40
4.0
 41
68.0
 71
4
  1
建筑门 — 门扇及门框
  7
DesignMate
  0
SOLID
  5
13E
330
D7
100
AcDbEntity
  8
0
 62
56
100
AcDbTrace
 10
163.0
 20
-96.0
 30
0.0
 11
173.0
 21
-96.0
 31
0.0
 12
163.0
 22
-103.0
 32
0.0
 13
173.0
 23
-103.0
 33
0.0
  0
MTEXT
  5
13F
330
D7
100
AcDbEntity
  8
0
 62
7
100
AcDbMText
 10
177.0
 20
-99.5
 30
0.0
 40
4.0
 71
4
  1
56
  7
DesignMate
  0
MTEXT
  5
140
330
D7
100
AcDbEntity
  8
0
 62
7
100
AcDbMText
 10
190.0
 20
-99.5
 30
0.0
 40
4.0
 71
4
  1
深黄
  7
DesignMate
  0
MTEXT
  5
141
330
D7
100
AcDbEntity
  8
0
 62
7
100
AcDbMText
 10
218.0
 20
-99.5
 30
0.0
 40
4.0
 71
4
  1
0.25
  7
DesignMate
  0
MTEXT
  5
142
330
D7
100
AcDbEntity
  8
0
 62
7
100
AcDbMText
 10
230.0
 20
-99.5
 30
0.0
 40
4.0
 71
4
  1
实线
  7
DesignMate
  0
LWPOLYLINE
  5
143
330
D7
100
AcDbEntity
  8
D_007_A-DOOR
  6
Continuous
 62
56
100
AcDbPolyline
 90
2
 70
0
 43
0.25
 10
253.0
 20
-99.5
 10
289.0
 20
-99.5
  0
LWPOLYLINE
  5
144
330
D7
100
AcDbEntity
  8
0
 62
250
100
AcDbPolyline
 90
2
 70
0
 10
0.0
 20
-105.0
 10
291.0
 20
-105.0
  0
LWPOLYLINE
  5
145
330
D7
100
AcDbEntity
  8
0
 62
9
100
AcDbPolyline
 90
4
 70
1
 10
0.0
 20
-105.0
 10
291.0
 20
-105.0
 10
291.0
 20
-116.0
 10
0.0
 20
-116.0
  0
MTEXT
  5
146
330
D7
100
AcDbEntity
  8
0
 62
7
100
AcDbMText
 10
4.0
 20
-110.5
 30
0.0
 40
4.0
 71
5
  1
8
  7
DesignMate
  0
MTEXT
  5
147
330
D7
100
AcDbEntity
  8
0
 62
7
100
AcDbMText
 10
14.0
 20
-110.5
 30
0.0
 40
4.0
 71
5
  1
A
  7
DesignMate
  0
MTEXT
  5
148
330
D7
100
AcDbEntity
  8
0
 62
7
100
AcDbMText
 10
21.0
 20
-110.5
 30
0.0
 40
4.0
 41
70.0
 71
4
  1
D_008_A-DOOR-SWING
  7
DesignMate
  0
MTEXT
  5
149
330
D7
100
AcDbEntity
  8
0
 62
7
100
AcDbMText
 10
93.0
 20
-110.5
 30
0.0
 40
4.0
 41
68.0
 71
4
  1
门扇开启线 — 虚线示意开启方向
  7
DesignMate
  0
SOLID
  5
14A
330
D7
100
AcDbEntity
  8
0
 62
67
100
AcDbTrace
 10
163.0
 20
-107.0
 30
0.0
 11
173.0
 21
-107.0
 31
0.0
 12
163.0
 22
-114.0
 32
0.0
 13
173.0
 23
-114.0
 33
0.0
  0
MTEXT
  5
14B
330
D7
100
AcDbEntity
  8
0
 62
7
100
AcDbMText
 10
177.0
 20
-110.5
 30
0.0
 40
4.0
 71
4
  1
67
  7
DesignMate
  0
MTEXT
  5
14C
330
D7
100
AcDbEntity
  8
0
 62
7
100
AcDbMText
 10
190.0
 20
-110.5
 30
0.0
 40
4.0
 71
4
  1
深黄绿
  7
DesignMate
  0
MTEXT
  5
14D
330
D7
100
AcDbEntity
  8
0
 62
7
100
AcDbMText
 10
218.0
 20
-110.5
 30
0.0
 40
4.0
 71
4
  1
0.15
  7
DesignMate
  0
MTEXT
  5
14E
330
D7
100
AcDbEntity
  8
0
 62
7
100
AcDbMText
 10
230.0
 20
-110.5
 30
0.0
 40
4.0
 71
4
  1
虚线
  7
DesignMate
  0
LWPOLYLINE
  5
14F
330
D7
100
AcDbEntity
  8
D_008_A-DOOR-SWING
  6
Dashed
 62
67
100
AcDbPolyline
 90
2
 70
0
 43
0.15
 10
253.0
 20
-110.5
 10
289.0
 20
-110.5
  0
LWPOLYLINE
  5
150
330
D7
100
AcDbEntity
  8
0
 62
250
100
AcDbPolyline
 90
2
 70
0
 10
0.0
 20
-116.0
 10
291.0
 20
-116.0
  0
MTEXT
  5
151
330
D7
100
AcDbEntity
  8
0
 62
7
100
AcDbMText
 10
4.0
 20
-121.5
 30
0.0
 40
4.0
 71
5
  1
9
  7
DesignMate
  0
MTEXT
  5
152
330
D7
100
AcDbEntity
  8
0
 62
7
100
AcDbMText
 10
14.0
 20
-121.5
 30
0.0
 40
4.0
 71
5
  1
A
  7
DesignMate
  0
MTEXT
  5
153
330
D7
100
AcDbEntity
  8
0
 62
7
100
AcDbMText
 10
21.0
 20
-121.5
 30
0.0
 40
4.0
 41
70.0
 71
4
  1
D_009_A-GLAZ
  7
DesignMate
  0
MTEXT
  5
154
330
D7
100
AcDbEntity
  8
0
 62
7
100
AcDbMText
 10
93.0
 20
-121.5
 30
0.0
 40
4.0
 41
68.0
 71
4
  1
建筑玻璃/幕墙 — 窗及玻璃幕墙
  7
DesignMate
  0
SOLID
  5
155
330
D7
100
AcDbEntity
  8
0
 62
78
100
AcDbTrace
 10
163.0
 20
-118.0
 30
0.0
 11
173.0
 21
-118.0
 31
0.0
 12
163.0
 22
-125.0
 32
0.0
 13
173.0
 23
-125.0
 33
0.0
  0
MTEXT
  5
156
330
D7
100
AcDbEntity
  8
0
 62
7
100
AcDbMText
 10
177.0
 20
-121.5
 30
0.0
 40
4.0
 71
4
  1
78
  7
DesignMate
  0
MTEXT
  5
157
330
D7
100
AcDbEntity
  8
0
 62
7
100
AcDbMText
 10
190.0
 20
-121.5
 30
0.0
 40
4.0
 71
4
  1
暗黄绿
  7
DesignMate
  0
MTEXT
  5
158
330
D7
100
AcDbEntity
  8
0
 62
7
100
AcDbMText
 10
218.0
 20
-121.5
 30
0.0
 40
4.0
 71
4
  1
0.25
  7
DesignMate
  0
MTEXT
  5
159
330
D7
100
AcDbEntity
  8
0
 62
7
100
AcDbMText
 10
230.0
 20
-121.5
 30
0.0
 40
4.0
 71
4
  1
实线
  7
DesignMate
  0
LWPOLYLINE
  5
15A
330
D7
100
AcDbEntity
  8
D_009_A-GLAZ
  6
Continuous
 62
78
100
AcDbPolyline
 90
2
 70
0
 43
0.25
 10
253.0
 20
-121.5
 10
289.0
 20
-121.5
  0
LWPOLYLINE
  5
15B
330
D7
100
AcDbEntity
  8
0
 62
250
100
AcDbPolyline
 90
2
 70
0
 10
0.0
 20
-127.0
 10
291.0
 20
-127.0
  0
LWPOLYLINE
  5
15C
330
D7
100
AcDbEntity
  8
0
 62
9
100
AcDbPolyline
 90
4
 70
1
 10
0.0
 20
-127.0
 10
291.0
 20
-127.0
 10
291.0
 20
-138.0
 10
0.0
 20
-138.0
  0
MTEXT
  5
15D
330
D7
100
AcDbEntity
  8
0
 62
7
100
AcDbMText
 10
4.0
 20
-132.5
 30
0.0
 40
4.0
 71
5
  1
10
  7
DesignMate
  0
MTEXT
  5
15E
330
D7
100
AcDbEntity
  8
0
 62
7
100
AcDbMText
 10
14.0
 20
-132.5
 30
0.0
 40
4.0
 71
5
  1
A
  7
DesignMate
  0
MTEXT
  5
15F
330
D7
100
AcDbEntity
  8
0
 62
7
100
AcDbMText
 10
21.0
 20
-132.5
 30
0.0
 40
4.0
 41
70.0
 71
4
  1
D_010_A-GLAZ-SILL
  7
DesignMate
  0
MTEXT
  5
160
330
D7
100
AcDbEntity
  8
0
 62
7
100
AcDbMText
 10
93.0
 20
-132.5
 30
0.0
 40
4.0
 41
68.0
 71
4
  1
窗台线 — 窗台投影线
  7
DesignMate
  0
SOLID
  5
161
330
D7
100
AcDbEntity
  8
0
 62
89
100
AcDbTrace
 10
163.0
 20
-129.0
 30
0.0
 11
173.0
 21
-129.0
 31
0.0
 12
163.0
 22
-136.0
 32
0.0
 13
173.0
 23
-136.0
 33
0.0
  0
MTEXT
  5
162
330
D7
100
AcDbEntity
  8
0
 62
7
100
AcDbMText
 10
177.0
 20
-132.5
 30
0.0
 40
4.0
 71
4
  1
89
  7
DesignMate
  0
MTEXT
  5
163
330
D7
100
AcDbEntity
  8
0
 62
7
100
AcDbMText
 10
190.0
 20
-132.5
 30
0.0
 40
4.0
 71
4
  1
暗黄绿
  7
DesignMate
  0
MTEXT
  5
164
330
D7
100
AcDbEntity
  8
0
 62
7
100
AcDbMText
 10
218.0
 20
-132.5
 30
0.0
 40
4.0
 71
4
  1
0.15
  7
DesignMate
  0
MTEXT
  5
165
330
D7
100
AcDbEntity
  8
0
 62
7
100
AcDbMText
 10
230.0
 20
-132.5
 30
0.0
 40
4.0
 71
4
  1
实线
  7
DesignMate
  0
LWPOLYLINE
  5
166
330
D7
100
AcDbEntity
  8
D_010_A-GLAZ-SILL
  6
Continuous
 62
89
100
AcDbPolyline
 90
2
 70
0
 43
0.15
 10
253.0
 20
-132.5
 10
289.0
 20
-132.5
  0
LWPOLYLINE
  5
167
330
D7
100
AcDbEntity
  8
0
 62
250
100
AcDbPolyline
 90
2
 70
0
 10
0.0
 20
-138.0
 10
291.0
 20
-138.0
  0
MTEXT
  5
168
330
D7
100
AcDbEntity
  8
0
 62
7
100
AcDbMText
 10
4.0
 20
-143.5
 30
0.0
 40
4.0
 71
5
  1
11
  7
DesignMate
  0
MTEXT
  5
169
330
D7
100
AcDbEntity
  8
0
 62
7
100
AcDbMText
 10
14.0
 20
-143.5
 30
0.0
 40
4.0
 71
5
  1
A
  7
DesignMate
  0
MTEXT
  5
16A
330
D7
100
AcDbEntity
  8
0
 62
7
100
AcDbMText
 10
21.0
 20
-143.5
 30
0.0
 40
4.0
 41
70.0
 71
4
  1
D_011_A-OPEN
  7
DesignMate
  0
MTEXT
  5
16B
330
D7
100
AcDbEntity
  8
0
 62
7
100
AcDbMText
 10
93.0
 20
-143.5
 30
0.0
 40
4.0
 41
68.0
 71
4
  1
建筑洞口 — 无门窗的墙洞
  7
DesignMate
  0
SOLID
  5
16C
330
D7
100
AcDbEntity
  8
0
 62
100
100
AcDbTrace
 10
163.0
 20
-140.0
 30
0.0
 11
173.0
 21
-140.0
 31
0.0
 12
163.0
 22
-147.0
 32
0.0
 13
173.0
 23
-147.0
 33
0.0
  0
MTEXT
  5
16D
330
D7
100
AcDbEntity
  8
0
 62
7
100
AcDbMText
 10
177.0
 20
-143.5
 30
0.0
 40
4.0
 71
4
  1
100
  7
DesignMate
  0
MTEXT
  5
16E
330
D7
100
AcDbEntity
  8
0
 62
7
100
AcDbMText
 10
190.0
 20
-143.5
 30
0.0
 40
4.0
 71
4
  1
淡绿
  7
DesignMate
  0
MTEXT
  5
16F
330
D7
100
AcDbEntity
  8
0
 62
7
100
AcDbMText
 10
218.0
 20
-143.5
 30
0.0
 40
4.0
 71
4
  1
0.15
  7
DesignMate
  0
MTEXT
  5
170
330
D7
100
AcDbEntity
  8
0
 62
7
100
AcDbMText
 10
230.0
 20
-143.5
 30
0.0
 40
4.0
 71
4
  1
实线
  7
DesignMate
  0
LWPOLYLINE
  5
171
330
D7
100
AcDbEntity
  8
D_011_A-OPEN
  6
Continuous
 62
100
100
AcDbPolyline
 90
2
 70
0
 43
0.15
 10
253.0
 20
-143.5
 10
289.0
 20
-143.5
  0
LWPOLYLINE
  5
172
330
D7
100
AcDbEntity
  8
0
 62
250
100
AcDbPolyline
 90
2
 70
0
 10
0.0
 20
-149.0
 10
291.0
 20
-149.0
  0
LWPOLYLINE
  5
173
330
D7
100
AcDbEntity
  8
0
 62
9
100
AcDbPolyline
 90
4
 70
1
 10
0.0
 20
-149.0
 10
291.0
 20
-149.0
 10
291.0
 20
-160.0
 10
0.0
 20
-160.0
  0
MTEXT
  5
174
330
D7
100
AcDbEntity
  8
0
 62
7
100
AcDbMText
 10
4.0
 20
-154.5
 30
0.0
 40
4.0
 71
5
  1
12
  7
DesignMate
  0
MTEXT
  5
175
330
D7
100
AcDbEntity
  8
0
 62
7
100
AcDbMText
 10
14.0
 20
-154.5
 30
0.0
 40
4.0
 71
5
  1
A
  7
DesignMate
  0
MTEXT
  5
176
330
D7
100
AcDbEntity
  8
0
 62
7
100
AcDbMText
 10
21.0
 20
-154.5
 30
0.0
 40
4.0
 41
70.0
 71
4
  1
D_012_A-FLOR-OTLN
  7
DesignMate
  0
MTEXT
  5
177
330
D7
100
AcDbEntity
  8
0
 62
7
100
AcDbMText
 10
93.0
 20
-154.5
 30
0.0
 40
4.0
 41
68.0
 71
4
  1
楼板轮廓 — 楼板结构外边线
  7
DesignMate
  0
SOLID
  5
178
330
D7
100
AcDbEntity
  8
0
 62
111
100
AcDbTrace
 10
163.0
 20
-151.0
 30
0.0
 11
173.0
 21
-151.0
 31
0.0
 12
163.0
 22
-158.0
 32
0.0
 13
173.0
 23
-158.0
 33
0.0
  0
MTEXT
  5
179
330
D7
100
AcDbEntity
  8
0
 62
7
100
AcDbMText
 10
177.0
 20
-154.5
 30
0.0
 40
4.0
 71
4
  1
111
  7
DesignMate
  0
MTEXT
  5
17A
330
D7
100
AcDbEntity
  8
0
 62
7
100
AcDbMText
 10
190.0
 20
-154.5
 30
0.0
 40
4.0
 71
4
  1
淡青
  7
DesignMate
  0
MTEXT
  5
17B
330
D7
100
AcDbEntity
  8
0
 62
7
100
AcDbMText
 10
218.0
 20
-154.5
 30
0.0
 40
4.0
 71
4
  1
0.50
  7
DesignMate
  0
MTEXT
  5
17C
330
D7
100
AcDbEntity
  8
0
 62
7
100
AcDbMText
 10
230.0
 20
-154.5
 30
0.0
 40
4.0
 71
4
  1
实线
  7
DesignMate
  0
LWPOLYLINE
  5
17D
330
D7
100
AcDbEntity
  8
D_012_A-FLOR-OTLN
  6
Continuous
 62
111
100
AcDbPolyline
 90
2
 70
0
 43
0.5
 10
253.0
 20
-154.5
 10
289.0
 20
-154.5
  0
LWPOLYLINE
  5
17E
330
D7
100
AcDbEntity
  8
0
 62
250
100
AcDbPolyline
 90
2
 70
0
 10
0.0
 20
-160.0
 10
291.0
 20
-160.0
  0
MTEXT
  5
17F
330
D7
100
AcDbEntity
  8
0
 62
7
100
AcDbMText
 10
4.0
 20
-165.5
 30
0.0
 40
4.0
 71
5
  1
13
  7
DesignMate
  0
MTEXT
  5
180
330
D7
100
AcDbEntity
  8
0
 62
7
100
AcDbMText
 10
14.0
 20
-165.5
 30
0.0
 40
4.0
 71
5
  1
A
  7
DesignMate
  0
MTEXT
  5
181
330
D7
100
AcDbEntity
  8
0
 62
7
100
AcDbMText
 10
21.0
 20
-165.5
 30
0.0
 40
4.0
 41
70.0
 71
4
  1
D_013_A-FLOR-CASE
  7
DesignMate
  0
MTEXT
  5
182
330
D7
100
AcDbEntity
  8
0
 62
7
100
AcDbMText
 10
93.0
 20
-165.5
 30
0.0
 40
4.0
 41
68.0
 71
4
  1
楼板开洞 — 楼梯井/设备洞口（剖切面上方）
  7
DesignMate
  0
SOLID
  5
183
330
D7
100
AcDbEntity
  8
0
 62
122
100
AcDbTrace
 10
163.0
 20
-162.0
 30
0.0
 11
173.0
 21
-162.0
 31
0.0
 12
163.0
 22
-169.0
 32
0.0
 13
173.0
 23
-169.0
 33
0.0
  0
MTEXT
  5
184
330
D7
100
AcDbEntity
  8
0
 62
7
100
AcDbMText
 10
177.0
 20
-165.5
 30
0.0
 40
4.0
 71
4
  1
122
  7
DesignMate
  0
MTEXT
  5
185
330
D7
100
AcDbEntity
  8
0
 62
7
100
AcDbMText
 10
190.0
 20
-165.5
 30
0.0
 40
4.0
 71
4
  1
青
  7
DesignMate
  0
MTEXT
  5
186
330
D7
100
AcDbEntity
  8
0
 62
7
100
AcDbMText
 10
218.0
 20
-165.5
 30
0.0
 40
4.0
 71
4
  1
0.25
  7
DesignMate
  0
MTEXT
  5
187
330
D7
100
AcDbEntity
  8
0
 62
7
100
AcDbMText
 10
230.0
 20
-165.5
 30
0.0
 40
4.0
 71
4
  1
虚线
  7
DesignMate
  0
LWPOLYLINE
  5
188
330
D7
100
AcDbEntity
  8
D_013_A-FLOR-CASE
  6
Dashed
 62
122
100
AcDbPolyline
 90
2
 70
0
 43
0.25
 10
253.0
 20
-165.5
 10
289.0
 20
-165.5
  0
LWPOLYLINE
  5
189
330
D7
100
AcDbEntity
  8
0
 62
250
100
AcDbPolyline
 90
2
 70
0
 10
0.0
 20
-171.0
 10
291.0
 20
-171.0
  0
LWPOLYLINE
  5
18A
330
D7
100
AcDbEntity
  8
0
 62
9
100
AcDbPolyline
 90
4
 70
1
 10
0.0
 20
-171.0
 10
291.0
 20
-171.0
 10
291.0
 20
-182.0
 10
0.0
 20
-182.0
  0
MTEXT
  5
18B
330
D7
100
AcDbEntity
  8
0
 62
7
100
AcDbMText
 10
4.0
 20
-176.5
 30
0.0
 40
4.0
 71
5
  1
14
  7
DesignMate
  0
MTEXT
  5
18C
330
D7
100
AcDbEntity
  8
0
 62
7
100
AcDbMText
 10
14.0
 20
-176.5
 30
0.0
 40
4.0
 71
5
  1
A
  7
DesignMate
  0
MTEXT
  5
18D
330
D7
100
AcDbEntity
  8
0
 62
7
100
AcDbMText
 10
21.0
 20
-176.5
 30
0.0
 40
4.0
 41
70.0
 71
4
  1
D_014_A-FLOR-OVHD
  7
DesignMate
  0
MTEXT
  5
18E
330
D7
100
AcDbEntity
  8
0
 62
7
100
AcDbMText
 10
93.0
 20
-176.5
 30
0.0
 40
4.0
 41
68.0
 71
4
  1
天花投影 — 上方构件虚线投影
  7
DesignMate
  0
SOLID
  5
18F
330
D7
100
AcDbEntity
  8
0
 62
133
100
AcDbTrace
 10
163.0
 20
-173.0
 30
0.0
 11
173.0
 21
-173.0
 31
0.0
 12
163.0
 22
-180.0
 32
0.0
 13
173.0
 23
-180.0
 33
0.0
  0
MTEXT
  5
190
330
D7
100
AcDbEntity
  8
0
 62
7
100
AcDbMText
 10
177.0
 20
-176.5
 30
0.0
 40
4.0
 71
4
  1
133
  7
DesignMate
  0
MTEXT
  5
191
330
D7
100
AcDbEntity
  8
0
 62
7
100
AcDbMText
 10
190.0
 20
-176.5
 30
0.0
 40
4.0
 71
4
  1
青
  7
DesignMate
  0
MTEXT
  5
192
330
D7
100
AcDbEntity
  8
0
 62
7
100
AcDbMText
 10
218.0
 20
-176.5
 30
0.0
 40
4.0
 71
4
  1
0.15
  7
DesignMate
  0
MTEXT
  5
193
330
D7
100
AcDbEntity
  8
0
 62
7
100
AcDbMText
 10
230.0
 20
-176.5
 30
0.0
 40
4.0
 71
4
  1
虚线
  7
DesignMate
  0
LWPOLYLINE
  5
194
330
D7
100
AcDbEntity
  8
D_014_A-FLOR-OVHD
  6
Dashed
 62
133
100
AcDbPolyline
 90
2
 70
0
 43
0.15
 10
253.0
 20
-176.5
 10
289.0
 20
-176.5
  0
LWPOLYLINE
  5
195
330
D7
100
AcDbEntity
  8
0
 62
250
100
AcDbPolyline
 90
2
 70
0
 10
0.0
 20
-182.0
 10
291.0
 20
-182.0
  0
MTEXT
  5
196
330
D7
100
AcDbEntity
  8
0
 62
7
100
AcDbMText
 10
4.0
 20
-187.5
 30
0.0
 40
4.0
 71
5
  1
15
  7
DesignMate
  0
MTEXT
  5
197
330
D7
100
AcDbEntity
  8
0
 62
7
100
AcDbMText
 10
14.0
 20
-187.5
 30
0.0
 40
4.0
 71
5
  1
A
  7
DesignMate
  0
MTEXT
  5
198
330
D7
100
AcDbEntity
  8
0
 62
7
100
AcDbMText
 10
21.0
 20
-187.5
 30
0.0
 40
4.0
 41
70.0
 71
4
  1
D_015_A-FLOR-PATT
  7
DesignMate
  0
MTEXT
  5
199
330
D7
100
AcDbEntity
  8
0
 62
7
100
AcDbMText
 10
93.0
 20
-187.5
 30
0.0
 40
4.0
 41
68.0
 71
4
  1
楼板铺地图案 — 地砖/地板填充
  7
DesignMate
  0
SOLID
  5
19A
330
D7
100
AcDbEntity
  8
0
 62
144
100
AcDbTrace
 10
163.0
 20
-184.0
 30
0.0
 11
173.0
 21
-184.0
 31
0.0
 12
163.0
 22
-191.0
 32
0.0
 13
173.0
 23
-191.0
 33
0.0
  0
MTEXT
  5
19B
330
D7
100
AcDbEntity
  8
0
 62
7
100
AcDbMText
 10
177.0
 20
-187.5
 30
0.0
 40
4.0
 71
4
  1
144
  7
DesignMate
  0
MTEXT
  5
19C
330
D7
100
AcDbEntity
  8
0
 62
7
100
AcDbMText
 10
190.0
 20
-187.5
 30
0.0
 40
4.0
 71
4
  1
蓝
  7
DesignMate
  0
MTEXT
  5
19D
330
D7
100
AcDbEntity
  8
0
 62
7
100
AcDbMText
 10
218.0
 20
-187.5
 30
0.0
 40
4.0
 71
4
  1
0.15
  7
DesignMate
  0
MTEXT
  5
19E
330
D7
100
AcDbEntity
  8
0
 62
7
100
AcDbMText
 10
230.0
 20
-187.5
 30
0.0
 40
4.0
 71
4
  1
实线
  7
DesignMate
  0
LWPOLYLINE
  5
19F
330
D7
100
AcDbEntity
  8
D_015_A-FLOR-PATT
  6
Continuous
 62
144
100
AcDbPolyline
 90
2
 70
0
 43
0.15
 10
253.0
 20
-187.5
 10
289.0
 20
-187.5
  0
LWPOLYLINE
  5
1A0
330
D7
100
AcDbEntity
  8
0
 62
250
100
AcDbPolyline
 90
2
 70
0
 10
0.0
 20
-193.0
 10
291.0
 20
-193.0
  0
LWPOLYLINE
  5
1A1
330
D7
100
AcDbEntity
  8
0
 62
9
100
AcDbPolyline
 90
4
 70
1
 10
0.0
 20
-193.0
 10
291.0
 20
-193.0
 10
291.0
 20
-204.0
 10
0.0
 20
-204.0
  0
MTEXT
  5
1A2
330
D7
100
AcDbEntity
  8
0
 62
7
100
AcDbMText
 10
4.0
 20
-198.5
 30
0.0
 40
4.0
 71
5
  1
16
  7
DesignMate
  0
MTEXT
  5
1A3
330
D7
100
AcDbEntity
  8
0
 62
7
100
AcDbMText
 10
14.0
 20
-198.5
 30
0.0
 40
4.0
 71
5
  1
A
  7
DesignMate
  0
MTEXT
  5
1A4
330
D7
100
AcDbEntity
  8
0
 62
7
100
AcDbMText
 10
21.0
 20
-198.5
 30
0.0
 40
4.0
 41
70.0
 71
4
  1
D_016_A-ROOF-MAIN
  7
DesignMate
  0
MTEXT
  5
1A5
330
D7
100
AcDbEntity
  8
0
 62
7
100
AcDbMText
 10
93.0
 20
-198.5
 30
0.0
 40
4.0
 41
68.0
 71
4
  1
主屋面 — 屋顶结构轮廓线
  7
DesignMate
  0
SOLID
  5
1A6
330
D7
100
AcDbEntity
  8
0
 62
155
100
AcDbTrace
 10
163.0
 20
-195.0
 30
0.0
 11
173.0
 21
-195.0
 31
0.0
 12
163.0
 22
-202.0
 32
0.0
 13
173.0
 23
-202.0
 33
0.0
  0
MTEXT
  5
1A7
330
D7
100
AcDbEntity
  8
0
 62
7
100
AcDbMText
 10
177.0
 20
-198.5
 30
0.0
 40
4.0
 71
4
  1
155
  7
DesignMate
  0
MTEXT
  5
1A8
330
D7
100
AcDbEntity
  8
0
 62
7
100
AcDbMText
 10
190.0
 20
-198.5
 30
0.0
 40
4.0
 71
4
  1
蓝
  7
DesignMate
  0
MTEXT
  5
1A9
330
D7
100
AcDbEntity
  8
0
 62
7
100
AcDbMText
 10
218.0
 20
-198.5
 30
0.0
 40
4.0
 71
4
  1
0.50
  7
DesignMate
  0
MTEXT
  5
1AA
330
D7
100
AcDbEntity
  8
0
 62
7
100
AcDbMText
 10
230.0
 20
-198.5
 30
0.0
 40
4.0
 71
4
  1
实线
  7
DesignMate
  0
LWPOLYLINE
  5
1AB
330
D7
100
AcDbEntity
  8
D_016_A-ROOF-MAIN
  6
Continuous
 62
155
100
AcDbPolyline
 90
2
 70
0
 43
0.5
 10
253.0
 20
-198.5
 10
289.0
 20
-198.5
  0
LWPOLYLINE
  5
1AC
330
D7
100
AcDbEntity
  8
0
 62
250
100
AcDbPolyline
 90
2
 70
0
 10
0.0
 20
-204.0
 10
291.0
 20
-204.0
  0
MTEXT
  5
1AD
330
D7
100
AcDbEntity
  8
0
 62
7
100
AcDbMText
 10
4.0
 20
-209.5
 30
0.0
 40
4.0
 71
5
  1
17
  7
DesignMate
  0
MTEXT
  5
1AE
330
D7
100
AcDbEntity
  8
0
 62
7
100
AcDbMText
 10
14.0
 20
-209.5
 30
0.0
 40
4.0
 71
5
  1
A
  7
DesignMate
  0
MTEXT
  5
1AF
330
D7
100
AcDbEntity
  8
0
 62
7
100
AcDbMText
 10
21.0
 20
-209.5
 30
0.0
 40
4.0
 41
70.0
 71
4
  1
D_017_A-ROOF-CANOPY
  7
DesignMate
  0
MTEXT
  5
1B0
330
D7
100
AcDbEntity
  8
0
 62
7
100
AcDbMText
 10
93.0
 20
-209.5
 30
0.0
 40
4.0
 41
68.0
 71
4
  1
雨篷/挑檐 — 悬挑构件（剖切面上方）
  7
DesignMate
  0
SOLID
  5
1B1
330
D7
100
AcDbEntity
  8
0
 62
166
100
AcDbTrace
 10
163.0
 20
-206.0
 30
0.0
 11
173.0
 21
-206.0
 31
0.0
 12
163.0
 22
-213.0
 32
0.0
 13
173.0
 23
-213.0
 33
0.0
  0
MTEXT
  5
1B2
330
D7
100
AcDbEntity
  8
0
 62
7
100
AcDbMText
 10
177.0
 20
-209.5
 30
0.0
 40
4.0
 71
4
  1
166
  7
DesignMate
  0
MTEXT
  5
1B3
330
D7
100
AcDbEntity
  8
0
 62
7
100
AcDbMText
 10
190.0
 20
-209.5
 30
0.0
 40
4.0
 71
4
  1
深蓝紫
  7
DesignMate
  0
MTEXT
  5
1B4
330
D7
100
AcDbEntity
  8
0
 62
7
100
AcDbMText
 10
218.0
 20
-209.5
 30
0.0
 40
4.0
 71
4
  1
0.35
  7
DesignMate
  0
MTEXT
  5
1B5
330
D7
100
AcDbEntity
  8
0
 62
7
100
AcDbMText
 10
230.0
 20
-209.5
 30
0.0
 40
4.0
 71
4
  1
虚线
  7
DesignMate
  0
LWPOLYLINE
  5
1B6
330
D7
100
AcDbEntity
  8
D_017_A-ROOF-CANOPY
  6
Dashed
 62
166
100
AcDbPolyline
 90
2
 70
0
 43
0.35
 10
253.0
 20
-209.5
 10
289.0
 20
-209.5
  0
LWPOLYLINE
  5
1B7
330
D7
100
AcDbEntity
  8
0
 62
250
100
AcDbPolyline
 90
2
 70
0
 10
0.0
 20
-215.0
 10
291.0
 20
-215.0
  0
LWPOLYLINE
  5
1B8
330
D7
100
AcDbEntity
  8
0
 62
9
100
AcDbPolyline
 90
4
 70
1
 10
0.0
 20
-215.0
 10
291.0
 20
-215.0
 10
291.0
 20
-226.0
 10
0.0
 20
-226.0
  0
MTEXT
  5
1B9
330
D7
100
AcDbEntity
  8
0
 62
7
100
AcDbMText
 10
4.0
 20
-220.5
 30
0.0
 40
4.0
 71
5
  1
18
  7
DesignMate
  0
MTEXT
  5
1BA
330
D7
100
AcDbEntity
  8
0
 62
7
100
AcDbMText
 10
14.0
 20
-220.5
 30
0.0
 40
4.0
 71
5
  1
A
  7
DesignMate
  0
MTEXT
  5
1BB
330
D7
100
AcDbEntity
  8
0
 62
7
100
AcDbMText
 10
21.0
 20
-220.5
 30
0.0
 40
4.0
 41
70.0
 71
4
  1
D_018_A-CLNG
  7
DesignMate
  0
MTEXT
  5
1BC
330
D7
100
AcDbEntity
  8
0
 62
7
100
AcDbMText
 10
93.0
 20
-220.5
 30
0.0
 40
4.0
 41
68.0
 71
4
  1
建筑天花 — 吊顶轮廓线（剖切面上方）
  7
DesignMate
  0
SOLID
  5
1BD
330
D7
100
AcDbEntity
  8
0
 62
177
100
AcDbTrace
 10
163.0
 20
-217.0
 30
0.0
 11
173.0
 21
-217.0
 31
0.0
 12
163.0
 22
-224.0
 32
0.0
 13
173.0
 23
-224.0
 33
0.0
  0
MTEXT
  5
1BE
330
D7
100
AcDbEntity
  8
0
 62
7
100
AcDbMText
 10
177.0
 20
-220.5
 30
0.0
 40
4.0
 71
4
  1
177
  7
DesignMate
  0
MTEXT
  5
1BF
330
D7
100
AcDbEntity
  8
0
 62
7
100
AcDbMText
 10
190.0
 20
-220.5
 30
0.0
 40
4.0
 71
4
  1
蓝紫
  7
DesignMate
  0
MTEXT
  5
1C0
330
D7
100
AcDbEntity
  8
0
 62
7
100
AcDbMText
 10
218.0
 20
-220.5
 30
0.0
 40
4.0
 71
4
  1
0.25
  7
DesignMate
  0
MTEXT
  5
1C1
330
D7
100
AcDbEntity
  8
0
 62
7
100
AcDbMText
 10
230.0
 20
-220.5
 30
0.0
 40
4.0
 71
4
  1
虚线
  7
DesignMate
  0
LWPOLYLINE
  5
1C2
330
D7
100
AcDbEntity
  8
D_018_A-CLNG
  6
Dashed
 62
177
100
AcDbPolyline
 90
2
 70
0
 43
0.25
 10
253.0
 20
-220.5
 10
289.0
 20
-220.5
  0
LWPOLYLINE
  5
1C3
330
D7
100
AcDbEntity
  8
0
 62
250
100
AcDbPolyline
 90
2
 70
0
 10
0.0
 20
-226.0
 10
291.0
 20
-226.0
  0
MTEXT
  5
1C4
330
D7
100
AcDbEntity
  8
0
 62
7
100
AcDbMText
 10
4.0
 20
-231.5
 30
0.0
 40
4.0
 71
5
  1
19
  7
DesignMate
  0
MTEXT
  5
1C5
330
D7
100
AcDbEntity
  8
0
 62
7
100
AcDbMText
 10
14.0
 20
-231.5
 30
0.0
 40
4.0
 71
5
  1
A
  7
DesignMate
  0
MTEXT
  5
1C6
330
D7
100
AcDbEntity
  8
0
 62
7
100
AcDbMText
 10
21.0
 20
-231.5
 30
0.0
 40
4.0
 41
70.0
 71
4
  1
D_019_A-AREA-IDEN
  7
DesignMate
  0
MTEXT
  5
1C7
330
D7
100
AcDbEntity
  8
0
 62
7
100
AcDbMText
 10
93.0
 20
-231.5
 30
0.0
 40
4.0
 41
68.0
 71
4
  1
面积标识 — 房间编号/面积标注
  7
DesignMate
  0
SOLID
  5
1C8
330
D7
100
AcDbEntity
  8
0
 62
188
100
AcDbTrace
 10
163.0
 20
-228.0
 30
0.0
 11
173.0
 21
-228.0
 31
0.0
 12
163.0
 22
-235.0
 32
0.0
 13
173.0
 23
-235.0
 33
0.0
  0
MTEXT
  5
1C9
330
D7
100
AcDbEntity
  8
0
 62
7
100
AcDbMText
 10
177.0
 20
-231.5
 30
0.0
 40
4.0
 71
4
  1
188
  7
DesignMate
  0
MTEXT
  5
1CA
330
D7
100
AcDbEntity
  8
0
 62
7
100
AcDbMText
 10
190.0
 20
-231.5
 30
0.0
 40
4.0
 71
4
  1
暗紫
  7
DesignMate
  0
MTEXT
  5
1CB
330
D7
100
AcDbEntity
  8
0
 62
7
100
AcDbMText
 10
218.0
 20
-231.5
 30
0.0
 40
4.0
 71
4
  1
0.15
  7
DesignMate
  0
MTEXT
  5
1CC
330
D7
100
AcDbEntity
  8
0
 62
7
100
AcDbMText
 10
230.0
 20
-231.5
 30
0.0
 40
4.0
 71
4
  1
实线
  7
DesignMate
  0
LWPOLYLINE
  5
1CD
330
D7
100
AcDbEntity
  8
D_019_A-AREA-IDEN
  6
Continuous
 62
188
100
AcDbPolyline
 90
2
 70
0
 43
0.15
 10
253.0
 20
-231.5
 10
289.0
 20
-231.5
  0
LWPOLYLINE
  5
1CE
330
D7
100
AcDbEntity
  8
0
 62
250
100
AcDbPolyline
 90
2
 70
0
 10
0.0
 20
-237.0
 10
291.0
 20
-237.0
  0
LWPOLYLINE
  5
1CF
330
D7
100
AcDbEntity
  8
0
 62
9
100
AcDbPolyline
 90
4
 70
1
 10
0.0
 20
-237.0
 10
291.0
 20
-237.0
 10
291.0
 20
-248.0
 10
0.0
 20
-248.0
  0
MTEXT
  5
1D0
330
D7
100
AcDbEntity
  8
0
 62
7
100
AcDbMText
 10
4.0
 20
-242.5
 30
0.0
 40
4.0
 71
5
  1
20
  7
DesignMate
  0
MTEXT
  5
1D1
330
D7
100
AcDbEntity
  8
0
 62
7
100
AcDbMText
 10
14.0
 20
-242.5
 30
0.0
 40
4.0
 71
5
  1
A
  7
DesignMate
  0
MTEXT
  5
1D2
330
D7
100
AcDbEntity
  8
0
 62
7
100
AcDbMText
 10
21.0
 20
-242.5
 30
0.0
 40
4.0
 41
70.0
 71
4
  1
D_020_A-ANNO-DIMS
  7
DesignMate
  0
MTEXT
  5
1D3
330
D7
100
AcDbEntity
  8
0
 62
7
100
AcDbMText
 10
93.0
 20
-242.5
 30
0.0
 40
4.0
 41
68.0
 71
4
  1
建筑尺寸标注 — 尺寸线/界线
  7
DesignMate
  0
SOLID
  5
1D4
330
D7
100
AcDbEntity
  8
0
 62
199
100
AcDbTrace
 10
163.0
 20
-239.0
 30
0.0
 11
173.0
 21
-239.0
 31
0.0
 12
163.0
 22
-246.0
 32
0.0
 13
173.0
 23
-246.0
 33
0.0
  0
MTEXT
  5
1D5
330
D7
100
AcDbEntity
  8
0
 62
7
100
AcDbMText
 10
177.0
 20
-242.5
 30
0.0
 40
4.0
 71
4
  1
199
  7
DesignMate
  0
MTEXT
  5
1D6
330
D7
100
AcDbEntity
  8
0
 62
7
100
AcDbMText
 10
190.0
 20
-242.5
 30
0.0
 40
4.0
 71
4
  1
深紫
  7
DesignMate
  0
MTEXT
  5
1D7
330
D7
100
AcDbEntity
  8
0
 62
7
100
AcDbMText
 10
218.0
 20
-242.5
 30
0.0
 40
4.0
 71
4
  1
0.15
  7
DesignMate
  0
MTEXT
  5
1D8
330
D7
100
AcDbEntity
  8
0
 62
7
100
AcDbMText
 10
230.0
 20
-242.5
 30
0.0
 40
4.0
 71
4
  1
实线
  7
DesignMate
  0
LWPOLYLINE
  5
1D9
330
D7
100
AcDbEntity
  8
D_020_A-ANNO-DIMS
  6
Continuous
 62
199
100
AcDbPolyline
 90
2
 70
0
 43
0.15
 10
253.0
 20
-242.5
 10
289.0
 20
-242.5
  0
LWPOLYLINE
  5
1DA
330
D7
100
AcDbEntity
  8
0
 62
250
100
AcDbPolyline
 90
2
 70
0
 10
0.0
 20
-248.0
 10
291.0
 20
-248.0
  0
MTEXT
  5
1DB
330
D7
100
AcDbEntity
  8
0
 62
7
100
AcDbMText
 10
4.0
 20
-253.5
 30
0.0
 40
4.0
 71
5
  1
21
  7
DesignMate
  0
MTEXT
  5
1DC
330
D7
100
AcDbEntity
  8
0
 62
7
100
AcDbMText
 10
14.0
 20
-253.5
 30
0.0
 40
4.0
 71
5
  1
A
  7
DesignMate
  0
MTEXT
  5
1DD
330
D7
100
AcDbEntity
  8
0
 62
7
100
AcDbMText
 10
21.0
 20
-253.5
 30
0.0
 40
4.0
 41
70.0
 71
4
  1
D_021_A-ANNO-TEXT
  7
DesignMate
  0
MTEXT
  5
1DE
330
D7
100
AcDbEntity
  8
0
 62
7
100
AcDbMText
 10
93.0
 20
-253.5
 30
0.0
 40
4.0
 41
68.0
 71
4
  1
建筑文字标注 — 房间名/说明
  7
DesignMate
  0
SOLID
  5
1DF
330
D7
100
AcDbEntity
  8
0
 62
210
100
AcDbTrace
 10
163.0
 20
-250.0
 30
0.0
 11
173.0
 21
-250.0
 31
0.0
 12
163.0
 22
-257.0
 32
0.0
 13
173.0
 23
-257.0
 33
0.0
  0
MTEXT
  5
1E0
330
D7
100
AcDbEntity
  8
0
 62
7
100
AcDbMText
 10
177.0
 20
-253.5
 30
0.0
 40
4.0
 71
4
  1
210
  7
DesignMate
  0
MTEXT
  5
1E1
330
D7
100
AcDbEntity
  8
0
 62
7
100
AcDbMText
 10
190.0
 20
-253.5
 30
0.0
 40
4.0
 71
4
  1
淡品红
  7
DesignMate
  0
MTEXT
  5
1E2
330
D7
100
AcDbEntity
  8
0
 62
7
100
AcDbMText
 10
218.0
 20
-253.5
 30
0.0
 40
4.0
 71
4
  1
0.15
  7
DesignMate
  0
MTEXT
  5
1E3
330
D7
100
AcDbEntity
  8
0
 62
7
100
AcDbMText
 10
230.0
 20
-253.5
 30
0.0
 40
4.0
 71
4
  1
实线
  7
DesignMate
  0
LWPOLYLINE
  5
1E4
330
D7
100
AcDbEntity
  8
D_021_A-ANNO-TEXT
  6
Continuous
 62
210
100
AcDbPolyline
 90
2
 70
0
 43
0.15
 10
253.0
 20
-253.5
 10
289.0
 20
-253.5
  0
LWPOLYLINE
  5
1E5
330
D7
100
AcDbEntity
  8
0
 62
250
100
AcDbPolyline
 90
2
 70
0
 10
0.0
 20
-259.0
 10
291.0
 20
-259.0
  0
LWPOLYLINE
  5
1E6
330
D7
100
AcDbEntity
  8
0
 62
9
100
AcDbPolyline
 90
4
 70
1
 10
0.0
 20
-259.0
 10
291.0
 20
-259.0
 10
291.0
 20
-270.0
 10
0.0
 20
-270.0
  0
MTEXT
  5
1E7
330
D7
100
AcDbEntity
  8
0
 62
7
100
AcDbMText
 10
4.0
 20
-264.5
 30
0.0
 40
4.0
 71
5
  1
22
  7
DesignMate
  0
MTEXT
  5
1E8
330
D7
100
AcDbEntity
  8
0
 62
7
100
AcDbMText
 10
14.0
 20
-264.5
 30
0.0
 40
4.0
 71
5
  1
A
  7
DesignMate
  0
MTEXT
  5
1E9
330
D7
100
AcDbEntity
  8
0
 62
7
100
AcDbMText
 10
21.0
 20
-264.5
 30
0.0
 40
4.0
 41
70.0
 71
4
  1
D_022_A-ANNO-LEAD
  7
DesignMate
  0
MTEXT
  5
1EA
330
D7
100
AcDbEntity
  8
0
 62
7
100
AcDbMText
 10
93.0
 20
-264.5
 30
0.0
 40
4.0
 41
68.0
 71
4
  1
建筑引线标注 — 引出线
  7
DesignMate
  0
SOLID
  5
1EB
330
D7
100
AcDbEntity
  8
0
 62
221
100
AcDbTrace
 10
163.0
 20
-261.0
 30
0.0
 11
173.0
 21
-261.0
 31
0.0
 12
163.0
 22
-268.0
 32
0.0
 13
173.0
 23
-268.0
 33
0.0
  0
MTEXT
  5
1EC
330
D7
100
AcDbEntity
  8
0
 62
7
100
AcDbMText
 10
177.0
 20
-264.5
 30
0.0
 40
4.0
 71
4
  1
221
  7
DesignMate
  0
MTEXT
  5
1ED
330
D7
100
AcDbEntity
  8
0
 62
7
100
AcDbMText
 10
190.0
 20
-264.5
 30
0.0
 40
4.0
 71
4
  1
淡品红
  7
DesignMate
  0
MTEXT
  5
1EE
330
D7
100
AcDbEntity
  8
0
 62
7
100
AcDbMText
 10
218.0
 20
-264.5
 30
0.0
 40
4.0
 71
4
  1
0.15
  7
DesignMate
  0
MTEXT
  5
1EF
330
D7
100
AcDbEntity
  8
0
 62
7
100
AcDbMText
 10
230.0
 20
-264.5
 30
0.0
 40
4.0
 71
4
  1
实线
  7
DesignMate
  0
LWPOLYLINE
  5
1F0
330
D7
100
AcDbEntity
  8
D_022_A-ANNO-LEAD
  6
Continuous
 62
221
100
AcDbPolyline
 90
2
 70
0
 43
0.15
 10
253.0
 20
-264.5
 10
289.0
 20
-264.5
  0
LWPOLYLINE
  5
1F1
330
D7
100
AcDbEntity
  8
0
 62
250
100
AcDbPolyline
 90
2
 70
0
 10
0.0
 20
-270.0
 10
291.0
 20
-270.0
  0
MTEXT
  5
1F2
330
D7
100
AcDbEntity
  8
0
 62
7
100
AcDbMText
 10
4.0
 20
-275.5
 30
0.0
 40
4.0
 71
5
  1
23
  7
DesignMate
  0
MTEXT
  5
1F3
330
D7
100
AcDbEntity
  8
0
 62
7
100
AcDbMText
 10
14.0
 20
-275.5
 30
0.0
 40
4.0
 71
5
  1
A
  7
DesignMate
  0
MTEXT
  5
1F4
330
D7
100
AcDbEntity
  8
0
 62
7
100
AcDbMText
 10
21.0
 20
-275.5
 30
0.0
 40
4.0
 41
70.0
 71
4
  1
D_023_A-ANNO-IDEN
  7
DesignMate
  0
MTEXT
  5
1F5
330
D7
100
AcDbEntity
  8
0
 62
7
100
AcDbMText
 10
93.0
 20
-275.5
 30
0.0
 40
4.0
 41
68.0
 71
4
  1
建筑标识 — 标高/图名/比例
  7
DesignMate
  0
SOLID
  5
1F6
330
D7
100
AcDbEntity
  8
0
 62
232
100
AcDbTrace
 10
163.0
 20
-272.0
 30
0.0
 11
173.0
 21
-272.0
 31
0.0
 12
163.0
 22
-279.0
 32
0.0
 13
173.0
 23
-279.0
 33
0.0
  0
MTEXT
  5
1F7
330
D7
100
AcDbEntity
  8
0
 62
7
100
AcDbMText
 10
177.0
 20
-275.5
 30
0.0
 40
4.0
 71
4
  1
232
  7
DesignMate
  0
MTEXT
  5
1F8
330
D7
100
AcDbEntity
  8
0
 62
7
100
AcDbMText
 10
190.0
 20
-275.5
 30
0.0
 40
4.0
 71
4
  1
粉红
  7
DesignMate
  0
MTEXT
  5
1F9
330
D7
100
AcDbEntity
  8
0
 62
7
100
AcDbMText
 10
218.0
 20
-275.5
 30
0.0
 40
4.0
 71
4
  1
0.15
  7
DesignMate
  0
MTEXT
  5
1FA
330
D7
100
AcDbEntity
  8
0
 62
7
100
AcDbMText
 10
230.0
 20
-275.5
 30
0.0
 40
4.0
 71
4
  1
实线
  7
DesignMate
  0
LWPOLYLINE
  5
1FB
330
D7
100
AcDbEntity
  8
D_023_A-ANNO-IDEN
  6
Continuous
 62
232
100
AcDbPolyline
 90
2
 70
0
 43
0.15
 10
253.0
 20
-275.5
 10
289.0
 20
-275.5
  0
LWPOLYLINE
  5
1FC
330
D7
100
AcDbEntity
  8
0
 62
250
100
AcDbPolyline
 90
2
 70
0
 10
0.0
 20
-281.0
 10
291.0
 20
-281.0
  0
LWPOLYLINE
  5
1FD
330
D7
100
AcDbEntity
  8
0
 62
9
100
AcDbPolyline
 90
4
 70
1
 10
0.0
 20
-281.0
 10
291.0
 20
-281.0
 10
291.0
 20
-292.0
 10
0.0
 20
-292.0
  0
MTEXT
  5
1FE
330
D7
100
AcDbEntity
  8
0
 62
7
100
AcDbMText
 10
4.0
 20
-286.5
 30
0.0
 40
4.0
 71
5
  1
24
  7
DesignMate
  0
MTEXT
  5
1FF
330
D7
100
AcDbEntity
  8
0
 62
7
100
AcDbMText
 10
14.0
 20
-286.5
 30
0.0
 40
4.0
 71
5
  1
A
  7
DesignMate
  0
MTEXT
  5
200
330
D7
100
AcDbEntity
  8
0
 62
7
100
AcDbMText
 10
21.0
 20
-286.5
 30
0.0
 40
4.0
 41
70.0
 71
4
  1
D_024_A-ANNO-HATC
  7
DesignMate
  0
MTEXT
  5
201
330
D7
100
AcDbEntity
  8
0
 62
7
100
AcDbMText
 10
93.0
 20
-286.5
 30
0.0
 40
4.0
 41
68.0
 71
4
  1
建筑填充 — 剖面/详图材料填充
  7
DesignMate
  0
SOLID
  5
202
330
D7
100
AcDbEntity
  8
0
 62
243
100
AcDbTrace
 10
163.0
 20
-283.0
 30
0.0
 11
173.0
 21
-283.0
 31
0.0
 12
163.0
 22
-290.0
 32
0.0
 13
173.0
 23
-290.0
 33
0.0
  0
MTEXT
  5
203
330
D7
100
AcDbEntity
  8
0
 62
7
100
AcDbMText
 10
177.0
 20
-286.5
 30
0.0
 40
4.0
 71
4
  1
243
  7
DesignMate
  0
MTEXT
  5
204
330
D7
100
AcDbEntity
  8
0
 62
7
100
AcDbMText
 10
190.0
 20
-286.5
 30
0.0
 40
4.0
 71
4
  1
粉红
  7
DesignMate
  0
MTEXT
  5
205
330
D7
100
AcDbEntity
  8
0
 62
7
100
AcDbMText
 10
218.0
 20
-286.5
 30
0.0
 40
4.0
 71
4
  1
0.15
  7
DesignMate
  0
MTEXT
  5
206
330
D7
100
AcDbEntity
  8
0
 62
7
100
AcDbMText
 10
230.0
 20
-286.5
 30
0.0
 40
4.0
 71
4
  1
实线
  7
DesignMate
  0
LWPOLYLINE
  5
207
330
D7
100
AcDbEntity
  8
D_024_A-ANNO-HATC
  6
Continuous
 62
243
100
AcDbPolyline
 90
2
 70
0
 43
0.15
 10
253.0
 20
-286.5
 10
289.0
 20
-286.5
  0
LWPOLYLINE
  5
208
330
D7
100
AcDbEntity
  8
0
 62
250
100
AcDbPolyline
 90
2
 70
0
 10
0.0
 20
-292.0
 10
291.0
 20
-292.0
  0
MTEXT
  5
209
330
D7
100
AcDbEntity
  8
0
 62
7
100
AcDbMText
 10
4.0
 20
-297.5
 30
0.0
 40
4.0
 71
5
  1
25
  7
DesignMate
  0
MTEXT
  5
20A
330
D7
100
AcDbEntity
  8
0
 62
7
100
AcDbMText
 10
14.0
 20
-297.5
 30
0.0
 40
4.0
 71
5
  1
A
  7
DesignMate
  0
MTEXT
  5
20B
330
D7
100
AcDbEntity
  8
0
 62
7
100
AcDbMText
 10
21.0
 20
-297.5
 30
0.0
 40
4.0
 41
70.0
 71
4
  1
D_025_A-SECT
  7
DesignMate
  0
MTEXT
  5
20C
330
D7
100
AcDbEntity
  8
0
 62
7
100
AcDbMText
 10
93.0
 20
-297.5
 30
0.0
 40
4.0
 41
68.0
 71
4
  1
建筑剖面 — 剖面图切割线（假想线）
  7
DesignMate
  0
SOLID
  5
20D
330
D7
100
AcDbEntity
  8
0
 62
254
100
AcDbTrace
 10
163.0
 20
-294.0
 30
0.0
 11
173.0
 21
-294.0
 31
0.0
 12
163.0
 22
-301.0
 32
0.0
 13
173.0
 23
-301.0
 33
0.0
  0
MTEXT
  5
20E
330
D7
100
AcDbEntity
  8
0
 62
7
100
AcDbMText
 10
177.0
 20
-297.5
 30
0.0
 40
4.0
 71
4
  1
254
  7
DesignMate
  0
MTEXT
  5
20F
330
D7
100
AcDbEntity
  8
0
 62
7
100
AcDbMText
 10
190.0
 20
-297.5
 30
0.0
 40
4.0
 71
4
  1
淡灰
  7
DesignMate
  0
MTEXT
  5
210
330
D7
100
AcDbEntity
  8
0
 62
7
100
AcDbMText
 10
218.0
 20
-297.5
 30
0.0
 40
4.0
 71
4
  1
0.25
  7
DesignMate
  0
MTEXT
  5
211
330
D7
100
AcDbEntity
  8
0
 62
7
100
AcDbMText
 10
230.0
 20
-297.5
 30
0.0
 40
4.0
 71
4
  1
假想线
  7
DesignMate
  0
LWPOLYLINE
  5
212
330
D7
100
AcDbEntity
  8
D_025_A-SECT
  6
Phantom
 62
254
100
AcDbPolyline
 90
2
 70
0
 43
0.25
 10
253.0
 20
-297.5
 10
289.0
 20
-297.5
  0
LWPOLYLINE
  5
213
330
D7
100
AcDbEntity
  8
0
 62
250
100
AcDbPolyline
 90
2
 70
0
 10
0.0
 20
-303.0
 10
291.0
 20
-303.0
  0
LWPOLYLINE
  5
214
330
D7
100
AcDbEntity
  8
0
 62
9
100
AcDbPolyline
 90
4
 70
1
 10
0.0
 20
-303.0
 10
291.0
 20
-303.0
 10
291.0
 20
-314.0
 10
0.0
 20
-314.0
  0
MTEXT
  5
215
330
D7
100
AcDbEntity
  8
0
 62
7
100
AcDbMText
 10
4.0
 20
-308.5
 30
0.0
 40
4.0
 71
5
  1
26
  7
DesignMate
  0
MTEXT
  5
216
330
D7
100
AcDbEntity
  8
0
 62
7
100
AcDbMText
 10
14.0
 20
-308.5
 30
0.0
 40
4.0
 71
5
  1
A
  7
DesignMate
  0
MTEXT
  5
217
330
D7
100
AcDbEntity
  8
0
 62
7
100
AcDbMText
 10
21.0
 20
-308.5
 30
0.0
 40
4.0
 41
70.0
 71
4
  1
D_026_A-ELEV
  7
DesignMate
  0
MTEXT
  5
218
330
D7
100
AcDbEntity
  8
0
 62
7
100
AcDbMText
 10
93.0
 20
-308.5
 30
0.0
 40
4.0
 41
68.0
 71
4
  1
建筑立面 — 立面轮廓线
  7
DesignMate
  0
SOLID
  5
219
330
D7
100
AcDbEntity
  8
0
 62
13
100
AcDbTrace
 10
163.0
 20
-305.0
 30
0.0
 11
173.0
 21
-305.0
 31
0.0
 12
163.0
 22
-312.0
 32
0.0
 13
173.0
 23
-312.0
 33
0.0
  0
MTEXT
  5
21A
330
D7
100
AcDbEntity
  8
0
 62
7
100
AcDbMText
 10
177.0
 20
-308.5
 30
0.0
 40
4.0
 71
4
  1
13
  7
DesignMate
  0
MTEXT
  5
21B
330
D7
100
AcDbEntity
  8
0
 62
7
100
AcDbMText
 10
190.0
 20
-308.5
 30
0.0
 40
4.0
 71
4
  1
红
  7
DesignMate
  0
MTEXT
  5
21C
330
D7
100
AcDbEntity
  8
0
 62
7
100
AcDbMText
 10
218.0
 20
-308.5
 30
0.0
 40
4.0
 71
4
  1
0.20
  7
DesignMate
  0
MTEXT
  5
21D
330
D7
100
AcDbEntity
  8
0
 62
7
100
AcDbMText
 10
230.0
 20
-308.5
 30
0.0
 40
4.0
 71
4
  1
实线
  7
DesignMate
  0
LWPOLYLINE
  5
21E
330
D7
100
AcDbEntity
  8
D_026_A-ELEV
  6
Continuous
 62
13
100
AcDbPolyline
 90
2
 70
0
 43
0.2
 10
253.0
 20
-308.5
 10
289.0
 20
-308.5
  0
LWPOLYLINE
  5
21F
330
D7
100
AcDbEntity
  8
0
 62
250
100
AcDbPolyline
 90
2
 70
0
 10
0.0
 20
-314.0
 10
291.0
 20
-314.0
  0
SOLID
  5
220
330
D7
100
AcDbEntity
  8
0
 62
206
100
AcDbTrace
 10
0.0
 20
-314.0
 30
0.0
 11
291.0
 21
-314.0
 31
0.0
 12
0.0
 22
-326.0
 32
0.0
 13
291.0
 23
-326.0
 33
0.0
  0
LWPOLYLINE
  5
221
330
D7
100
AcDbEntity
  8
0
 62
250
100
AcDbPolyline
 90
2
 70
0
 43
0.25
 10
0.0
 20
-326.0
 10
291.0
 20
-326.0
  0
MTEXT
  5
222
330
D7
100
AcDbEntity
  8
0
 62
7
100
AcDbMText
 10
12.0
 20
-320.0
 30
0.0
 40
5.6
 71
4
  1
S / 结构 Structural / 14 图层
  7
DM_GroupTitle
  0
MTEXT
  5
223
330
D7
100
AcDbEntity
  8
0
 62
7
100
AcDbMText
 10
4.0
 20
-331.5
 30
0.0
 40
4.0
 71
5
  1
27
  7
DesignMate
  0
MTEXT
  5
224
330
D7
100
AcDbEntity
  8
0
 62
7
100
AcDbMText
 10
14.0
 20
-331.5
 30
0.0
 40
4.0
 71
5
  1
S
  7
DesignMate
  0
MTEXT
  5
225
330
D7
100
AcDbEntity
  8
0
 62
7
100
AcDbMText
 10
21.0
 20
-331.5
 30
0.0
 40
4.0
 41
70.0
 71
4
  1
D_027_S-STRC-GRID
  7
DesignMate
  0
MTEXT
  5
226
330
D7
100
AcDbEntity
  8
0
 62
7
100
AcDbMText
 10
93.0
 20
-331.5
 30
0.0
 40
4.0
 41
68.0
 71
4
  1
结构轴网 — 结构定位轴线
  7
DesignMate
  0
SOLID
  5
227
330
D7
100
AcDbEntity
  8
0
 62
24
100
AcDbTrace
 10
163.0
 20
-328.0
 30
0.0
 11
173.0
 21
-328.0
 31
0.0
 12
163.0
 22
-335.0
 32
0.0
 13
173.0
 23
-335.0
 33
0.0
  0
MTEXT
  5
228
330
D7
100
AcDbEntity
  8
0
 62
7
100
AcDbMText
 10
177.0
 20
-331.5
 30
0.0
 40
4.0
 71
4
  1
24
  7
DesignMate
  0
MTEXT
  5
229
330
D7
100
AcDbEntity
  8
0
 62
7
100
AcDbMText
 10
190.0
 20
-331.5
 30
0.0
 40
4.0
 71
4
  1
红
  7
DesignMate
  0
MTEXT
  5
22A
330
D7
100
AcDbEntity
  8
0
 62
7
100
AcDbMText
 10
218.0
 20
-331.5
 30
0.0
 40
4.0
 71
4
  1
0.25
  7
DesignMate
  0
MTEXT
  5
22B
330
D7
100
AcDbEntity
  8
0
 62
7
100
AcDbMText
 10
230.0
 20
-331.5
 30
0.0
 40
4.0
 71
4
  1
中心线
  7
DesignMate
  0
LWPOLYLINE
  5
22C
330
D7
100
AcDbEntity
  8
D_027_S-STRC-GRID
  6
Center
 62
24
100
AcDbPolyline
 90
2
 70
0
 43
0.25
 10
253.0
 20
-331.5
 10
289.0
 20
-331.5
  0
LWPOLYLINE
  5
22D
330
D7
100
AcDbEntity
  8
0
 62
250
100
AcDbPolyline
 90
2
 70
0
 10
0.0
 20
-337.0
 10
291.0
 20
-337.0
  0
LWPOLYLINE
  5
22E
330
D7
100
AcDbEntity
  8
0
 62
9
100
AcDbPolyline
 90
4
 70
1
 10
0.0
 20
-337.0
 10
291.0
 20
-337.0
 10
291.0
 20
-348.0
 10
0.0
 20
-348.0
  0
MTEXT
  5
22F
330
D7
100
AcDbEntity
  8
0
 62
7
100
AcDbMText
 10
4.0
 20
-342.5
 30
0.0
 40
4.0
 71
5
  1
28
  7
DesignMate
  0
MTEXT
  5
230
330
D7
100
AcDbEntity
  8
0
 62
7
100
AcDbMText
 10
14.0
 20
-342.5
 30
0.0
 40
4.0
 71
5
  1
S
  7
DesignMate
  0
MTEXT
  5
231
330
D7
100
AcDbEntity
  8
0
 62
7
100
AcDbMText
 10
21.0
 20
-342.5
 30
0.0
 40
4.0
 41
70.0
 71
4
  1
D_028_S-COLUMN
  7
DesignMate
  0
MTEXT
  5
232
330
D7
100
AcDbEntity
  8
0
 62
7
100
AcDbMText
 10
93.0
 20
-342.5
 30
0.0
 40
4.0
 41
68.0
 71
4
  1
结构柱 — 钢筋混凝土/钢柱
  7
DesignMate
  0
SOLID
  5
233
330
D7
100
AcDbEntity
  8
0
 62
35
100
AcDbTrace
 10
163.0
 20
-339.0
 30
0.0
 11
173.0
 21
-339.0
 31
0.0
 12
163.0
 22
-346.0
 32
0.0
 13
173.0
 23
-346.0
 33
0.0
  0
MTEXT
  5
234
330
D7
100
AcDbEntity
  8
0
 62
7
100
AcDbMText
 10
177.0
 20
-342.5
 30
0.0
 40
4.0
 71
4
  1
35
  7
DesignMate
  0
MTEXT
  5
235
330
D7
100
AcDbEntity
  8
0
 62
7
100
AcDbMText
 10
190.0
 20
-342.5
 30
0.0
 40
4.0
 71
4
  1
橙红
  7
DesignMate
  0
MTEXT
  5
236
330
D7
100
AcDbEntity
  8
0
 62
7
100
AcDbMText
 10
218.0
 20
-342.5
 30
0.0
 40
4.0
 71
4
  1
0.50
  7
DesignMate
  0
MTEXT
  5
237
330
D7
100
AcDbEntity
  8
0
 62
7
100
AcDbMText
 10
230.0
 20
-342.5
 30
0.0
 40
4.0
 71
4
  1
实线
  7
DesignMate
  0
LWPOLYLINE
  5
238
330
D7
100
AcDbEntity
  8
D_028_S-COLUMN
  6
Continuous
 62
35
100
AcDbPolyline
 90
2
 70
0
 43
0.5
 10
253.0
 20
-342.5
 10
289.0
 20
-342.5
  0
LWPOLYLINE
  5
239
330
D7
100
AcDbEntity
  8
0
 62
250
100
AcDbPolyline
 90
2
 70
0
 10
0.0
 20
-348.0
 10
291.0
 20
-348.0
  0
MTEXT
  5
23A
330
D7
100
AcDbEntity
  8
0
 62
7
100
AcDbMText
 10
4.0
 20
-353.5
 30
0.0
 40
4.0
 71
5
  1
29
  7
DesignMate
  0
MTEXT
  5
23B
330
D7
100
AcDbEntity
  8
0
 62
7
100
AcDbMText
 10
14.0
 20
-353.5
 30
0.0
 40
4.0
 71
5
  1
S
  7
DesignMate
  0
MTEXT
  5
23C
330
D7
100
AcDbEntity
  8
0
 62
7
100
AcDbMText
 10
21.0
 20
-353.5
 30
0.0
 40
4.0
 41
70.0
 71
4
  1
D_029_S-BEAM
  7
DesignMate
  0
MTEXT
  5
23D
330
D7
100
AcDbEntity
  8
0
 62
7
100
AcDbMText
 10
93.0
 20
-353.5
 30
0.0
 40
4.0
 41
68.0
 71
4
  1
结构梁 — 可见主次梁
  7
DesignMate
  0
SOLID
  5
23E
330
D7
100
AcDbEntity
  8
0
 62
46
100
AcDbTrace
 10
163.0
 20
-350.0
 30
0.0
 11
173.0
 21
-350.0
 31
0.0
 12
163.0
 22
-357.0
 32
0.0
 13
173.0
 23
-357.0
 33
0.0
  0
MTEXT
  5
23F
330
D7
100
AcDbEntity
  8
0
 62
7
100
AcDbMText
 10
177.0
 20
-353.5
 30
0.0
 40
4.0
 71
4
  1
46
  7
DesignMate
  0
MTEXT
  5
240
330
D7
100
AcDbEntity
  8
0
 62
7
100
AcDbMText
 10
190.0
 20
-353.5
 30
0.0
 40
4.0
 71
4
  1
深橙
  7
DesignMate
  0
MTEXT
  5
241
330
D7
100
AcDbEntity
  8
0
 62
7
100
AcDbMText
 10
218.0
 20
-353.5
 30
0.0
 40
4.0
 71
4
  1
0.35
  7
DesignMate
  0
MTEXT
  5
242
330
D7
100
AcDbEntity
  8
0
 62
7
100
AcDbMText
 10
230.0
 20
-353.5
 30
0.0
 40
4.0
 71
4
  1
实线
  7
DesignMate
  0
LWPOLYLINE
  5
243
330
D7
100
AcDbEntity
  8
D_029_S-BEAM
  6
Continuous
 62
46
100
AcDbPolyline
 90
2
 70
0
 43
0.35
 10
253.0
 20
-353.5
 10
289.0
 20
-353.5
  0
LWPOLYLINE
  5
244
330
D7
100
AcDbEntity
  8
0
 62
250
100
AcDbPolyline
 90
2
 70
0
 10
0.0
 20
-359.0
 10
291.0
 20
-359.0
  0
LWPOLYLINE
  5
245
330
D7
100
AcDbEntity
  8
0
 62
9
100
AcDbPolyline
 90
4
 70
1
 10
0.0
 20
-359.0
 10
291.0
 20
-359.0
 10
291.0
 20
-370.0
 10
0.0
 20
-370.0
  0
MTEXT
  5
246
330
D7
100
AcDbEntity
  8
0
 62
7
100
AcDbMText
 10
4.0
 20
-364.5
 30
0.0
 40
4.0
 71
5
  1
30
  7
DesignMate
  0
MTEXT
  5
247
330
D7
100
AcDbEntity
  8
0
 62
7
100
AcDbMText
 10
14.0
 20
-364.5
 30
0.0
 40
4.0
 71
5
  1
S
  7
DesignMate
  0
MTEXT
  5
248
330
D7
100
AcDbEntity
  8
0
 62
7
100
AcDbMText
 10
21.0
 20
-364.5
 30
0.0
 40
4.0
 41
70.0
 71
4
  1
D_030_S-BEAM-HID
  7
DesignMate
  0
MTEXT
  5
249
330
D7
100
AcDbEntity
  8
0
 62
7
100
AcDbMText
 10
93.0
 20
-364.5
 30
0.0
 40
4.0
 41
68.0
 71
4
  1
结构梁(隐蔽) — 被遮挡梁虚线
  7
DesignMate
  0
SOLID
  5
24A
330
D7
100
AcDbEntity
  8
0
 62
57
100
AcDbTrace
 10
163.0
 20
-361.0
 30
0.0
 11
173.0
 21
-361.0
 31
0.0
 12
163.0
 22
-368.0
 32
0.0
 13
173.0
 23
-368.0
 33
0.0
  0
MTEXT
  5
24B
330
D7
100
AcDbEntity
  8
0
 62
7
100
AcDbMText
 10
177.0
 20
-364.5
 30
0.0
 40
4.0
 71
4
  1
57
  7
DesignMate
  0
MTEXT
  5
24C
330
D7
100
AcDbEntity
  8
0
 62
7
100
AcDbMText
 10
190.0
 20
-364.5
 30
0.0
 40
4.0
 71
4
  1
深黄
  7
DesignMate
  0
MTEXT
  5
24D
330
D7
100
AcDbEntity
  8
0
 62
7
100
AcDbMText
 10
218.0
 20
-364.5
 30
0.0
 40
4.0
 71
4
  1
0.25
  7
DesignMate
  0
MTEXT
  5
24E
330
D7
100
AcDbEntity
  8
0
 62
7
100
AcDbMText
 10
230.0
 20
-364.5
 30
0.0
 40
4.0
 71
4
  1
隐藏线
  7
DesignMate
  0
LWPOLYLINE
  5
24F
330
D7
100
AcDbEntity
  8
D_030_S-BEAM-HID
  6
Hidden
 62
57
100
AcDbPolyline
 90
2
 70
0
 43
0.25
 10
253.0
 20
-364.5
 10
289.0
 20
-364.5
  0
LWPOLYLINE
  5
250
330
D7
100
AcDbEntity
  8
0
 62
250
100
AcDbPolyline
 90
2
 70
0
 10
0.0
 20
-370.0
 10
291.0
 20
-370.0
  0
MTEXT
  5
251
330
D7
100
AcDbEntity
  8
0
 62
7
100
AcDbMText
 10
4.0
 20
-375.5
 30
0.0
 40
4.0
 71
5
  1
31
  7
DesignMate
  0
MTEXT
  5
252
330
D7
100
AcDbEntity
  8
0
 62
7
100
AcDbMText
 10
14.0
 20
-375.5
 30
0.0
 40
4.0
 71
5
  1
S
  7
DesignMate
  0
MTEXT
  5
253
330
D7
100
AcDbEntity
  8
0
 62
7
100
AcDbMText
 10
21.0
 20
-375.5
 30
0.0
 40
4.0
 41
70.0
 71
4
  1
D_031_S-SLAB
  7
DesignMate
  0
MTEXT
  5
254
330
D7
100
AcDbEntity
  8
0
 62
7
100
AcDbMText
 10
93.0
 20
-375.5
 30
0.0
 40
4.0
 41
68.0
 71
4
  1
结构楼板 — 钢筋混凝土楼板
  7
DesignMate
  0
SOLID
  5
255
330
D7
100
AcDbEntity
  8
0
 62
68
100
AcDbTrace
 10
163.0
 20
-372.0
 30
0.0
 11
173.0
 21
-372.0
 31
0.0
 12
163.0
 22
-379.0
 32
0.0
 13
173.0
 23
-379.0
 33
0.0
  0
MTEXT
  5
256
330
D7
100
AcDbEntity
  8
0
 62
7
100
AcDbMText
 10
177.0
 20
-375.5
 30
0.0
 40
4.0
 71
4
  1
68
  7
DesignMate
  0
MTEXT
  5
257
330
D7
100
AcDbEntity
  8
0
 62
7
100
AcDbMText
 10
190.0
 20
-375.5
 30
0.0
 40
4.0
 71
4
  1
暗黄绿
  7
DesignMate
  0
MTEXT
  5
258
330
D7
100
AcDbEntity
  8
0
 62
7
100
AcDbMText
 10
218.0
 20
-375.5
 30
0.0
 40
4.0
 71
4
  1
0.35
  7
DesignMate
  0
MTEXT
  5
259
330
D7
100
AcDbEntity
  8
0
 62
7
100
AcDbMText
 10
230.0
 20
-375.5
 30
0.0
 40
4.0
 71
4
  1
实线
  7
DesignMate
  0
LWPOLYLINE
  5
25A
330
D7
100
AcDbEntity
  8
D_031_S-SLAB
  6
Continuous
 62
68
100
AcDbPolyline
 90
2
 70
0
 43
0.35
 10
253.0
 20
-375.5
 10
289.0
 20
-375.5
  0
LWPOLYLINE
  5
25B
330
D7
100
AcDbEntity
  8
0
 62
250
100
AcDbPolyline
 90
2
 70
0
 10
0.0
 20
-381.0
 10
291.0
 20
-381.0
  0
LWPOLYLINE
  5
25C
330
D7
100
AcDbEntity
  8
0
 62
9
100
AcDbPolyline
 90
4
 70
1
 10
0.0
 20
-381.0
 10
291.0
 20
-381.0
 10
291.0
 20
-392.0
 10
0.0
 20
-392.0
  0
MTEXT
  5
25D
330
D7
100
AcDbEntity
  8
0
 62
7
100
AcDbMText
 10
4.0
 20
-386.5
 30
0.0
 40
4.0
 71
5
  1
32
  7
DesignMate
  0
MTEXT
  5
25E
330
D7
100
AcDbEntity
  8
0
 62
7
100
AcDbMText
 10
14.0
 20
-386.5
 30
0.0
 40
4.0
 71
5
  1
S
  7
DesignMate
  0
MTEXT
  5
25F
330
D7
100
AcDbEntity
  8
0
 62
7
100
AcDbMText
 10
21.0
 20
-386.5
 30
0.0
 40
4.0
 41
70.0
 71
4
  1
D_032_S-SLAB-OPEN
  7
DesignMate
  0
MTEXT
  5
260
330
D7
100
AcDbEntity
  8
0
 62
7
100
AcDbMText
 10
93.0
 20
-386.5
 30
0.0
 40
4.0
 41
68.0
 71
4
  1
楼板开洞 — 结构预留洞口
  7
DesignMate
  0
SOLID
  5
261
330
D7
100
AcDbEntity
  8
0
 62
79
100
AcDbTrace
 10
163.0
 20
-383.0
 30
0.0
 11
173.0
 21
-383.0
 31
0.0
 12
163.0
 22
-390.0
 32
0.0
 13
173.0
 23
-390.0
 33
0.0
  0
MTEXT
  5
262
330
D7
100
AcDbEntity
  8
0
 62
7
100
AcDbMText
 10
177.0
 20
-386.5
 30
0.0
 40
4.0
 71
4
  1
79
  7
DesignMate
  0
MTEXT
  5
263
330
D7
100
AcDbEntity
  8
0
 62
7
100
AcDbMText
 10
190.0
 20
-386.5
 30
0.0
 40
4.0
 71
4
  1
暗黄绿
  7
DesignMate
  0
MTEXT
  5
264
330
D7
100
AcDbEntity
  8
0
 62
7
100
AcDbMText
 10
218.0
 20
-386.5
 30
0.0
 40
4.0
 71
4
  1
0.25
  7
DesignMate
  0
MTEXT
  5
265
330
D7
100
AcDbEntity
  8
0
 62
7
100
AcDbMText
 10
230.0
 20
-386.5
 30
0.0
 40
4.0
 71
4
  1
虚线
  7
DesignMate
  0
LWPOLYLINE
  5
266
330
D7
100
AcDbEntity
  8
D_032_S-SLAB-OPEN
  6
Dashed
 62
79
100
AcDbPolyline
 90
2
 70
0
 43
0.25
 10
253.0
 20
-386.5
 10
289.0
 20
-386.5
  0
LWPOLYLINE
  5
267
330
D7
100
AcDbEntity
  8
0
 62
250
100
AcDbPolyline
 90
2
 70
0
 10
0.0
 20
-392.0
 10
291.0
 20
-392.0
  0
MTEXT
  5
268
330
D7
100
AcDbEntity
  8
0
 62
7
100
AcDbMText
 10
4.0
 20
-397.5
 30
0.0
 40
4.0
 71
5
  1
33
  7
DesignMate
  0
MTEXT
  5
269
330
D7
100
AcDbEntity
  8
0
 62
7
100
AcDbMText
 10
14.0
 20
-397.5
 30
0.0
 40
4.0
 71
5
  1
S
  7
DesignMate
  0
MTEXT
  5
26A
330
D7
100
AcDbEntity
  8
0
 62
7
100
AcDbMText
 10
21.0
 20
-397.5
 30
0.0
 40
4.0
 41
70.0
 71
4
  1
D_033_S-FOOT
  7
DesignMate
  0
MTEXT
  5
26B
330
D7
100
AcDbEntity
  8
0
 62
7
100
AcDbMText
 10
93.0
 20
-397.5
 30
0.0
 40
4.0
 41
68.0
 71
4
  1
基础 — 独立/条形/筏板基础（地下虚线）
  7
DesignMate
  0
SOLID
  5
26C
330
D7
100
AcDbEntity
  8
0
 62
90
100
AcDbTrace
 10
163.0
 20
-394.0
 30
0.0
 11
173.0
 21
-394.0
 31
0.0
 12
163.0
 22
-401.0
 32
0.0
 13
173.0
 23
-401.0
 33
0.0
  0
MTEXT
  5
26D
330
D7
100
AcDbEntity
  8
0
 62
7
100
AcDbMText
 10
177.0
 20
-397.5
 30
0.0
 40
4.0
 71
4
  1
90
  7
DesignMate
  0
MTEXT
  5
26E
330
D7
100
AcDbEntity
  8
0
 62
7
100
AcDbMText
 10
190.0
 20
-397.5
 30
0.0
 40
4.0
 71
4
  1
淡绿
  7
DesignMate
  0
MTEXT
  5
26F
330
D7
100
AcDbEntity
  8
0
 62
7
100
AcDbMText
 10
218.0
 20
-397.5
 30
0.0
 40
4.0
 71
4
  1
0.35
  7
DesignMate
  0
MTEXT
  5
270
330
D7
100
AcDbEntity
  8
0
 62
7
100
AcDbMText
 10
230.0
 20
-397.5
 30
0.0
 40
4.0
 71
4
  1
虚线
  7
DesignMate
  0
LWPOLYLINE
  5
271
330
D7
100
AcDbEntity
  8
D_033_S-FOOT
  6
Dashed
 62
90
100
AcDbPolyline
 90
2
 70
0
 43
0.35
 10
253.0
 20
-397.5
 10
289.0
 20
-397.5
  0
LWPOLYLINE
  5
272
330
D7
100
AcDbEntity
  8
0
 62
250
100
AcDbPolyline
 90
2
 70
0
 10
0.0
 20
-403.0
 10
291.0
 20
-403.0
  0
LWPOLYLINE
  5
273
330
D7
100
AcDbEntity
  8
0
 62
9
100
AcDbPolyline
 90
4
 70
1
 10
0.0
 20
-403.0
 10
291.0
 20
-403.0
 10
291.0
 20
-414.0
 10
0.0
 20
-414.0
  0
MTEXT
  5
274
330
D7
100
AcDbEntity
  8
0
 62
7
100
AcDbMText
 10
4.0
 20
-408.5
 30
0.0
 40
4.0
 71
5
  1
34
  7
DesignMate
  0
MTEXT
  5
275
330
D7
100
AcDbEntity
  8
0
 62
7
100
AcDbMText
 10
14.0
 20
-408.5
 30
0.0
 40
4.0
 71
5
  1
S
  7
DesignMate
  0
MTEXT
  5
276
330
D7
100
AcDbEntity
  8
0
 62
7
100
AcDbMText
 10
21.0
 20
-408.5
 30
0.0
 40
4.0
 41
70.0
 71
4
  1
D_034_S-FOOT-PILE
  7
DesignMate
  0
MTEXT
  5
277
330
D7
100
AcDbEntity
  8
0
 62
7
100
AcDbMText
 10
93.0
 20
-408.5
 30
0.0
 40
4.0
 41
68.0
 71
4
  1
桩基 — 灌注桩/预制桩（地下虚线）
  7
DesignMate
  0
SOLID
  5
278
330
D7
100
AcDbEntity
  8
0
 62
101
100
AcDbTrace
 10
163.0
 20
-405.0
 30
0.0
 11
173.0
 21
-405.0
 31
0.0
 12
163.0
 22
-412.0
 32
0.0
 13
173.0
 23
-412.0
 33
0.0
  0
MTEXT
  5
279
330
D7
100
AcDbEntity
  8
0
 62
7
100
AcDbMText
 10
177.0
 20
-408.5
 30
0.0
 40
4.0
 71
4
  1
101
  7
DesignMate
  0
MTEXT
  5
27A
330
D7
100
AcDbEntity
  8
0
 62
7
100
AcDbMText
 10
190.0
 20
-408.5
 30
0.0
 40
4.0
 71
4
  1
淡绿
  7
DesignMate
  0
MTEXT
  5
27B
330
D7
100
AcDbEntity
  8
0
 62
7
100
AcDbMText
 10
218.0
 20
-408.5
 30
0.0
 40
4.0
 71
4
  1
0.25
  7
DesignMate
  0
MTEXT
  5
27C
330
D7
100
AcDbEntity
  8
0
 62
7
100
AcDbMText
 10
230.0
 20
-408.5
 30
0.0
 40
4.0
 71
4
  1
虚线
  7
DesignMate
  0
LWPOLYLINE
  5
27D
330
D7
100
AcDbEntity
  8
D_034_S-FOOT-PILE
  6
Dashed
 62
101
100
AcDbPolyline
 90
2
 70
0
 43
0.25
 10
253.0
 20
-408.5
 10
289.0
 20
-408.5
  0
LWPOLYLINE
  5
27E
330
D7
100
AcDbEntity
  8
0
 62
250
100
AcDbPolyline
 90
2
 70
0
 10
0.0
 20
-414.0
 10
291.0
 20
-414.0
  0
MTEXT
  5
27F
330
D7
100
AcDbEntity
  8
0
 62
7
100
AcDbMText
 10
4.0
 20
-419.5
 30
0.0
 40
4.0
 71
5
  1
35
  7
DesignMate
  0
MTEXT
  5
280
330
D7
100
AcDbEntity
  8
0
 62
7
100
AcDbMText
 10
14.0
 20
-419.5
 30
0.0
 40
4.0
 71
5
  1
S
  7
DesignMate
  0
MTEXT
  5
281
330
D7
100
AcDbEntity
  8
0
 62
7
100
AcDbMText
 10
21.0
 20
-419.5
 30
0.0
 40
4.0
 41
70.0
 71
4
  1
D_035_S-WALL-LOAD
  7
DesignMate
  0
MTEXT
  5
282
330
D7
100
AcDbEntity
  8
0
 62
7
100
AcDbMText
 10
93.0
 20
-419.5
 30
0.0
 40
4.0
 41
68.0
 71
4
  1
剪力墙 — 结构承重墙
  7
DesignMate
  0
SOLID
  5
283
330
D7
100
AcDbEntity
  8
0
 62
112
100
AcDbTrace
 10
163.0
 20
-416.0
 30
0.0
 11
173.0
 21
-416.0
 31
0.0
 12
163.0
 22
-423.0
 32
0.0
 13
173.0
 23
-423.0
 33
0.0
  0
MTEXT
  5
284
330
D7
100
AcDbEntity
  8
0
 62
7
100
AcDbMText
 10
177.0
 20
-419.5
 30
0.0
 40
4.0
 71
4
  1
112
  7
DesignMate
  0
MTEXT
  5
285
330
D7
100
AcDbEntity
  8
0
 62
7
100
AcDbMText
 10
190.0
 20
-419.5
 30
0.0
 40
4.0
 71
4
  1
绿
  7
DesignMate
  0
MTEXT
  5
286
330
D7
100
AcDbEntity
  8
0
 62
7
100
AcDbMText
 10
218.0
 20
-419.5
 30
0.0
 40
4.0
 71
4
  1
0.50
  7
DesignMate
  0
MTEXT
  5
287
330
D7
100
AcDbEntity
  8
0
 62
7
100
AcDbMText
 10
230.0
 20
-419.5
 30
0.0
 40
4.0
 71
4
  1
实线
  7
DesignMate
  0
LWPOLYLINE
  5
288
330
D7
100
AcDbEntity
  8
D_035_S-WALL-LOAD
  6
Continuous
 62
112
100
AcDbPolyline
 90
2
 70
0
 43
0.5
 10
253.0
 20
-419.5
 10
289.0
 20
-419.5
  0
LWPOLYLINE
  5
289
330
D7
100
AcDbEntity
  8
0
 62
250
100
AcDbPolyline
 90
2
 70
0
 10
0.0
 20
-425.0
 10
291.0
 20
-425.0
  0
LWPOLYLINE
  5
28A
330
D7
100
AcDbEntity
  8
0
 62
9
100
AcDbPolyline
 90
4
 70
1
 10
0.0
 20
-425.0
 10
291.0
 20
-425.0
 10
291.0
 20
-436.0
 10
0.0
 20
-436.0
  0
MTEXT
  5
28B
330
D7
100
AcDbEntity
  8
0
 62
7
100
AcDbMText
 10
4.0
 20
-430.5
 30
0.0
 40
4.0
 71
5
  1
36
  7
DesignMate
  0
MTEXT
  5
28C
330
D7
100
AcDbEntity
  8
0
 62
7
100
AcDbMText
 10
14.0
 20
-430.5
 30
0.0
 40
4.0
 71
5
  1
S
  7
DesignMate
  0
MTEXT
  5
28D
330
D7
100
AcDbEntity
  8
0
 62
7
100
AcDbMText
 10
21.0
 20
-430.5
 30
0.0
 40
4.0
 41
70.0
 71
4
  1
D_036_S-STRC-STAIR
  7
DesignMate
  0
MTEXT
  5
28E
330
D7
100
AcDbEntity
  8
0
 62
7
100
AcDbMText
 10
93.0
 20
-430.5
 30
0.0
 40
4.0
 41
68.0
 71
4
  1
结构楼梯 — 梯段/平台
  7
DesignMate
  0
SOLID
  5
28F
330
D7
100
AcDbEntity
  8
0
 62
123
100
AcDbTrace
 10
163.0
 20
-427.0
 30
0.0
 11
173.0
 21
-427.0
 31
0.0
 12
163.0
 22
-434.0
 32
0.0
 13
173.0
 23
-434.0
 33
0.0
  0
MTEXT
  5
290
330
D7
100
AcDbEntity
  8
0
 62
7
100
AcDbMText
 10
177.0
 20
-430.5
 30
0.0
 40
4.0
 71
4
  1
123
  7
DesignMate
  0
MTEXT
  5
291
330
D7
100
AcDbEntity
  8
0
 62
7
100
AcDbMText
 10
190.0
 20
-430.5
 30
0.0
 40
4.0
 71
4
  1
青
  7
DesignMate
  0
MTEXT
  5
292
330
D7
100
AcDbEntity
  8
0
 62
7
100
AcDbMText
 10
218.0
 20
-430.5
 30
0.0
 40
4.0
 71
4
  1
0.25
  7
DesignMate
  0
MTEXT
  5
293
330
D7
100
AcDbEntity
  8
0
 62
7
100
AcDbMText
 10
230.0
 20
-430.5
 30
0.0
 40
4.0
 71
4
  1
实线
  7
DesignMate
  0
LWPOLYLINE
  5
294
330
D7
100
AcDbEntity
  8
D_036_S-STRC-STAIR
  6
Continuous
 62
123
100
AcDbPolyline
 90
2
 70
0
 43
0.25
 10
253.0
 20
-430.5
 10
289.0
 20
-430.5
  0
LWPOLYLINE
  5
295
330
D7
100
AcDbEntity
  8
0
 62
250
100
AcDbPolyline
 90
2
 70
0
 10
0.0
 20
-436.0
 10
291.0
 20
-436.0
  0
MTEXT
  5
296
330
D7
100
AcDbEntity
  8
0
 62
7
100
AcDbMText
 10
4.0
 20
-441.5
 30
0.0
 40
4.0
 71
5
  1
37
  7
DesignMate
  0
MTEXT
  5
297
330
D7
100
AcDbEntity
  8
0
 62
7
100
AcDbMText
 10
14.0
 20
-441.5
 30
0.0
 40
4.0
 71
5
  1
S
  7
DesignMate
  0
MTEXT
  5
298
330
D7
100
AcDbEntity
  8
0
 62
7
100
AcDbMText
 10
21.0
 20
-441.5
 30
0.0
 40
4.0
 41
70.0
 71
4
  1
D_037_S-STRC-RAMP
  7
DesignMate
  0
MTEXT
  5
299
330
D7
100
AcDbEntity
  8
0
 62
7
100
AcDbMText
 10
93.0
 20
-441.5
 30
0.0
 40
4.0
 41
68.0
 71
4
  1
结构坡道 — 车库/无障碍坡道
  7
DesignMate
  0
SOLID
  5
29A
330
D7
100
AcDbEntity
  8
0
 62
134
100
AcDbTrace
 10
163.0
 20
-438.0
 30
0.0
 11
173.0
 21
-438.0
 31
0.0
 12
163.0
 22
-445.0
 32
0.0
 13
173.0
 23
-445.0
 33
0.0
  0
MTEXT
  5
29B
330
D7
100
AcDbEntity
  8
0
 62
7
100
AcDbMText
 10
177.0
 20
-441.5
 30
0.0
 40
4.0
 71
4
  1
134
  7
DesignMate
  0
MTEXT
  5
29C
330
D7
100
AcDbEntity
  8
0
 62
7
100
AcDbMText
 10
190.0
 20
-441.5
 30
0.0
 40
4.0
 71
4
  1
青
  7
DesignMate
  0
MTEXT
  5
29D
330
D7
100
AcDbEntity
  8
0
 62
7
100
AcDbMText
 10
218.0
 20
-441.5
 30
0.0
 40
4.0
 71
4
  1
0.25
  7
DesignMate
  0
MTEXT
  5
29E
330
D7
100
AcDbEntity
  8
0
 62
7
100
AcDbMText
 10
230.0
 20
-441.5
 30
0.0
 40
4.0
 71
4
  1
实线
  7
DesignMate
  0
LWPOLYLINE
  5
29F
330
D7
100
AcDbEntity
  8
D_037_S-STRC-RAMP
  6
Continuous
 62
134
100
AcDbPolyline
 90
2
 70
0
 43
0.25
 10
253.0
 20
-441.5
 10
289.0
 20
-441.5
  0
LWPOLYLINE
  5
2A0
330
D7
100
AcDbEntity
  8
0
 62
250
100
AcDbPolyline
 90
2
 70
0
 10
0.0
 20
-447.0
 10
291.0
 20
-447.0
  0
LWPOLYLINE
  5
2A1
330
D7
100
AcDbEntity
  8
0
 62
9
100
AcDbPolyline
 90
4
 70
1
 10
0.0
 20
-447.0
 10
291.0
 20
-447.0
 10
291.0
 20
-458.0
 10
0.0
 20
-458.0
  0
MTEXT
  5
2A2
330
D7
100
AcDbEntity
  8
0
 62
7
100
AcDbMText
 10
4.0
 20
-452.5
 30
0.0
 40
4.0
 71
5
  1
38
  7
DesignMate
  0
MTEXT
  5
2A3
330
D7
100
AcDbEntity
  8
0
 62
7
100
AcDbMText
 10
14.0
 20
-452.5
 30
0.0
 40
4.0
 71
5
  1
S
  7
DesignMate
  0
MTEXT
  5
2A4
330
D7
100
AcDbEntity
  8
0
 62
7
100
AcDbMText
 10
21.0
 20
-452.5
 30
0.0
 40
4.0
 41
70.0
 71
4
  1
D_038_S-REINF
  7
DesignMate
  0
MTEXT
  5
2A5
330
D7
100
AcDbEntity
  8
0
 62
7
100
AcDbMText
 10
93.0
 20
-452.5
 30
0.0
 40
4.0
 41
68.0
 71
4
  1
钢筋 — 配筋图钢筋线
  7
DesignMate
  0
SOLID
  5
2A6
330
D7
100
AcDbEntity
  8
0
 62
145
100
AcDbTrace
 10
163.0
 20
-449.0
 30
0.0
 11
173.0
 21
-449.0
 31
0.0
 12
163.0
 22
-456.0
 32
0.0
 13
173.0
 23
-456.0
 33
0.0
  0
MTEXT
  5
2A7
330
D7
100
AcDbEntity
  8
0
 62
7
100
AcDbMText
 10
177.0
 20
-452.5
 30
0.0
 40
4.0
 71
4
  1
145
  7
DesignMate
  0
MTEXT
  5
2A8
330
D7
100
AcDbEntity
  8
0
 62
7
100
AcDbMText
 10
190.0
 20
-452.5
 30
0.0
 40
4.0
 71
4
  1
蓝
  7
DesignMate
  0
MTEXT
  5
2A9
330
D7
100
AcDbEntity
  8
0
 62
7
100
AcDbMText
 10
218.0
 20
-452.5
 30
0.0
 40
4.0
 71
4
  1
0.15
  7
DesignMate
  0
MTEXT
  5
2AA
330
D7
100
AcDbEntity
  8
0
 62
7
100
AcDbMText
 10
230.0
 20
-452.5
 30
0.0
 40
4.0
 71
4
  1
实线
  7
DesignMate
  0
LWPOLYLINE
  5
2AB
330
D7
100
AcDbEntity
  8
D_038_S-REINF
  6
Continuous
 62
145
100
AcDbPolyline
 90
2
 70
0
 43
0.15
 10
253.0
 20
-452.5
 10
289.0
 20
-452.5
  0
LWPOLYLINE
  5
2AC
330
D7
100
AcDbEntity
  8
0
 62
250
100
AcDbPolyline
 90
2
 70
0
 10
0.0
 20
-458.0
 10
291.0
 20
-458.0
  0
MTEXT
  5
2AD
330
D7
100
AcDbEntity
  8
0
 62
7
100
AcDbMText
 10
4.0
 20
-463.5
 30
0.0
 40
4.0
 71
5
  1
39
  7
DesignMate
  0
MTEXT
  5
2AE
330
D7
100
AcDbEntity
  8
0
 62
7
100
AcDbMText
 10
14.0
 20
-463.5
 30
0.0
 40
4.0
 71
5
  1
S
  7
DesignMate
  0
MTEXT
  5
2AF
330
D7
100
AcDbEntity
  8
0
 62
7
100
AcDbMText
 10
21.0
 20
-463.5
 30
0.0
 40
4.0
 41
70.0
 71
4
  1
D_039_S-ANNO-DIMS
  7
DesignMate
  0
MTEXT
  5
2B0
330
D7
100
AcDbEntity
  8
0
 62
7
100
AcDbMText
 10
93.0
 20
-463.5
 30
0.0
 40
4.0
 41
68.0
 71
4
  1
结构尺寸标注
  7
DesignMate
  0
SOLID
  5
2B1
330
D7
100
AcDbEntity
  8
0
 62
156
100
AcDbTrace
 10
163.0
 20
-460.0
 30
0.0
 11
173.0
 21
-460.0
 31
0.0
 12
163.0
 22
-467.0
 32
0.0
 13
173.0
 23
-467.0
 33
0.0
  0
MTEXT
  5
2B2
330
D7
100
AcDbEntity
  8
0
 62
7
100
AcDbMText
 10
177.0
 20
-463.5
 30
0.0
 40
4.0
 71
4
  1
156
  7
DesignMate
  0
MTEXT
  5
2B3
330
D7
100
AcDbEntity
  8
0
 62
7
100
AcDbMText
 10
190.0
 20
-463.5
 30
0.0
 40
4.0
 71
4
  1
深蓝
  7
DesignMate
  0
MTEXT
  5
2B4
330
D7
100
AcDbEntity
  8
0
 62
7
100
AcDbMText
 10
218.0
 20
-463.5
 30
0.0
 40
4.0
 71
4
  1
0.15
  7
DesignMate
  0
MTEXT
  5
2B5
330
D7
100
AcDbEntity
  8
0
 62
7
100
AcDbMText
 10
230.0
 20
-463.5
 30
0.0
 40
4.0
 71
4
  1
实线
  7
DesignMate
  0
LWPOLYLINE
  5
2B6
330
D7
100
AcDbEntity
  8
D_039_S-ANNO-DIMS
  6
Continuous
 62
156
100
AcDbPolyline
 90
2
 70
0
 43
0.15
 10
253.0
 20
-463.5
 10
289.0
 20
-463.5
  0
LWPOLYLINE
  5
2B7
330
D7
100
AcDbEntity
  8
0
 62
250
100
AcDbPolyline
 90
2
 70
0
 10
0.0
 20
-469.0
 10
291.0
 20
-469.0
  0
LWPOLYLINE
  5
2B8
330
D7
100
AcDbEntity
  8
0
 62
9
100
AcDbPolyline
 90
4
 70
1
 10
0.0
 20
-469.0
 10
291.0
 20
-469.0
 10
291.0
 20
-480.0
 10
0.0
 20
-480.0
  0
MTEXT
  5
2B9
330
D7
100
AcDbEntity
  8
0
 62
7
100
AcDbMText
 10
4.0
 20
-474.5
 30
0.0
 40
4.0
 71
5
  1
40
  7
DesignMate
  0
MTEXT
  5
2BA
330
D7
100
AcDbEntity
  8
0
 62
7
100
AcDbMText
 10
14.0
 20
-474.5
 30
0.0
 40
4.0
 71
5
  1
S
  7
DesignMate
  0
MTEXT
  5
2BB
330
D7
100
AcDbEntity
  8
0
 62
7
100
AcDbMText
 10
21.0
 20
-474.5
 30
0.0
 40
4.0
 41
70.0
 71
4
  1
D_040_S-ANNO-TEXT
  7
DesignMate
  0
MTEXT
  5
2BC
330
D7
100
AcDbEntity
  8
0
 62
7
100
AcDbMText
 10
93.0
 20
-474.5
 30
0.0
 40
4.0
 41
68.0
 71
4
  1
结构文字标注 — 构件编号/说明
  7
DesignMate
  0
SOLID
  5
2BD
330
D7
100
AcDbEntity
  8
0
 62
167
100
AcDbTrace
 10
163.0
 20
-471.0
 30
0.0
 11
173.0
 21
-471.0
 31
0.0
 12
163.0
 22
-478.0
 32
0.0
 13
173.0
 23
-478.0
 33
0.0
  0
MTEXT
  5
2BE
330
D7
100
AcDbEntity
  8
0
 62
7
100
AcDbMText
 10
177.0
 20
-474.5
 30
0.0
 40
4.0
 71
4
  1
167
  7
DesignMate
  0
MTEXT
  5
2BF
330
D7
100
AcDbEntity
  8
0
 62
7
100
AcDbMText
 10
190.0
 20
-474.5
 30
0.0
 40
4.0
 71
4
  1
蓝紫
  7
DesignMate
  0
MTEXT
  5
2C0
330
D7
100
AcDbEntity
  8
0
 62
7
100
AcDbMText
 10
218.0
 20
-474.5
 30
0.0
 40
4.0
 71
4
  1
0.15
  7
DesignMate
  0
MTEXT
  5
2C1
330
D7
100
AcDbEntity
  8
0
 62
7
100
AcDbMText
 10
230.0
 20
-474.5
 30
0.0
 40
4.0
 71
4
  1
实线
  7
DesignMate
  0
LWPOLYLINE
  5
2C2
330
D7
100
AcDbEntity
  8
D_040_S-ANNO-TEXT
  6
Continuous
 62
167
100
AcDbPolyline
 90
2
 70
0
 43
0.15
 10
253.0
 20
-474.5
 10
289.0
 20
-474.5
  0
LWPOLYLINE
  5
2C3
330
D7
100
AcDbEntity
  8
0
 62
250
100
AcDbPolyline
 90
2
 70
0
 10
0.0
 20
-480.0
 10
291.0
 20
-480.0
  0
SOLID
  5
2C4
330
D7
100
AcDbEntity
  8
0
 62
206
100
AcDbTrace
 10
0.0
 20
-480.0
 30
0.0
 11
291.0
 21
-480.0
 31
0.0
 12
0.0
 22
-492.0
 32
0.0
 13
291.0
 23
-492.0
 33
0.0
  0
LWPOLYLINE
  5
2C5
330
D7
100
AcDbEntity
  8
0
 62
250
100
AcDbPolyline
 90
2
 70
0
 43
0.25
 10
0.0
 20
-492.0
 10
291.0
 20
-492.0
  0
MTEXT
  5
2C6
330
D7
100
AcDbEntity
  8
0
 62
7
100
AcDbMText
 10
12.0
 20
-486.0
 30
0.0
 40
5.6
 71
4
  1
E / 强电 Electrical / 12 图层
  7
DM_GroupTitle
  0
MTEXT
  5
2C7
330
D7
100
AcDbEntity
  8
0
 62
7
100
AcDbMText
 10
4.0
 20
-497.5
 30
0.0
 40
4.0
 71
5
  1
41
  7
DesignMate
  0
MTEXT
  5
2C8
330
D7
100
AcDbEntity
  8
0
 62
7
100
AcDbMText
 10
14.0
 20
-497.5
 30
0.0
 40
4.0
 71
5
  1
E
  7
DesignMate
  0
MTEXT
  5
2C9
330
D7
100
AcDbEntity
  8
0
 62
7
100
AcDbMText
 10
21.0
 20
-497.5
 30
0.0
 40
4.0
 41
70.0
 71
4
  1
D_041_E-LIGHT
  7
DesignMate
  0
MTEXT
  5
2CA
330
D7
100
AcDbEntity
  8
0
 62
7
100
AcDbMText
 10
93.0
 20
-497.5
 30
0.0
 40
4.0
 41
68.0
 71
4
  1
照明 — 灯具及布线
  7
DesignMate
  0
SOLID
  5
2CB
330
D7
100
AcDbEntity
  8
0
 62
178
100
AcDbTrace
 10
163.0
 20
-494.0
 30
0.0
 11
173.0
 21
-494.0
 31
0.0
 12
163.0
 22
-501.0
 32
0.0
 13
173.0
 23
-501.0
 33
0.0
  0
MTEXT
  5
2CC
330
D7
100
AcDbEntity
  8
0
 62
7
100
AcDbMText
 10
177.0
 20
-497.5
 30
0.0
 40
4.0
 71
4
  1
178
  7
DesignMate
  0
MTEXT
  5
2CD
330
D7
100
AcDbEntity
  8
0
 62
7
100
AcDbMText
 10
190.0
 20
-497.5
 30
0.0
 40
4.0
 71
4
  1
暗蓝紫
  7
DesignMate
  0
MTEXT
  5
2CE
330
D7
100
AcDbEntity
  8
0
 62
7
100
AcDbMText
 10
218.0
 20
-497.5
 30
0.0
 40
4.0
 71
4
  1
0.25
  7
DesignMate
  0
MTEXT
  5
2CF
330
D7
100
AcDbEntity
  8
0
 62
7
100
AcDbMText
 10
230.0
 20
-497.5
 30
0.0
 40
4.0
 71
4
  1
实线
  7
DesignMate
  0
LWPOLYLINE
  5
2D0
330
D7
100
AcDbEntity
  8
D_041_E-LIGHT
  6
Continuous
 62
178
100
AcDbPolyline
 90
2
 70
0
 43
0.25
 10
253.0
 20
-497.5
 10
289.0
 20
-497.5
  0
LWPOLYLINE
  5
2D1
330
D7
100
AcDbEntity
  8
0
 62
250
100
AcDbPolyline
 90
2
 70
0
 10
0.0
 20
-503.0
 10
291.0
 20
-503.0
  0
LWPOLYLINE
  5
2D2
330
D7
100
AcDbEntity
  8
0
 62
9
100
AcDbPolyline
 90
4
 70
1
 10
0.0
 20
-503.0
 10
291.0
 20
-503.0
 10
291.0
 20
-514.0
 10
0.0
 20
-514.0
  0
MTEXT
  5
2D3
330
D7
100
AcDbEntity
  8
0
 62
7
100
AcDbMText
 10
4.0
 20
-508.5
 30
0.0
 40
4.0
 71
5
  1
42
  7
DesignMate
  0
MTEXT
  5
2D4
330
D7
100
AcDbEntity
  8
0
 62
7
100
AcDbMText
 10
14.0
 20
-508.5
 30
0.0
 40
4.0
 71
5
  1
E
  7
DesignMate
  0
MTEXT
  5
2D5
330
D7
100
AcDbEntity
  8
0
 62
7
100
AcDbMText
 10
21.0
 20
-508.5
 30
0.0
 40
4.0
 41
70.0
 71
4
  1
D_042_E-LIGHT-EMER
  7
DesignMate
  0
MTEXT
  5
2D6
330
D7
100
AcDbEntity
  8
0
 62
7
100
AcDbMText
 10
93.0
 20
-508.5
 30
0.0
 40
4.0
 41
68.0
 71
4
  1
应急照明 — 疏散指示灯/应急灯
  7
DesignMate
  0
SOLID
  5
2D7
330
D7
100
AcDbEntity
  8
0
 62
189
100
AcDbTrace
 10
163.0
 20
-505.0
 30
0.0
 11
173.0
 21
-505.0
 31
0.0
 12
163.0
 22
-512.0
 32
0.0
 13
173.0
 23
-512.0
 33
0.0
  0
MTEXT
  5
2D8
330
D7
100
AcDbEntity
  8
0
 62
7
100
AcDbMText
 10
177.0
 20
-508.5
 30
0.0
 40
4.0
 71
4
  1
189
  7
DesignMate
  0
MTEXT
  5
2D9
330
D7
100
AcDbEntity
  8
0
 62
7
100
AcDbMText
 10
190.0
 20
-508.5
 30
0.0
 40
4.0
 71
4
  1
深蓝紫
  7
DesignMate
  0
MTEXT
  5
2DA
330
D7
100
AcDbEntity
  8
0
 62
7
100
AcDbMText
 10
218.0
 20
-508.5
 30
0.0
 40
4.0
 71
4
  1
0.25
  7
DesignMate
  0
MTEXT
  5
2DB
330
D7
100
AcDbEntity
  8
0
 62
7
100
AcDbMText
 10
230.0
 20
-508.5
 30
0.0
 40
4.0
 71
4
  1
实线
  7
DesignMate
  0
LWPOLYLINE
  5
2DC
330
D7
100
AcDbEntity
  8
D_042_E-LIGHT-EMER
  6
Continuous
 62
189
100
AcDbPolyline
 90
2
 70
0
 43
0.25
 10
253.0
 20
-508.5
 10
289.0
 20
-508.5
  0
LWPOLYLINE
  5
2DD
330
D7
100
AcDbEntity
  8
0
 62
250
100
AcDbPolyline
 90
2
 70
0
 10
0.0
 20
-514.0
 10
291.0
 20
-514.0
  0
MTEXT
  5
2DE
330
D7
100
AcDbEntity
  8
0
 62
7
100
AcDbMText
 10
4.0
 20
-519.5
 30
0.0
 40
4.0
 71
5
  1
43
  7
DesignMate
  0
MTEXT
  5
2DF
330
D7
100
AcDbEntity
  8
0
 62
7
100
AcDbMText
 10
14.0
 20
-519.5
 30
0.0
 40
4.0
 71
5
  1
E
  7
DesignMate
  0
MTEXT
  5
2E0
330
D7
100
AcDbEntity
  8
0
 62
7
100
AcDbMText
 10
21.0
 20
-519.5
 30
0.0
 40
4.0
 41
70.0
 71
4
  1
D_043_E-POWR
  7
DesignMate
  0
MTEXT
  5
2E1
330
D7
100
AcDbEntity
  8
0
 62
7
100
AcDbMText
 10
93.0
 20
-519.5
 30
0.0
 40
4.0
 41
68.0
 71
4
  1
电力干线 — 配电主干线路
  7
DesignMate
  0
SOLID
  5
2E2
330
D7
100
AcDbEntity
  8
0
 62
200
100
AcDbTrace
 10
163.0
 20
-516.0
 30
0.0
 11
173.0
 21
-516.0
 31
0.0
 12
163.0
 22
-523.0
 32
0.0
 13
173.0
 23
-523.0
 33
0.0
  0
MTEXT
  5
2E3
330
D7
100
AcDbEntity
  8
0
 62
7
100
AcDbMText
 10
177.0
 20
-519.5
 30
0.0
 40
4.0
 71
4
  1
200
  7
DesignMate
  0
MTEXT
  5
2E4
330
D7
100
AcDbEntity
  8
0
 62
7
100
AcDbMText
 10
190.0
 20
-519.5
 30
0.0
 40
4.0
 71
4
  1
淡品红
  7
DesignMate
  0
MTEXT
  5
2E5
330
D7
100
AcDbEntity
  8
0
 62
7
100
AcDbMText
 10
218.0
 20
-519.5
 30
0.0
 40
4.0
 71
4
  1
0.35
  7
DesignMate
  0
MTEXT
  5
2E6
330
D7
100
AcDbEntity
  8
0
 62
7
100
AcDbMText
 10
230.0
 20
-519.5
 30
0.0
 40
4.0
 71
4
  1
实线
  7
DesignMate
  0
LWPOLYLINE
  5
2E7
330
D7
100
AcDbEntity
  8
D_043_E-POWR
  6
Continuous
 62
200
100
AcDbPolyline
 90
2
 70
0
 43
0.35
 10
253.0
 20
-519.5
 10
289.0
 20
-519.5
  0
LWPOLYLINE
  5
2E8
330
D7
100
AcDbEntity
  8
0
 62
250
100
AcDbPolyline
 90
2
 70
0
 10
0.0
 20
-525.0
 10
291.0
 20
-525.0
  0
LWPOLYLINE
  5
2E9
330
D7
100
AcDbEntity
  8
0
 62
9
100
AcDbPolyline
 90
4
 70
1
 10
0.0
 20
-525.0
 10
291.0
 20
-525.0
 10
291.0
 20
-536.0
 10
0.0
 20
-536.0
  0
MTEXT
  5
2EA
330
D7
100
AcDbEntity
  8
0
 62
7
100
AcDbMText
 10
4.0
 20
-530.5
 30
0.0
 40
4.0
 71
5
  1
44
  7
DesignMate
  0
MTEXT
  5
2EB
330
D7
100
AcDbEntity
  8
0
 62
7
100
AcDbMText
 10
14.0
 20
-530.5
 30
0.0
 40
4.0
 71
5
  1
E
  7
DesignMate
  0
MTEXT
  5
2EC
330
D7
100
AcDbEntity
  8
0
 62
7
100
AcDbMText
 10
21.0
 20
-530.5
 30
0.0
 40
4.0
 41
70.0
 71
4
  1
D_044_E-POWR-CIRC
  7
DesignMate
  0
MTEXT
  5
2ED
330
D7
100
AcDbEntity
  8
0
 62
7
100
AcDbMText
 10
93.0
 20
-530.5
 30
0.0
 40
4.0
 41
68.0
 71
4
  1
电力支线 — 插座/设备回路
  7
DesignMate
  0
SOLID
  5
2EE
330
D7
100
AcDbEntity
  8
0
 62
211
100
AcDbTrace
 10
163.0
 20
-527.0
 30
0.0
 11
173.0
 21
-527.0
 31
0.0
 12
163.0
 22
-534.0
 32
0.0
 13
173.0
 23
-534.0
 33
0.0
  0
MTEXT
  5
2EF
330
D7
100
AcDbEntity
  8
0
 62
7
100
AcDbMText
 10
177.0
 20
-530.5
 30
0.0
 40
4.0
 71
4
  1
211
  7
DesignMate
  0
MTEXT
  5
2F0
330
D7
100
AcDbEntity
  8
0
 62
7
100
AcDbMText
 10
190.0
 20
-530.5
 30
0.0
 40
4.0
 71
4
  1
淡品红
  7
DesignMate
  0
MTEXT
  5
2F1
330
D7
100
AcDbEntity
  8
0
 62
7
100
AcDbMText
 10
218.0
 20
-530.5
 30
0.0
 40
4.0
 71
4
  1
0.25
  7
DesignMate
  0
MTEXT
  5
2F2
330
D7
100
AcDbEntity
  8
0
 62
7
100
AcDbMText
 10
230.0
 20
-530.5
 30
0.0
 40
4.0
 71
4
  1
实线
  7
DesignMate
  0
LWPOLYLINE
  5
2F3
330
D7
100
AcDbEntity
  8
D_044_E-POWR-CIRC
  6
Continuous
 62
211
100
AcDbPolyline
 90
2
 70
0
 43
0.25
 10
253.0
 20
-530.5
 10
289.0
 20
-530.5
  0
LWPOLYLINE
  5
2F4
330
D7
100
AcDbEntity
  8
0
 62
250
100
AcDbPolyline
 90
2
 70
0
 10
0.0
 20
-536.0
 10
291.0
 20
-536.0
  0
MTEXT
  5
2F5
330
D7
100
AcDbEntity
  8
0
 62
7
100
AcDbMText
 10
4.0
 20
-541.5
 30
0.0
 40
4.0
 71
5
  1
45
  7
DesignMate
  0
MTEXT
  5
2F6
330
D7
100
AcDbEntity
  8
0
 62
7
100
AcDbMText
 10
14.0
 20
-541.5
 30
0.0
 40
4.0
 71
5
  1
E
  7
DesignMate
  0
MTEXT
  5
2F7
330
D7
100
AcDbEntity
  8
0
 62
7
100
AcDbMText
 10
21.0
 20
-541.5
 30
0.0
 40
4.0
 41
70.0
 71
4
  1
D_045_E-POWR-EQPM
  7
DesignMate
  0
MTEXT
  5
2F8
330
D7
100
AcDbEntity
  8
0
 62
7
100
AcDbMText
 10
93.0
 20
-541.5
 30
0.0
 40
4.0
 41
68.0
 71
4
  1
电力设备 — 配电箱/变压器
  7
DesignMate
  0
SOLID
  5
2F9
330
D7
100
AcDbEntity
  8
0
 62
222
100
AcDbTrace
 10
163.0
 20
-538.0
 30
0.0
 11
173.0
 21
-538.0
 31
0.0
 12
163.0
 22
-545.0
 32
0.0
 13
173.0
 23
-545.0
 33
0.0
  0
MTEXT
  5
2FA
330
D7
100
AcDbEntity
  8
0
 62
7
100
AcDbMText
 10
177.0
 20
-541.5
 30
0.0
 40
4.0
 71
4
  1
222
  7
DesignMate
  0
MTEXT
  5
2FB
330
D7
100
AcDbEntity
  8
0
 62
7
100
AcDbMText
 10
190.0
 20
-541.5
 30
0.0
 40
4.0
 71
4
  1
品红
  7
DesignMate
  0
MTEXT
  5
2FC
330
D7
100
AcDbEntity
  8
0
 62
7
100
AcDbMText
 10
218.0
 20
-541.5
 30
0.0
 40
4.0
 71
4
  1
0.25
  7
DesignMate
  0
MTEXT
  5
2FD
330
D7
100
AcDbEntity
  8
0
 62
7
100
AcDbMText
 10
230.0
 20
-541.5
 30
0.0
 40
4.0
 71
4
  1
实线
  7
DesignMate
  0
LWPOLYLINE
  5
2FE
330
D7
100
AcDbEntity
  8
D_045_E-POWR-EQPM
  6
Continuous
 62
222
100
AcDbPolyline
 90
2
 70
0
 43
0.25
 10
253.0
 20
-541.5
 10
289.0
 20
-541.5
  0
LWPOLYLINE
  5
2FF
330
D7
100
AcDbEntity
  8
0
 62
250
100
AcDbPolyline
 90
2
 70
0
 10
0.0
 20
-547.0
 10
291.0
 20
-547.0
  0
LWPOLYLINE
  5
300
330
D7
100
AcDbEntity
  8
0
 62
9
100
AcDbPolyline
 90
4
 70
1
 10
0.0
 20
-547.0
 10
291.0
 20
-547.0
 10
291.0
 20
-558.0
 10
0.0
 20
-558.0
  0
MTEXT
  5
301
330
D7
100
AcDbEntity
  8
0
 62
7
100
AcDbMText
 10
4.0
 20
-552.5
 30
0.0
 40
4.0
 71
5
  1
46
  7
DesignMate
  0
MTEXT
  5
302
330
D7
100
AcDbEntity
  8
0
 62
7
100
AcDbMText
 10
14.0
 20
-552.5
 30
0.0
 40
4.0
 71
5
  1
E
  7
DesignMate
  0
MTEXT
  5
303
330
D7
100
AcDbEntity
  8
0
 62
7
100
AcDbMText
 10
21.0
 20
-552.5
 30
0.0
 40
4.0
 41
70.0
 71
4
  1
D_046_E-PANEL
  7
DesignMate
  0
MTEXT
  5
304
330
D7
100
AcDbEntity
  8
0
 62
7
100
AcDbMText
 10
93.0
 20
-552.5
 30
0.0
 40
4.0
 41
68.0
 71
4
  1
配电盘 — 配电柜/控制盘
  7
DesignMate
  0
SOLID
  5
305
330
D7
100
AcDbEntity
  8
0
 62
233
100
AcDbTrace
 10
163.0
 20
-549.0
 30
0.0
 11
173.0
 21
-549.0
 31
0.0
 12
163.0
 22
-556.0
 32
0.0
 13
173.0
 23
-556.0
 33
0.0
  0
MTEXT
  5
306
330
D7
100
AcDbEntity
  8
0
 62
7
100
AcDbMText
 10
177.0
 20
-552.5
 30
0.0
 40
4.0
 71
4
  1
233
  7
DesignMate
  0
MTEXT
  5
307
330
D7
100
AcDbEntity
  8
0
 62
7
100
AcDbMText
 10
190.0
 20
-552.5
 30
0.0
 40
4.0
 71
4
  1
粉红
  7
DesignMate
  0
MTEXT
  5
308
330
D7
100
AcDbEntity
  8
0
 62
7
100
AcDbMText
 10
218.0
 20
-552.5
 30
0.0
 40
4.0
 71
4
  1
0.25
  7
DesignMate
  0
MTEXT
  5
309
330
D7
100
AcDbEntity
  8
0
 62
7
100
AcDbMText
 10
230.0
 20
-552.5
 30
0.0
 40
4.0
 71
4
  1
实线
  7
DesignMate
  0
LWPOLYLINE
  5
30A
330
D7
100
AcDbEntity
  8
D_046_E-PANEL
  6
Continuous
 62
233
100
AcDbPolyline
 90
2
 70
0
 43
0.25
 10
253.0
 20
-552.5
 10
289.0
 20
-552.5
  0
LWPOLYLINE
  5
30B
330
D7
100
AcDbEntity
  8
0
 62
250
100
AcDbPolyline
 90
2
 70
0
 10
0.0
 20
-558.0
 10
291.0
 20
-558.0
  0
MTEXT
  5
30C
330
D7
100
AcDbEntity
  8
0
 62
7
100
AcDbMText
 10
4.0
 20
-563.5
 30
0.0
 40
4.0
 71
5
  1
47
  7
DesignMate
  0
MTEXT
  5
30D
330
D7
100
AcDbEntity
  8
0
 62
7
100
AcDbMText
 10
14.0
 20
-563.5
 30
0.0
 40
4.0
 71
5
  1
E
  7
DesignMate
  0
MTEXT
  5
30E
330
D7
100
AcDbEntity
  8
0
 62
7
100
AcDbMText
 10
21.0
 20
-563.5
 30
0.0
 40
4.0
 41
70.0
 71
4
  1
D_047_E-COND
  7
DesignMate
  0
MTEXT
  5
30F
330
D7
100
AcDbEntity
  8
0
 62
7
100
AcDbMText
 10
93.0
 20
-563.5
 30
0.0
 40
4.0
 41
68.0
 71
4
  1
管线 — 线管/桥架/线槽（隐蔽路由）
  7
DesignMate
  0
SOLID
  5
310
330
D7
100
AcDbEntity
  8
0
 62
244
100
AcDbTrace
 10
163.0
 20
-560.0
 30
0.0
 11
173.0
 21
-560.0
 31
0.0
 12
163.0
 22
-567.0
 32
0.0
 13
173.0
 23
-567.0
 33
0.0
  0
MTEXT
  5
311
330
D7
100
AcDbEntity
  8
0
 62
7
100
AcDbMText
 10
177.0
 20
-563.5
 30
0.0
 40
4.0
 71
4
  1
244
  7
DesignMate
  0
MTEXT
  5
312
330
D7
100
AcDbEntity
  8
0
 62
7
100
AcDbMText
 10
190.0
 20
-563.5
 30
0.0
 40
4.0
 71
4
  1
玫红
  7
DesignMate
  0
MTEXT
  5
313
330
D7
100
AcDbEntity
  8
0
 62
7
100
AcDbMText
 10
218.0
 20
-563.5
 30
0.0
 40
4.0
 71
4
  1
0.15
  7
DesignMate
  0
MTEXT
  5
314
330
D7
100
AcDbEntity
  8
0
 62
7
100
AcDbMText
 10
230.0
 20
-563.5
 30
0.0
 40
4.0
 71
4
  1
虚线
  7
DesignMate
  0
LWPOLYLINE
  5
315
330
D7
100
AcDbEntity
  8
D_047_E-COND
  6
Dashed
 62
244
100
AcDbPolyline
 90
2
 70
0
 43
0.15
 10
253.0
 20
-563.5
 10
289.0
 20
-563.5
  0
LWPOLYLINE
  5
316
330
D7
100
AcDbEntity
  8
0
 62
250
100
AcDbPolyline
 90
2
 70
0
 10
0.0
 20
-569.0
 10
291.0
 20
-569.0
  0
LWPOLYLINE
  5
317
330
D7
100
AcDbEntity
  8
0
 62
9
100
AcDbPolyline
 90
4
 70
1
 10
0.0
 20
-569.0
 10
291.0
 20
-569.0
 10
291.0
 20
-580.0
 10
0.0
 20
-580.0
  0
MTEXT
  5
318
330
D7
100
AcDbEntity
  8
0
 62
7
100
AcDbMText
 10
4.0
 20
-574.5
 30
0.0
 40
4.0
 71
5
  1
48
  7
DesignMate
  0
MTEXT
  5
319
330
D7
100
AcDbEntity
  8
0
 62
7
100
AcDbMText
 10
14.0
 20
-574.5
 30
0.0
 40
4.0
 71
5
  1
E
  7
DesignMate
  0
MTEXT
  5
31A
330
D7
100
AcDbEntity
  8
0
 62
7
100
AcDbMText
 10
21.0
 20
-574.5
 30
0.0
 40
4.0
 41
70.0
 71
4
  1
D_048_E-GRND
  7
DesignMate
  0
MTEXT
  5
31B
330
D7
100
AcDbEntity
  8
0
 62
7
100
AcDbMText
 10
93.0
 20
-574.5
 30
0.0
 40
4.0
 41
68.0
 71
4
  1
接地 — 接地极/等电位联结（地下虚线）
  7
DesignMate
  0
SOLID
  5
31C
330
D7
100
AcDbEntity
  8
0
 62
3
100
AcDbTrace
 10
163.0
 20
-571.0
 30
0.0
 11
173.0
 21
-571.0
 31
0.0
 12
163.0
 22
-578.0
 32
0.0
 13
173.0
 23
-578.0
 33
0.0
  0
MTEXT
  5
31D
330
D7
100
AcDbEntity
  8
0
 62
7
100
AcDbMText
 10
177.0
 20
-574.5
 30
0.0
 40
4.0
 71
4
  1
3
  7
DesignMate
  0
MTEXT
  5
31E
330
D7
100
AcDbEntity
  8
0
 62
7
100
AcDbMText
 10
190.0
 20
-574.5
 30
0.0
 40
4.0
 71
4
  1
绿
  7
DesignMate
  0
MTEXT
  5
31F
330
D7
100
AcDbEntity
  8
0
 62
7
100
AcDbMText
 10
218.0
 20
-574.5
 30
0.0
 40
4.0
 71
4
  1
0.15
  7
DesignMate
  0
MTEXT
  5
320
330
D7
100
AcDbEntity
  8
0
 62
7
100
AcDbMText
 10
230.0
 20
-574.5
 30
0.0
 40
4.0
 71
4
  1
虚线
  7
DesignMate
  0
LWPOLYLINE
  5
321
330
D7
100
AcDbEntity
  8
D_048_E-GRND
  6
Dashed
 62
3
100
AcDbPolyline
 90
2
 70
0
 43
0.15
 10
253.0
 20
-574.5
 10
289.0
 20
-574.5
  0
LWPOLYLINE
  5
322
330
D7
100
AcDbEntity
  8
0
 62
250
100
AcDbPolyline
 90
2
 70
0
 10
0.0
 20
-580.0
 10
291.0
 20
-580.0
  0
MTEXT
  5
323
330
D7
100
AcDbEntity
  8
0
 62
7
100
AcDbMText
 10
4.0
 20
-585.5
 30
0.0
 40
4.0
 71
5
  1
49
  7
DesignMate
  0
MTEXT
  5
324
330
D7
100
AcDbEntity
  8
0
 62
7
100
AcDbMText
 10
14.0
 20
-585.5
 30
0.0
 40
4.0
 71
5
  1
E
  7
DesignMate
  0
MTEXT
  5
325
330
D7
100
AcDbEntity
  8
0
 62
7
100
AcDbMText
 10
21.0
 20
-585.5
 30
0.0
 40
4.0
 41
70.0
 71
4
  1
D_049_E-OUTL
  7
DesignMate
  0
MTEXT
  5
326
330
D7
100
AcDbEntity
  8
0
 62
7
100
AcDbMText
 10
93.0
 20
-585.5
 30
0.0
 40
4.0
 41
68.0
 71
4
  1
插座 — 电源/数据插座
  7
DesignMate
  0
SOLID
  5
327
330
D7
100
AcDbEntity
  8
0
 62
14
100
AcDbTrace
 10
163.0
 20
-582.0
 30
0.0
 11
173.0
 21
-582.0
 31
0.0
 12
163.0
 22
-589.0
 32
0.0
 13
173.0
 23
-589.0
 33
0.0
  0
MTEXT
  5
328
330
D7
100
AcDbEntity
  8
0
 62
7
100
AcDbMText
 10
177.0
 20
-585.5
 30
0.0
 40
4.0
 71
4
  1
14
  7
DesignMate
  0
MTEXT
  5
329
330
D7
100
AcDbEntity
  8
0
 62
7
100
AcDbMText
 10
190.0
 20
-585.5
 30
0.0
 40
4.0
 71
4
  1
红
  7
DesignMate
  0
MTEXT
  5
32A
330
D7
100
AcDbEntity
  8
0
 62
7
100
AcDbMText
 10
218.0
 20
-585.5
 30
0.0
 40
4.0
 71
4
  1
0.15
  7
DesignMate
  0
MTEXT
  5
32B
330
D7
100
AcDbEntity
  8
0
 62
7
100
AcDbMText
 10
230.0
 20
-585.5
 30
0.0
 40
4.0
 71
4
  1
实线
  7
DesignMate
  0
LWPOLYLINE
  5
32C
330
D7
100
AcDbEntity
  8
D_049_E-OUTL
  6
Continuous
 62
14
100
AcDbPolyline
 90
2
 70
0
 43
0.15
 10
253.0
 20
-585.5
 10
289.0
 20
-585.5
  0
LWPOLYLINE
  5
32D
330
D7
100
AcDbEntity
  8
0
 62
250
100
AcDbPolyline
 90
2
 70
0
 10
0.0
 20
-591.0
 10
291.0
 20
-591.0
  0
LWPOLYLINE
  5
32E
330
D7
100
AcDbEntity
  8
0
 62
9
100
AcDbPolyline
 90
4
 70
1
 10
0.0
 20
-591.0
 10
291.0
 20
-591.0
 10
291.0
 20
-602.0
 10
0.0
 20
-602.0
  0
MTEXT
  5
32F
330
D7
100
AcDbEntity
  8
0
 62
7
100
AcDbMText
 10
4.0
 20
-596.5
 30
0.0
 40
4.0
 71
5
  1
50
  7
DesignMate
  0
MTEXT
  5
330
330
D7
100
AcDbEntity
  8
0
 62
7
100
AcDbMText
 10
14.0
 20
-596.5
 30
0.0
 40
4.0
 71
5
  1
E
  7
DesignMate
  0
MTEXT
  5
331
330
D7
100
AcDbEntity
  8
0
 62
7
100
AcDbMText
 10
21.0
 20
-596.5
 30
0.0
 40
4.0
 41
70.0
 71
4
  1
D_050_E-SWIT
  7
DesignMate
  0
MTEXT
  5
332
330
D7
100
AcDbEntity
  8
0
 62
7
100
AcDbMText
 10
93.0
 20
-596.5
 30
0.0
 40
4.0
 41
68.0
 71
4
  1
开关 — 照明/设备开关
  7
DesignMate
  0
SOLID
  5
333
330
D7
100
AcDbEntity
  8
0
 62
25
100
AcDbTrace
 10
163.0
 20
-593.0
 30
0.0
 11
173.0
 21
-593.0
 31
0.0
 12
163.0
 22
-600.0
 32
0.0
 13
173.0
 23
-600.0
 33
0.0
  0
MTEXT
  5
334
330
D7
100
AcDbEntity
  8
0
 62
7
100
AcDbMText
 10
177.0
 20
-596.5
 30
0.0
 40
4.0
 71
4
  1
25
  7
DesignMate
  0
MTEXT
  5
335
330
D7
100
AcDbEntity
  8
0
 62
7
100
AcDbMText
 10
190.0
 20
-596.5
 30
0.0
 40
4.0
 71
4
  1
红
  7
DesignMate
  0
MTEXT
  5
336
330
D7
100
AcDbEntity
  8
0
 62
7
100
AcDbMText
 10
218.0
 20
-596.5
 30
0.0
 40
4.0
 71
4
  1
0.15
  7
DesignMate
  0
MTEXT
  5
337
330
D7
100
AcDbEntity
  8
0
 62
7
100
AcDbMText
 10
230.0
 20
-596.5
 30
0.0
 40
4.0
 71
4
  1
实线
  7
DesignMate
  0
LWPOLYLINE
  5
338
330
D7
100
AcDbEntity
  8
D_050_E-SWIT
  6
Continuous
 62
25
100
AcDbPolyline
 90
2
 70
0
 43
0.15
 10
253.0
 20
-596.5
 10
289.0
 20
-596.5
  0
LWPOLYLINE
  5
339
330
D7
100
AcDbEntity
  8
0
 62
250
100
AcDbPolyline
 90
2
 70
0
 10
0.0
 20
-602.0
 10
291.0
 20
-602.0
  0
MTEXT
  5
33A
330
D7
100
AcDbEntity
  8
0
 62
7
100
AcDbMText
 10
4.0
 20
-607.5
 30
0.0
 40
4.0
 71
5
  1
51
  7
DesignMate
  0
MTEXT
  5
33B
330
D7
100
AcDbEntity
  8
0
 62
7
100
AcDbMText
 10
14.0
 20
-607.5
 30
0.0
 40
4.0
 71
5
  1
E
  7
DesignMate
  0
MTEXT
  5
33C
330
D7
100
AcDbEntity
  8
0
 62
7
100
AcDbMText
 10
21.0
 20
-607.5
 30
0.0
 40
4.0
 41
70.0
 71
4
  1
D_051_E-ANNO-DIMS
  7
DesignMate
  0
MTEXT
  5
33D
330
D7
100
AcDbEntity
  8
0
 62
7
100
AcDbMText
 10
93.0
 20
-607.5
 30
0.0
 40
4.0
 41
68.0
 71
4
  1
电气尺寸标注
  7
DesignMate
  0
SOLID
  5
33E
330
D7
100
AcDbEntity
  8
0
 62
36
100
AcDbTrace
 10
163.0
 20
-604.0
 30
0.0
 11
173.0
 21
-604.0
 31
0.0
 12
163.0
 22
-611.0
 32
0.0
 13
173.0
 23
-611.0
 33
0.0
  0
MTEXT
  5
33F
330
D7
100
AcDbEntity
  8
0
 62
7
100
AcDbMText
 10
177.0
 20
-607.5
 30
0.0
 40
4.0
 71
4
  1
36
  7
DesignMate
  0
MTEXT
  5
340
330
D7
100
AcDbEntity
  8
0
 62
7
100
AcDbMText
 10
190.0
 20
-607.5
 30
0.0
 40
4.0
 71
4
  1
深橙红
  7
DesignMate
  0
MTEXT
  5
341
330
D7
100
AcDbEntity
  8
0
 62
7
100
AcDbMText
 10
218.0
 20
-607.5
 30
0.0
 40
4.0
 71
4
  1
0.15
  7
DesignMate
  0
MTEXT
  5
342
330
D7
100
AcDbEntity
  8
0
 62
7
100
AcDbMText
 10
230.0
 20
-607.5
 30
0.0
 40
4.0
 71
4
  1
实线
  7
DesignMate
  0
LWPOLYLINE
  5
343
330
D7
100
AcDbEntity
  8
D_051_E-ANNO-DIMS
  6
Continuous
 62
36
100
AcDbPolyline
 90
2
 70
0
 43
0.15
 10
253.0
 20
-607.5
 10
289.0
 20
-607.5
  0
LWPOLYLINE
  5
344
330
D7
100
AcDbEntity
  8
0
 62
250
100
AcDbPolyline
 90
2
 70
0
 10
0.0
 20
-613.0
 10
291.0
 20
-613.0
  0
LWPOLYLINE
  5
345
330
D7
100
AcDbEntity
  8
0
 62
9
100
AcDbPolyline
 90
4
 70
1
 10
0.0
 20
-613.0
 10
291.0
 20
-613.0
 10
291.0
 20
-624.0
 10
0.0
 20
-624.0
  0
MTEXT
  5
346
330
D7
100
AcDbEntity
  8
0
 62
7
100
AcDbMText
 10
4.0
 20
-618.5
 30
0.0
 40
4.0
 71
5
  1
52
  7
DesignMate
  0
MTEXT
  5
347
330
D7
100
AcDbEntity
  8
0
 62
7
100
AcDbMText
 10
14.0
 20
-618.5
 30
0.0
 40
4.0
 71
5
  1
E
  7
DesignMate
  0
MTEXT
  5
348
330
D7
100
AcDbEntity
  8
0
 62
7
100
AcDbMText
 10
21.0
 20
-618.5
 30
0.0
 40
4.0
 41
70.0
 71
4
  1
D_052_E-ANNO-TEXT
  7
DesignMate
  0
MTEXT
  5
349
330
D7
100
AcDbEntity
  8
0
 62
7
100
AcDbMText
 10
93.0
 20
-618.5
 30
0.0
 40
4.0
 41
68.0
 71
4
  1
电气文字标注 — 回路/负载标注
  7
DesignMate
  0
SOLID
  5
34A
330
D7
100
AcDbEntity
  8
0
 62
47
100
AcDbTrace
 10
163.0
 20
-615.0
 30
0.0
 11
173.0
 21
-615.0
 31
0.0
 12
163.0
 22
-622.0
 32
0.0
 13
173.0
 23
-622.0
 33
0.0
  0
MTEXT
  5
34B
330
D7
100
AcDbEntity
  8
0
 62
7
100
AcDbMText
 10
177.0
 20
-618.5
 30
0.0
 40
4.0
 71
4
  1
47
  7
DesignMate
  0
MTEXT
  5
34C
330
D7
100
AcDbEntity
  8
0
 62
7
100
AcDbMText
 10
190.0
 20
-618.5
 30
0.0
 40
4.0
 71
4
  1
深橙
  7
DesignMate
  0
MTEXT
  5
34D
330
D7
100
AcDbEntity
  8
0
 62
7
100
AcDbMText
 10
218.0
 20
-618.5
 30
0.0
 40
4.0
 71
4
  1
0.15
  7
DesignMate
  0
MTEXT
  5
34E
330
D7
100
AcDbEntity
  8
0
 62
7
100
AcDbMText
 10
230.0
 20
-618.5
 30
0.0
 40
4.0
 71
4
  1
实线
  7
DesignMate
  0
LWPOLYLINE
  5
34F
330
D7
100
AcDbEntity
  8
D_052_E-ANNO-TEXT
  6
Continuous
 62
47
100
AcDbPolyline
 90
2
 70
0
 43
0.15
 10
253.0
 20
-618.5
 10
289.0
 20
-618.5
  0
LWPOLYLINE
  5
350
330
D7
100
AcDbEntity
  8
0
 62
250
100
AcDbPolyline
 90
2
 70
0
 10
0.0
 20
-624.0
 10
291.0
 20
-624.0
  0
SOLID
  5
351
330
D7
100
AcDbEntity
  8
0
 62
206
100
AcDbTrace
 10
0.0
 20
-624.0
 30
0.0
 11
291.0
 21
-624.0
 31
0.0
 12
0.0
 22
-636.0
 32
0.0
 13
291.0
 23
-636.0
 33
0.0
  0
LWPOLYLINE
  5
352
330
D7
100
AcDbEntity
  8
0
 62
250
100
AcDbPolyline
 90
2
 70
0
 43
0.25
 10
0.0
 20
-636.0
 10
291.0
 20
-636.0
  0
MTEXT
  5
353
330
D7
100
AcDbEntity
  8
0
 62
7
100
AcDbMText
 10
12.0
 20
-630.0
 30
0.0
 40
5.6
 71
4
  1
T / 弱电 Telecom / 11 图层
  7
DM_GroupTitle
  0
MTEXT
  5
354
330
D7
100
AcDbEntity
  8
0
 62
7
100
AcDbMText
 10
4.0
 20
-641.5
 30
0.0
 40
4.0
 71
5
  1
53
  7
DesignMate
  0
MTEXT
  5
355
330
D7
100
AcDbEntity
  8
0
 62
7
100
AcDbMText
 10
14.0
 20
-641.5
 30
0.0
 40
4.0
 71
5
  1
T
  7
DesignMate
  0
MTEXT
  5
356
330
D7
100
AcDbEntity
  8
0
 62
7
100
AcDbMText
 10
21.0
 20
-641.5
 30
0.0
 40
4.0
 41
70.0
 71
4
  1
D_053_T-DATA
  7
DesignMate
  0
MTEXT
  5
357
330
D7
100
AcDbEntity
  8
0
 62
7
100
AcDbMText
 10
93.0
 20
-641.5
 30
0.0
 40
4.0
 41
68.0
 71
4
  1
数据网络 — 网线/光纤主干
  7
DesignMate
  0
SOLID
  5
358
330
D7
100
AcDbEntity
  8
0
 62
58
100
AcDbTrace
 10
163.0
 20
-638.0
 30
0.0
 11
173.0
 21
-638.0
 31
0.0
 12
163.0
 22
-645.0
 32
0.0
 13
173.0
 23
-645.0
 33
0.0
  0
MTEXT
  5
359
330
D7
100
AcDbEntity
  8
0
 62
7
100
AcDbMText
 10
177.0
 20
-641.5
 30
0.0
 40
4.0
 71
4
  1
58
  7
DesignMate
  0
MTEXT
  5
35A
330
D7
100
AcDbEntity
  8
0
 62
7
100
AcDbMText
 10
190.0
 20
-641.5
 30
0.0
 40
4.0
 71
4
  1
暗黄
  7
DesignMate
  0
MTEXT
  5
35B
330
D7
100
AcDbEntity
  8
0
 62
7
100
AcDbMText
 10
218.0
 20
-641.5
 30
0.0
 40
4.0
 71
4
  1
0.25
  7
DesignMate
  0
MTEXT
  5
35C
330
D7
100
AcDbEntity
  8
0
 62
7
100
AcDbMText
 10
230.0
 20
-641.5
 30
0.0
 40
4.0
 71
4
  1
实线
  7
DesignMate
  0
LWPOLYLINE
  5
35D
330
D7
100
AcDbEntity
  8
D_053_T-DATA
  6
Continuous
 62
58
100
AcDbPolyline
 90
2
 70
0
 43
0.25
 10
253.0
 20
-641.5
 10
289.0
 20
-641.5
  0
LWPOLYLINE
  5
35E
330
D7
100
AcDbEntity
  8
0
 62
250
100
AcDbPolyline
 90
2
 70
0
 10
0.0
 20
-647.0
 10
291.0
 20
-647.0
  0
LWPOLYLINE
  5
35F
330
D7
100
AcDbEntity
  8
0
 62
9
100
AcDbPolyline
 90
4
 70
1
 10
0.0
 20
-647.0
 10
291.0
 20
-647.0
 10
291.0
 20
-658.0
 10
0.0
 20
-658.0
  0
MTEXT
  5
360
330
D7
100
AcDbEntity
  8
0
 62
7
100
AcDbMText
 10
4.0
 20
-652.5
 30
0.0
 40
4.0
 71
5
  1
54
  7
DesignMate
  0
MTEXT
  5
361
330
D7
100
AcDbEntity
  8
0
 62
7
100
AcDbMText
 10
14.0
 20
-652.5
 30
0.0
 40
4.0
 71
5
  1
T
  7
DesignMate
  0
MTEXT
  5
362
330
D7
100
AcDbEntity
  8
0
 62
7
100
AcDbMText
 10
21.0
 20
-652.5
 30
0.0
 40
4.0
 41
70.0
 71
4
  1
D_054_T-DATA-OUTL
  7
DesignMate
  0
MTEXT
  5
363
330
D7
100
AcDbEntity
  8
0
 62
7
100
AcDbMText
 10
93.0
 20
-652.5
 30
0.0
 40
4.0
 41
68.0
 71
4
  1
数据插座 — RJ45 网络面板
  7
DesignMate
  0
SOLID
  5
364
330
D7
100
AcDbEntity
  8
0
 62
69
100
AcDbTrace
 10
163.0
 20
-649.0
 30
0.0
 11
173.0
 21
-649.0
 31
0.0
 12
163.0
 22
-656.0
 32
0.0
 13
173.0
 23
-656.0
 33
0.0
  0
MTEXT
  5
365
330
D7
100
AcDbEntity
  8
0
 62
7
100
AcDbMText
 10
177.0
 20
-652.5
 30
0.0
 40
4.0
 71
4
  1
69
  7
DesignMate
  0
MTEXT
  5
366
330
D7
100
AcDbEntity
  8
0
 62
7
100
AcDbMText
 10
190.0
 20
-652.5
 30
0.0
 40
4.0
 71
4
  1
暗黄绿
  7
DesignMate
  0
MTEXT
  5
367
330
D7
100
AcDbEntity
  8
0
 62
7
100
AcDbMText
 10
218.0
 20
-652.5
 30
0.0
 40
4.0
 71
4
  1
0.15
  7
DesignMate
  0
MTEXT
  5
368
330
D7
100
AcDbEntity
  8
0
 62
7
100
AcDbMText
 10
230.0
 20
-652.5
 30
0.0
 40
4.0
 71
4
  1
实线
  7
DesignMate
  0
LWPOLYLINE
  5
369
330
D7
100
AcDbEntity
  8
D_054_T-DATA-OUTL
  6
Continuous
 62
69
100
AcDbPolyline
 90
2
 70
0
 43
0.15
 10
253.0
 20
-652.5
 10
289.0
 20
-652.5
  0
LWPOLYLINE
  5
36A
330
D7
100
AcDbEntity
  8
0
 62
250
100
AcDbPolyline
 90
2
 70
0
 10
0.0
 20
-658.0
 10
291.0
 20
-658.0
  0
MTEXT
  5
36B
330
D7
100
AcDbEntity
  8
0
 62
7
100
AcDbMText
 10
4.0
 20
-663.5
 30
0.0
 40
4.0
 71
5
  1
55
  7
DesignMate
  0
MTEXT
  5
36C
330
D7
100
AcDbEntity
  8
0
 62
7
100
AcDbMText
 10
14.0
 20
-663.5
 30
0.0
 40
4.0
 71
5
  1
T
  7
DesignMate
  0
MTEXT
  5
36D
330
D7
100
AcDbEntity
  8
0
 62
7
100
AcDbMText
 10
21.0
 20
-663.5
 30
0.0
 40
4.0
 41
70.0
 71
4
  1
D_055_T-TELE
  7
DesignMate
  0
MTEXT
  5
36E
330
D7
100
AcDbEntity
  8
0
 62
7
100
AcDbMText
 10
93.0
 20
-663.5
 30
0.0
 40
4.0
 41
68.0
 71
4
  1
电话 — 电话线路
  7
DesignMate
  0
SOLID
  5
36F
330
D7
100
AcDbEntity
  8
0
 62
80
100
AcDbTrace
 10
163.0
 20
-660.0
 30
0.0
 11
173.0
 21
-660.0
 31
0.0
 12
163.0
 22
-667.0
 32
0.0
 13
173.0
 23
-667.0
 33
0.0
  0
MTEXT
  5
370
330
D7
100
AcDbEntity
  8
0
 62
7
100
AcDbMText
 10
177.0
 20
-663.5
 30
0.0
 40
4.0
 71
4
  1
80
  7
DesignMate
  0
MTEXT
  5
371
330
D7
100
AcDbEntity
  8
0
 62
7
100
AcDbMText
 10
190.0
 20
-663.5
 30
0.0
 40
4.0
 71
4
  1
淡黄绿
  7
DesignMate
  0
MTEXT
  5
372
330
D7
100
AcDbEntity
  8
0
 62
7
100
AcDbMText
 10
218.0
 20
-663.5
 30
0.0
 40
4.0
 71
4
  1
0.25
  7
DesignMate
  0
MTEXT
  5
373
330
D7
100
AcDbEntity
  8
0
 62
7
100
AcDbMText
 10
230.0
 20
-663.5
 30
0.0
 40
4.0
 71
4
  1
实线
  7
DesignMate
  0
LWPOLYLINE
  5
374
330
D7
100
AcDbEntity
  8
D_055_T-TELE
  6
Continuous
 62
80
100
AcDbPolyline
 90
2
 70
0
 43
0.25
 10
253.0
 20
-663.5
 10
289.0
 20
-663.5
  0
LWPOLYLINE
  5
375
330
D7
100
AcDbEntity
  8
0
 62
250
100
AcDbPolyline
 90
2
 70
0
 10
0.0
 20
-669.0
 10
291.0
 20
-669.0
  0
LWPOLYLINE
  5
376
330
D7
100
AcDbEntity
  8
0
 62
9
100
AcDbPolyline
 90
4
 70
1
 10
0.0
 20
-669.0
 10
291.0
 20
-669.0
 10
291.0
 20
-680.0
 10
0.0
 20
-680.0
  0
MTEXT
  5
377
330
D7
100
AcDbEntity
  8
0
 62
7
100
AcDbMText
 10
4.0
 20
-674.5
 30
0.0
 40
4.0
 71
5
  1
56
  7
DesignMate
  0
MTEXT
  5
378
330
D7
100
AcDbEntity
  8
0
 62
7
100
AcDbMText
 10
14.0
 20
-674.5
 30
0.0
 40
4.0
 71
5
  1
T
  7
DesignMate
  0
MTEXT
  5
379
330
D7
100
AcDbEntity
  8
0
 62
7
100
AcDbMText
 10
21.0
 20
-674.5
 30
0.0
 40
4.0
 41
70.0
 71
4
  1
D_056_T-TELE-OUTL
  7
DesignMate
  0
MTEXT
  5
37A
330
D7
100
AcDbEntity
  8
0
 62
7
100
AcDbMText
 10
93.0
 20
-674.5
 30
0.0
 40
4.0
 41
68.0
 71
4
  1
电话插座 — RJ11 电话面板
  7
DesignMate
  0
SOLID
  5
37B
330
D7
100
AcDbEntity
  8
0
 62
91
100
AcDbTrace
 10
163.0
 20
-671.0
 30
0.0
 11
173.0
 21
-671.0
 31
0.0
 12
163.0
 22
-678.0
 32
0.0
 13
173.0
 23
-678.0
 33
0.0
  0
MTEXT
  5
37C
330
D7
100
AcDbEntity
  8
0
 62
7
100
AcDbMText
 10
177.0
 20
-674.5
 30
0.0
 40
4.0
 71
4
  1
91
  7
DesignMate
  0
MTEXT
  5
37D
330
D7
100
AcDbEntity
  8
0
 62
7
100
AcDbMText
 10
190.0
 20
-674.5
 30
0.0
 40
4.0
 71
4
  1
淡绿
  7
DesignMate
  0
MTEXT
  5
37E
330
D7
100
AcDbEntity
  8
0
 62
7
100
AcDbMText
 10
218.0
 20
-674.5
 30
0.0
 40
4.0
 71
4
  1
0.15
  7
DesignMate
  0
MTEXT
  5
37F
330
D7
100
AcDbEntity
  8
0
 62
7
100
AcDbMText
 10
230.0
 20
-674.5
 30
0.0
 40
4.0
 71
4
  1
实线
  7
DesignMate
  0
LWPOLYLINE
  5
380
330
D7
100
AcDbEntity
  8
D_056_T-TELE-OUTL
  6
Continuous
 62
91
100
AcDbPolyline
 90
2
 70
0
 43
0.15
 10
253.0
 20
-674.5
 10
289.0
 20
-674.5
  0
LWPOLYLINE
  5
381
330
D7
100
AcDbEntity
  8
0
 62
250
100
AcDbPolyline
 90
2
 70
0
 10
0.0
 20
-680.0
 10
291.0
 20
-680.0
  0
MTEXT
  5
382
330
D7
100
AcDbEntity
  8
0
 62
7
100
AcDbMText
 10
4.0
 20
-685.5
 30
0.0
 40
4.0
 71
5
  1
57
  7
DesignMate
  0
MTEXT
  5
383
330
D7
100
AcDbEntity
  8
0
 62
7
100
AcDbMText
 10
14.0
 20
-685.5
 30
0.0
 40
4.0
 71
5
  1
T
  7
DesignMate
  0
MTEXT
  5
384
330
D7
100
AcDbEntity
  8
0
 62
7
100
AcDbMText
 10
21.0
 20
-685.5
 30
0.0
 40
4.0
 41
70.0
 71
4
  1
D_057_T-AV
  7
DesignMate
  0
MTEXT
  5
385
330
D7
100
AcDbEntity
  8
0
 62
7
100
AcDbMText
 10
93.0
 20
-685.5
 30
0.0
 40
4.0
 41
68.0
 71
4
  1
音视频 — 音响/投影/会议系统
  7
DesignMate
  0
SOLID
  5
386
330
D7
100
AcDbEntity
  8
0
 62
102
100
AcDbTrace
 10
163.0
 20
-682.0
 30
0.0
 11
173.0
 21
-682.0
 31
0.0
 12
163.0
 22
-689.0
 32
0.0
 13
173.0
 23
-689.0
 33
0.0
  0
MTEXT
  5
387
330
D7
100
AcDbEntity
  8
0
 62
7
100
AcDbMText
 10
177.0
 20
-685.5
 30
0.0
 40
4.0
 71
4
  1
102
  7
DesignMate
  0
MTEXT
  5
388
330
D7
100
AcDbEntity
  8
0
 62
7
100
AcDbMText
 10
190.0
 20
-685.5
 30
0.0
 40
4.0
 71
4
  1
绿
  7
DesignMate
  0
MTEXT
  5
389
330
D7
100
AcDbEntity
  8
0
 62
7
100
AcDbMText
 10
218.0
 20
-685.5
 30
0.0
 40
4.0
 71
4
  1
0.25
  7
DesignMate
  0
MTEXT
  5
38A
330
D7
100
AcDbEntity
  8
0
 62
7
100
AcDbMText
 10
230.0
 20
-685.5
 30
0.0
 40
4.0
 71
4
  1
实线
  7
DesignMate
  0
LWPOLYLINE
  5
38B
330
D7
100
AcDbEntity
  8
D_057_T-AV
  6
Continuous
 62
102
100
AcDbPolyline
 90
2
 70
0
 43
0.25
 10
253.0
 20
-685.5
 10
289.0
 20
-685.5
  0
LWPOLYLINE
  5
38C
330
D7
100
AcDbEntity
  8
0
 62
250
100
AcDbPolyline
 90
2
 70
0
 10
0.0
 20
-691.0
 10
291.0
 20
-691.0
  0
LWPOLYLINE
  5
38D
330
D7
100
AcDbEntity
  8
0
 62
9
100
AcDbPolyline
 90
4
 70
1
 10
0.0
 20
-691.0
 10
291.0
 20
-691.0
 10
291.0
 20
-702.0
 10
0.0
 20
-702.0
  0
MTEXT
  5
38E
330
D7
100
AcDbEntity
  8
0
 62
7
100
AcDbMText
 10
4.0
 20
-696.5
 30
0.0
 40
4.0
 71
5
  1
58
  7
DesignMate
  0
MTEXT
  5
38F
330
D7
100
AcDbEntity
  8
0
 62
7
100
AcDbMText
 10
14.0
 20
-696.5
 30
0.0
 40
4.0
 71
5
  1
T
  7
DesignMate
  0
MTEXT
  5
390
330
D7
100
AcDbEntity
  8
0
 62
7
100
AcDbMText
 10
21.0
 20
-696.5
 30
0.0
 40
4.0
 41
70.0
 71
4
  1
D_058_T-SEC
  7
DesignMate
  0
MTEXT
  5
391
330
D7
100
AcDbEntity
  8
0
 62
7
100
AcDbMText
 10
93.0
 20
-696.5
 30
0.0
 40
4.0
 41
68.0
 71
4
  1
安防 — 门禁/报警系统
  7
DesignMate
  0
SOLID
  5
392
330
D7
100
AcDbEntity
  8
0
 62
113
100
AcDbTrace
 10
163.0
 20
-693.0
 30
0.0
 11
173.0
 21
-693.0
 31
0.0
 12
163.0
 22
-700.0
 32
0.0
 13
173.0
 23
-700.0
 33
0.0
  0
MTEXT
  5
393
330
D7
100
AcDbEntity
  8
0
 62
7
100
AcDbMText
 10
177.0
 20
-696.5
 30
0.0
 40
4.0
 71
4
  1
113
  7
DesignMate
  0
MTEXT
  5
394
330
D7
100
AcDbEntity
  8
0
 62
7
100
AcDbMText
 10
190.0
 20
-696.5
 30
0.0
 40
4.0
 71
4
  1
青
  7
DesignMate
  0
MTEXT
  5
395
330
D7
100
AcDbEntity
  8
0
 62
7
100
AcDbMText
 10
218.0
 20
-696.5
 30
0.0
 40
4.0
 71
4
  1
0.25
  7
DesignMate
  0
MTEXT
  5
396
330
D7
100
AcDbEntity
  8
0
 62
7
100
AcDbMText
 10
230.0
 20
-696.5
 30
0.0
 40
4.0
 71
4
  1
实线
  7
DesignMate
  0
LWPOLYLINE
  5
397
330
D7
100
AcDbEntity
  8
D_058_T-SEC
  6
Continuous
 62
113
100
AcDbPolyline
 90
2
 70
0
 43
0.25
 10
253.0
 20
-696.5
 10
289.0
 20
-696.5
  0
LWPOLYLINE
  5
398
330
D7
100
AcDbEntity
  8
0
 62
250
100
AcDbPolyline
 90
2
 70
0
 10
0.0
 20
-702.0
 10
291.0
 20
-702.0
  0
MTEXT
  5
399
330
D7
100
AcDbEntity
  8
0
 62
7
100
AcDbMText
 10
4.0
 20
-707.5
 30
0.0
 40
4.0
 71
5
  1
59
  7
DesignMate
  0
MTEXT
  5
39A
330
D7
100
AcDbEntity
  8
0
 62
7
100
AcDbMText
 10
14.0
 20
-707.5
 30
0.0
 40
4.0
 71
5
  1
T
  7
DesignMate
  0
MTEXT
  5
39B
330
D7
100
AcDbEntity
  8
0
 62
7
100
AcDbMText
 10
21.0
 20
-707.5
 30
0.0
 40
4.0
 41
70.0
 71
4
  1
D_059_T-SEC-CCTV
  7
DesignMate
  0
MTEXT
  5
39C
330
D7
100
AcDbEntity
  8
0
 62
7
100
AcDbMText
 10
93.0
 20
-707.5
 30
0.0
 40
4.0
 41
68.0
 71
4
  1
视频监控 — 摄像头/录像机
  7
DesignMate
  0
SOLID
  5
39D
330
D7
100
AcDbEntity
  8
0
 62
124
100
AcDbTrace
 10
163.0
 20
-704.0
 30
0.0
 11
173.0
 21
-704.0
 31
0.0
 12
163.0
 22
-711.0
 32
0.0
 13
173.0
 23
-711.0
 33
0.0
  0
MTEXT
  5
39E
330
D7
100
AcDbEntity
  8
0
 62
7
100
AcDbMText
 10
177.0
 20
-707.5
 30
0.0
 40
4.0
 71
4
  1
124
  7
DesignMate
  0
MTEXT
  5
39F
330
D7
100
AcDbEntity
  8
0
 62
7
100
AcDbMText
 10
190.0
 20
-707.5
 30
0.0
 40
4.0
 71
4
  1
青
  7
DesignMate
  0
MTEXT
  5
3A0
330
D7
100
AcDbEntity
  8
0
 62
7
100
AcDbMText
 10
218.0
 20
-707.5
 30
0.0
 40
4.0
 71
4
  1
0.15
  7
DesignMate
  0
MTEXT
  5
3A1
330
D7
100
AcDbEntity
  8
0
 62
7
100
AcDbMText
 10
230.0
 20
-707.5
 30
0.0
 40
4.0
 71
4
  1
实线
  7
DesignMate
  0
LWPOLYLINE
  5
3A2
330
D7
100
AcDbEntity
  8
D_059_T-SEC-CCTV
  6
Continuous
 62
124
100
AcDbPolyline
 90
2
 70
0
 43
0.15
 10
253.0
 20
-707.5
 10
289.0
 20
-707.5
  0
LWPOLYLINE
  5
3A3
330
D7
100
AcDbEntity
  8
0
 62
250
100
AcDbPolyline
 90
2
 70
0
 10
0.0
 20
-713.0
 10
291.0
 20
-713.0
  0
LWPOLYLINE
  5
3A4
330
D7
100
AcDbEntity
  8
0
 62
9
100
AcDbPolyline
 90
4
 70
1
 10
0.0
 20
-713.0
 10
291.0
 20
-713.0
 10
291.0
 20
-724.0
 10
0.0
 20
-724.0
  0
MTEXT
  5
3A5
330
D7
100
AcDbEntity
  8
0
 62
7
100
AcDbMText
 10
4.0
 20
-718.5
 30
0.0
 40
4.0
 71
5
  1
60
  7
DesignMate
  0
MTEXT
  5
3A6
330
D7
100
AcDbEntity
  8
0
 62
7
100
AcDbMText
 10
14.0
 20
-718.5
 30
0.0
 40
4.0
 71
5
  1
T
  7
DesignMate
  0
MTEXT
  5
3A7
330
D7
100
AcDbEntity
  8
0
 62
7
100
AcDbMText
 10
21.0
 20
-718.5
 30
0.0
 40
4.0
 41
70.0
 71
4
  1
D_060_T-SEC-ACCS
  7
DesignMate
  0
MTEXT
  5
3A8
330
D7
100
AcDbEntity
  8
0
 62
7
100
AcDbMText
 10
93.0
 20
-718.5
 30
0.0
 40
4.0
 41
68.0
 71
4
  1
门禁控制 — 读卡器/电锁
  7
DesignMate
  0
SOLID
  5
3A9
330
D7
100
AcDbEntity
  8
0
 62
135
100
AcDbTrace
 10
163.0
 20
-715.0
 30
0.0
 11
173.0
 21
-715.0
 31
0.0
 12
163.0
 22
-722.0
 32
0.0
 13
173.0
 23
-722.0
 33
0.0
  0
MTEXT
  5
3AA
330
D7
100
AcDbEntity
  8
0
 62
7
100
AcDbMText
 10
177.0
 20
-718.5
 30
0.0
 40
4.0
 71
4
  1
135
  7
DesignMate
  0
MTEXT
  5
3AB
330
D7
100
AcDbEntity
  8
0
 62
7
100
AcDbMText
 10
190.0
 20
-718.5
 30
0.0
 40
4.0
 71
4
  1
青
  7
DesignMate
  0
MTEXT
  5
3AC
330
D7
100
AcDbEntity
  8
0
 62
7
100
AcDbMText
 10
218.0
 20
-718.5
 30
0.0
 40
4.0
 71
4
  1
0.15
  7
DesignMate
  0
MTEXT
  5
3AD
330
D7
100
AcDbEntity
  8
0
 62
7
100
AcDbMText
 10
230.0
 20
-718.5
 30
0.0
 40
4.0
 71
4
  1
实线
  7
DesignMate
  0
LWPOLYLINE
  5
3AE
330
D7
100
AcDbEntity
  8
D_060_T-SEC-ACCS
  6
Continuous
 62
135
100
AcDbPolyline
 90
2
 70
0
 43
0.15
 10
253.0
 20
-718.5
 10
289.0
 20
-718.5
  0
LWPOLYLINE
  5
3AF
330
D7
100
AcDbEntity
  8
0
 62
250
100
AcDbPolyline
 90
2
 70
0
 10
0.0
 20
-724.0
 10
291.0
 20
-724.0
  0
MTEXT
  5
3B0
330
D7
100
AcDbEntity
  8
0
 62
7
100
AcDbMText
 10
4.0
 20
-729.5
 30
0.0
 40
4.0
 71
5
  1
61
  7
DesignMate
  0
MTEXT
  5
3B1
330
D7
100
AcDbEntity
  8
0
 62
7
100
AcDbMText
 10
14.0
 20
-729.5
 30
0.0
 40
4.0
 71
5
  1
T
  7
DesignMate
  0
MTEXT
  5
3B2
330
D7
100
AcDbEntity
  8
0
 62
7
100
AcDbMText
 10
21.0
 20
-729.5
 30
0.0
 40
4.0
 41
70.0
 71
4
  1
D_061_T-BMS
  7
DesignMate
  0
MTEXT
  5
3B3
330
D7
100
AcDbEntity
  8
0
 62
7
100
AcDbMText
 10
93.0
 20
-729.5
 30
0.0
 40
4.0
 41
68.0
 71
4
  1
楼宇自控 — 传感器/控制器
  7
DesignMate
  0
SOLID
  5
3B4
330
D7
100
AcDbEntity
  8
0
 62
146
100
AcDbTrace
 10
163.0
 20
-726.0
 30
0.0
 11
173.0
 21
-726.0
 31
0.0
 12
163.0
 22
-733.0
 32
0.0
 13
173.0
 23
-733.0
 33
0.0
  0
MTEXT
  5
3B5
330
D7
100
AcDbEntity
  8
0
 62
7
100
AcDbMText
 10
177.0
 20
-729.5
 30
0.0
 40
4.0
 71
4
  1
146
  7
DesignMate
  0
MTEXT
  5
3B6
330
D7
100
AcDbEntity
  8
0
 62
7
100
AcDbMText
 10
190.0
 20
-729.5
 30
0.0
 40
4.0
 71
4
  1
深蓝
  7
DesignMate
  0
MTEXT
  5
3B7
330
D7
100
AcDbEntity
  8
0
 62
7
100
AcDbMText
 10
218.0
 20
-729.5
 30
0.0
 40
4.0
 71
4
  1
0.25
  7
DesignMate
  0
MTEXT
  5
3B8
330
D7
100
AcDbEntity
  8
0
 62
7
100
AcDbMText
 10
230.0
 20
-729.5
 30
0.0
 40
4.0
 71
4
  1
实线
  7
DesignMate
  0
LWPOLYLINE
  5
3B9
330
D7
100
AcDbEntity
  8
D_061_T-BMS
  6
Continuous
 62
146
100
AcDbPolyline
 90
2
 70
0
 43
0.25
 10
253.0
 20
-729.5
 10
289.0
 20
-729.5
  0
LWPOLYLINE
  5
3BA
330
D7
100
AcDbEntity
  8
0
 62
250
100
AcDbPolyline
 90
2
 70
0
 10
0.0
 20
-735.0
 10
291.0
 20
-735.0
  0
LWPOLYLINE
  5
3BB
330
D7
100
AcDbEntity
  8
0
 62
9
100
AcDbPolyline
 90
4
 70
1
 10
0.0
 20
-735.0
 10
291.0
 20
-735.0
 10
291.0
 20
-746.0
 10
0.0
 20
-746.0
  0
MTEXT
  5
3BC
330
D7
100
AcDbEntity
  8
0
 62
7
100
AcDbMText
 10
4.0
 20
-740.5
 30
0.0
 40
4.0
 71
5
  1
62
  7
DesignMate
  0
MTEXT
  5
3BD
330
D7
100
AcDbEntity
  8
0
 62
7
100
AcDbMText
 10
14.0
 20
-740.5
 30
0.0
 40
4.0
 71
5
  1
T
  7
DesignMate
  0
MTEXT
  5
3BE
330
D7
100
AcDbEntity
  8
0
 62
7
100
AcDbMText
 10
21.0
 20
-740.5
 30
0.0
 40
4.0
 41
70.0
 71
4
  1
D_062_T-CLOCK
  7
DesignMate
  0
MTEXT
  5
3BF
330
D7
100
AcDbEntity
  8
0
 62
7
100
AcDbMText
 10
93.0
 20
-740.5
 30
0.0
 40
4.0
 41
68.0
 71
4
  1
时钟系统 — 子母钟/定时器
  7
DesignMate
  0
SOLID
  5
3C0
330
D7
100
AcDbEntity
  8
0
 62
157
100
AcDbTrace
 10
163.0
 20
-737.0
 30
0.0
 11
173.0
 21
-737.0
 31
0.0
 12
163.0
 22
-744.0
 32
0.0
 13
173.0
 23
-744.0
 33
0.0
  0
MTEXT
  5
3C1
330
D7
100
AcDbEntity
  8
0
 62
7
100
AcDbMText
 10
177.0
 20
-740.5
 30
0.0
 40
4.0
 71
4
  1
157
  7
DesignMate
  0
MTEXT
  5
3C2
330
D7
100
AcDbEntity
  8
0
 62
7
100
AcDbMText
 10
190.0
 20
-740.5
 30
0.0
 40
4.0
 71
4
  1
蓝紫
  7
DesignMate
  0
MTEXT
  5
3C3
330
D7
100
AcDbEntity
  8
0
 62
7
100
AcDbMText
 10
218.0
 20
-740.5
 30
0.0
 40
4.0
 71
4
  1
0.15
  7
DesignMate
  0
MTEXT
  5
3C4
330
D7
100
AcDbEntity
  8
0
 62
7
100
AcDbMText
 10
230.0
 20
-740.5
 30
0.0
 40
4.0
 71
4
  1
实线
  7
DesignMate
  0
LWPOLYLINE
  5
3C5
330
D7
100
AcDbEntity
  8
D_062_T-CLOCK
  6
Continuous
 62
157
100
AcDbPolyline
 90
2
 70
0
 43
0.15
 10
253.0
 20
-740.5
 10
289.0
 20
-740.5
  0
LWPOLYLINE
  5
3C6
330
D7
100
AcDbEntity
  8
0
 62
250
100
AcDbPolyline
 90
2
 70
0
 10
0.0
 20
-746.0
 10
291.0
 20
-746.0
  0
MTEXT
  5
3C7
330
D7
100
AcDbEntity
  8
0
 62
7
100
AcDbMText
 10
4.0
 20
-751.5
 30
0.0
 40
4.0
 71
5
  1
63
  7
DesignMate
  0
MTEXT
  5
3C8
330
D7
100
AcDbEntity
  8
0
 62
7
100
AcDbMText
 10
14.0
 20
-751.5
 30
0.0
 40
4.0
 71
5
  1
T
  7
DesignMate
  0
MTEXT
  5
3C9
330
D7
100
AcDbEntity
  8
0
 62
7
100
AcDbMText
 10
21.0
 20
-751.5
 30
0.0
 40
4.0
 41
70.0
 71
4
  1
D_063_T-ANNO-TEXT
  7
DesignMate
  0
MTEXT
  5
3CA
330
D7
100
AcDbEntity
  8
0
 62
7
100
AcDbMText
 10
93.0
 20
-751.5
 30
0.0
 40
4.0
 41
68.0
 71
4
  1
弱电文字标注 — 系统编号/说明
  7
DesignMate
  0
SOLID
  5
3CB
330
D7
100
AcDbEntity
  8
0
 62
168
100
AcDbTrace
 10
163.0
 20
-748.0
 30
0.0
 11
173.0
 21
-748.0
 31
0.0
 12
163.0
 22
-755.0
 32
0.0
 13
173.0
 23
-755.0
 33
0.0
  0
MTEXT
  5
3CC
330
D7
100
AcDbEntity
  8
0
 62
7
100
AcDbMText
 10
177.0
 20
-751.5
 30
0.0
 40
4.0
 71
4
  1
168
  7
DesignMate
  0
MTEXT
  5
3CD
330
D7
100
AcDbEntity
  8
0
 62
7
100
AcDbMText
 10
190.0
 20
-751.5
 30
0.0
 40
4.0
 71
4
  1
暗蓝紫
  7
DesignMate
  0
MTEXT
  5
3CE
330
D7
100
AcDbEntity
  8
0
 62
7
100
AcDbMText
 10
218.0
 20
-751.5
 30
0.0
 40
4.0
 71
4
  1
0.15
  7
DesignMate
  0
MTEXT
  5
3CF
330
D7
100
AcDbEntity
  8
0
 62
7
100
AcDbMText
 10
230.0
 20
-751.5
 30
0.0
 40
4.0
 71
4
  1
实线
  7
DesignMate
  0
LWPOLYLINE
  5
3D0
330
D7
100
AcDbEntity
  8
D_063_T-ANNO-TEXT
  6
Continuous
 62
168
100
AcDbPolyline
 90
2
 70
0
 43
0.15
 10
253.0
 20
-751.5
 10
289.0
 20
-751.5
  0
LWPOLYLINE
  5
3D1
330
D7
100
AcDbEntity
  8
0
 62
250
100
AcDbPolyline
 90
2
 70
0
 10
0.0
 20
-757.0
 10
291.0
 20
-757.0
  0
SOLID
  5
3D2
330
D7
100
AcDbEntity
  8
0
 62
206
100
AcDbTrace
 10
0.0
 20
-757.0
 30
0.0
 11
291.0
 21
-757.0
 31
0.0
 12
0.0
 22
-769.0
 32
0.0
 13
291.0
 23
-769.0
 33
0.0
  0
LWPOLYLINE
  5
3D3
330
D7
100
AcDbEntity
  8
0
 62
250
100
AcDbPolyline
 90
2
 70
0
 43
0.25
 10
0.0
 20
-769.0
 10
291.0
 20
-769.0
  0
MTEXT
  5
3D4
330
D7
100
AcDbEntity
  8
0
 62
7
100
AcDbMText
 10
12.0
 20
-763.0
 30
0.0
 40
5.6
 71
4
  1
M / 暖通 Mechanical / 13 图层
  7
DM_GroupTitle
  0
LWPOLYLINE
  5
3D5
330
D7
100
AcDbEntity
  8
0
 62
9
100
AcDbPolyline
 90
4
 70
1
 10
0.0
 20
-769.0
 10
291.0
 20
-769.0
 10
291.0
 20
-780.0
 10
0.0
 20
-780.0
  0
MTEXT
  5
3D6
330
D7
100
AcDbEntity
  8
0
 62
7
100
AcDbMText
 10
4.0
 20
-774.5
 30
0.0
 40
4.0
 71
5
  1
64
  7
DesignMate
  0
MTEXT
  5
3D7
330
D7
100
AcDbEntity
  8
0
 62
7
100
AcDbMText
 10
14.0
 20
-774.5
 30
0.0
 40
4.0
 71
5
  1
M
  7
DesignMate
  0
MTEXT
  5
3D8
330
D7
100
AcDbEntity
  8
0
 62
7
100
AcDbMText
 10
21.0
 20
-774.5
 30
0.0
 40
4.0
 41
70.0
 71
4
  1
D_064_M-HVAC-DUCT
  7
DesignMate
  0
MTEXT
  5
3D9
330
D7
100
AcDbEntity
  8
0
 62
7
100
AcDbMText
 10
93.0
 20
-774.5
 30
0.0
 40
4.0
 41
68.0
 71
4
  1
空调风管 — 送风/回风主管
  7
DesignMate
  0
SOLID
  5
3DA
330
D7
100
AcDbEntity
  8
0
 62
179
100
AcDbTrace
 10
163.0
 20
-771.0
 30
0.0
 11
173.0
 21
-771.0
 31
0.0
 12
163.0
 22
-778.0
 32
0.0
 13
173.0
 23
-778.0
 33
0.0
  0
MTEXT
  5
3DB
330
D7
100
AcDbEntity
  8
0
 62
7
100
AcDbMText
 10
177.0
 20
-774.5
 30
0.0
 40
4.0
 71
4
  1
179
  7
DesignMate
  0
MTEXT
  5
3DC
330
D7
100
AcDbEntity
  8
0
 62
7
100
AcDbMText
 10
190.0
 20
-774.5
 30
0.0
 40
4.0
 71
4
  1
深蓝紫
  7
DesignMate
  0
MTEXT
  5
3DD
330
D7
100
AcDbEntity
  8
0
 62
7
100
AcDbMText
 10
218.0
 20
-774.5
 30
0.0
 40
4.0
 71
4
  1
0.35
  7
DesignMate
  0
MTEXT
  5
3DE
330
D7
100
AcDbEntity
  8
0
 62
7
100
AcDbMText
 10
230.0
 20
-774.5
 30
0.0
 40
4.0
 71
4
  1
实线
  7
DesignMate
  0
LWPOLYLINE
  5
3DF
330
D7
100
AcDbEntity
  8
D_064_M-HVAC-DUCT
  6
Continuous
 62
179
100
AcDbPolyline
 90
2
 70
0
 43
0.35
 10
253.0
 20
-774.5
 10
289.0
 20
-774.5
  0
LWPOLYLINE
  5
3E0
330
D7
100
AcDbEntity
  8
0
 62
250
100
AcDbPolyline
 90
2
 70
0
 10
0.0
 20
-780.0
 10
291.0
 20
-780.0
  0
MTEXT
  5
3E1
330
D7
100
AcDbEntity
  8
0
 62
7
100
AcDbMText
 10
4.0
 20
-785.5
 30
0.0
 40
4.0
 71
5
  1
65
  7
DesignMate
  0
MTEXT
  5
3E2
330
D7
100
AcDbEntity
  8
0
 62
7
100
AcDbMText
 10
14.0
 20
-785.5
 30
0.0
 40
4.0
 71
5
  1
M
  7
DesignMate
  0
MTEXT
  5
3E3
330
D7
100
AcDbEntity
  8
0
 62
7
100
AcDbMText
 10
21.0
 20
-785.5
 30
0.0
 40
4.0
 41
70.0
 71
4
  1
D_065_M-HVAC-DUCT-HID
  7
DesignMate
  0
MTEXT
  5
3E4
330
D7
100
AcDbEntity
  8
0
 62
7
100
AcDbMText
 10
93.0
 20
-785.5
 30
0.0
 40
4.0
 41
68.0
 71
4
  1
空调风管(隐蔽) — 被遮挡风管
  7
DesignMate
  0
SOLID
  5
3E5
330
D7
100
AcDbEntity
  8
0
 62
190
100
AcDbTrace
 10
163.0
 20
-782.0
 30
0.0
 11
173.0
 21
-782.0
 31
0.0
 12
163.0
 22
-789.0
 32
0.0
 13
173.0
 23
-789.0
 33
0.0
  0
MTEXT
  5
3E6
330
D7
100
AcDbEntity
  8
0
 62
7
100
AcDbMText
 10
177.0
 20
-785.5
 30
0.0
 40
4.0
 71
4
  1
190
  7
DesignMate
  0
MTEXT
  5
3E7
330
D7
100
AcDbEntity
  8
0
 62
7
100
AcDbMText
 10
190.0
 20
-785.5
 30
0.0
 40
4.0
 71
4
  1
淡紫
  7
DesignMate
  0
MTEXT
  5
3E8
330
D7
100
AcDbEntity
  8
0
 62
7
100
AcDbMText
 10
218.0
 20
-785.5
 30
0.0
 40
4.0
 71
4
  1
0.25
  7
DesignMate
  0
MTEXT
  5
3E9
330
D7
100
AcDbEntity
  8
0
 62
7
100
AcDbMText
 10
230.0
 20
-785.5
 30
0.0
 40
4.0
 71
4
  1
隐藏线
  7
DesignMate
  0
LWPOLYLINE
  5
3EA
330
D7
100
AcDbEntity
  8
D_065_M-HVAC-DUCT-HID
  6
Hidden
 62
190
100
AcDbPolyline
 90
2
 70
0
 43
0.25
 10
253.0
 20
-785.5
 10
289.0
 20
-785.5
  0
LWPOLYLINE
  5
3EB
330
D7
100
AcDbEntity
  8
0
 62
250
100
AcDbPolyline
 90
2
 70
0
 10
0.0
 20
-791.0
 10
291.0
 20
-791.0
  0
LWPOLYLINE
  5
3EC
330
D7
100
AcDbEntity
  8
0
 62
9
100
AcDbPolyline
 90
4
 70
1
 10
0.0
 20
-791.0
 10
291.0
 20
-791.0
 10
291.0
 20
-802.0
 10
0.0
 20
-802.0
  0
MTEXT
  5
3ED
330
D7
100
AcDbEntity
  8
0
 62
7
100
AcDbMText
 10
4.0
 20
-796.5
 30
0.0
 40
4.0
 71
5
  1
66
  7
DesignMate
  0
MTEXT
  5
3EE
330
D7
100
AcDbEntity
  8
0
 62
7
100
AcDbMText
 10
14.0
 20
-796.5
 30
0.0
 40
4.0
 71
5
  1
M
  7
DesignMate
  0
MTEXT
  5
3EF
330
D7
100
AcDbEntity
  8
0
 62
7
100
AcDbMText
 10
21.0
 20
-796.5
 30
0.0
 40
4.0
 41
70.0
 71
4
  1
D_066_M-HVAC-DIFF
  7
DesignMate
  0
MTEXT
  5
3F0
330
D7
100
AcDbEntity
  8
0
 62
7
100
AcDbMText
 10
93.0
 20
-796.5
 30
0.0
 40
4.0
 41
68.0
 71
4
  1
送风口 — 散流器/百叶风口
  7
DesignMate
  0
SOLID
  5
3F1
330
D7
100
AcDbEntity
  8
0
 62
201
100
AcDbTrace
 10
163.0
 20
-793.0
 30
0.0
 11
173.0
 21
-793.0
 31
0.0
 12
163.0
 22
-800.0
 32
0.0
 13
173.0
 23
-800.0
 33
0.0
  0
MTEXT
  5
3F2
330
D7
100
AcDbEntity
  8
0
 62
7
100
AcDbMText
 10
177.0
 20
-796.5
 30
0.0
 40
4.0
 71
4
  1
201
  7
DesignMate
  0
MTEXT
  5
3F3
330
D7
100
AcDbEntity
  8
0
 62
7
100
AcDbMText
 10
190.0
 20
-796.5
 30
0.0
 40
4.0
 71
4
  1
淡品红
  7
DesignMate
  0
MTEXT
  5
3F4
330
D7
100
AcDbEntity
  8
0
 62
7
100
AcDbMText
 10
218.0
 20
-796.5
 30
0.0
 40
4.0
 71
4
  1
0.15
  7
DesignMate
  0
MTEXT
  5
3F5
330
D7
100
AcDbEntity
  8
0
 62
7
100
AcDbMText
 10
230.0
 20
-796.5
 30
0.0
 40
4.0
 71
4
  1
实线
  7
DesignMate
  0
LWPOLYLINE
  5
3F6
330
D7
100
AcDbEntity
  8
D_066_M-HVAC-DIFF
  6
Continuous
 62
201
100
AcDbPolyline
 90
2
 70
0
 43
0.15
 10
253.0
 20
-796.5
 10
289.0
 20
-796.5
  0
LWPOLYLINE
  5
3F7
330
D7
100
AcDbEntity
  8
0
 62
250
100
AcDbPolyline
 90
2
 70
0
 10
0.0
 20
-802.0
 10
291.0
 20
-802.0
  0
MTEXT
  5
3F8
330
D7
100
AcDbEntity
  8
0
 62
7
100
AcDbMText
 10
4.0
 20
-807.5
 30
0.0
 40
4.0
 71
5
  1
67
  7
DesignMate
  0
MTEXT
  5
3F9
330
D7
100
AcDbEntity
  8
0
 62
7
100
AcDbMText
 10
14.0
 20
-807.5
 30
0.0
 40
4.0
 71
5
  1
M
  7
DesignMate
  0
MTEXT
  5
3FA
330
D7
100
AcDbEntity
  8
0
 62
7
100
AcDbMText
 10
21.0
 20
-807.5
 30
0.0
 40
4.0
 41
70.0
 71
4
  1
D_067_M-HVAC-GRILL
  7
DesignMate
  0
MTEXT
  5
3FB
330
D7
100
AcDbEntity
  8
0
 62
7
100
AcDbMText
 10
93.0
 20
-807.5
 30
0.0
 40
4.0
 41
68.0
 71
4
  1
回风口 — 回风百叶/格栅
  7
DesignMate
  0
SOLID
  5
3FC
330
D7
100
AcDbEntity
  8
0
 62
212
100
AcDbTrace
 10
163.0
 20
-804.0
 30
0.0
 11
173.0
 21
-804.0
 31
0.0
 12
163.0
 22
-811.0
 32
0.0
 13
173.0
 23
-811.0
 33
0.0
  0
MTEXT
  5
3FD
330
D7
100
AcDbEntity
  8
0
 62
7
100
AcDbMText
 10
177.0
 20
-807.5
 30
0.0
 40
4.0
 71
4
  1
212
  7
DesignMate
  0
MTEXT
  5
3FE
330
D7
100
AcDbEntity
  8
0
 62
7
100
AcDbMText
 10
190.0
 20
-807.5
 30
0.0
 40
4.0
 71
4
  1
品红
  7
DesignMate
  0
MTEXT
  5
3FF
330
D7
100
AcDbEntity
  8
0
 62
7
100
AcDbMText
 10
218.0
 20
-807.5
 30
0.0
 40
4.0
 71
4
  1
0.15
  7
DesignMate
  0
MTEXT
  5
400
330
D7
100
AcDbEntity
  8
0
 62
7
100
AcDbMText
 10
230.0
 20
-807.5
 30
0.0
 40
4.0
 71
4
  1
实线
  7
DesignMate
  0
LWPOLYLINE
  5
401
330
D7
100
AcDbEntity
  8
D_067_M-HVAC-GRILL
  6
Continuous
 62
212
100
AcDbPolyline
 90
2
 70
0
 43
0.15
 10
253.0
 20
-807.5
 10
289.0
 20
-807.5
  0
LWPOLYLINE
  5
402
330
D7
100
AcDbEntity
  8
0
 62
250
100
AcDbPolyline
 90
2
 70
0
 10
0.0
 20
-813.0
 10
291.0
 20
-813.0
  0
LWPOLYLINE
  5
403
330
D7
100
AcDbEntity
  8
0
 62
9
100
AcDbPolyline
 90
4
 70
1
 10
0.0
 20
-813.0
 10
291.0
 20
-813.0
 10
291.0
 20
-824.0
 10
0.0
 20
-824.0
  0
MTEXT
  5
404
330
D7
100
AcDbEntity
  8
0
 62
7
100
AcDbMText
 10
4.0
 20
-818.5
 30
0.0
 40
4.0
 71
5
  1
68
  7
DesignMate
  0
MTEXT
  5
405
330
D7
100
AcDbEntity
  8
0
 62
7
100
AcDbMText
 10
14.0
 20
-818.5
 30
0.0
 40
4.0
 71
5
  1
M
  7
DesignMate
  0
MTEXT
  5
406
330
D7
100
AcDbEntity
  8
0
 62
7
100
AcDbMText
 10
21.0
 20
-818.5
 30
0.0
 40
4.0
 41
70.0
 71
4
  1
D_068_M-HVAC-EQPM
  7
DesignMate
  0
MTEXT
  5
407
330
D7
100
AcDbEntity
  8
0
 62
7
100
AcDbMText
 10
93.0
 20
-818.5
 30
0.0
 40
4.0
 41
68.0
 71
4
  1
空调设备 — AHU/冷凝器/热泵
  7
DesignMate
  0
SOLID
  5
408
330
D7
100
AcDbEntity
  8
0
 62
223
100
AcDbTrace
 10
163.0
 20
-815.0
 30
0.0
 11
173.0
 21
-815.0
 31
0.0
 12
163.0
 22
-822.0
 32
0.0
 13
173.0
 23
-822.0
 33
0.0
  0
MTEXT
  5
409
330
D7
100
AcDbEntity
  8
0
 62
7
100
AcDbMText
 10
177.0
 20
-818.5
 30
0.0
 40
4.0
 71
4
  1
223
  7
DesignMate
  0
MTEXT
  5
40A
330
D7
100
AcDbEntity
  8
0
 62
7
100
AcDbMText
 10
190.0
 20
-818.5
 30
0.0
 40
4.0
 71
4
  1
品红
  7
DesignMate
  0
MTEXT
  5
40B
330
D7
100
AcDbEntity
  8
0
 62
7
100
AcDbMText
 10
218.0
 20
-818.5
 30
0.0
 40
4.0
 71
4
  1
0.35
  7
DesignMate
  0
MTEXT
  5
40C
330
D7
100
AcDbEntity
  8
0
 62
7
100
AcDbMText
 10
230.0
 20
-818.5
 30
0.0
 40
4.0
 71
4
  1
实线
  7
DesignMate
  0
LWPOLYLINE
  5
40D
330
D7
100
AcDbEntity
  8
D_068_M-HVAC-EQPM
  6
Continuous
 62
223
100
AcDbPolyline
 90
2
 70
0
 43
0.35
 10
253.0
 20
-818.5
 10
289.0
 20
-818.5
  0
LWPOLYLINE
  5
40E
330
D7
100
AcDbEntity
  8
0
 62
250
100
AcDbPolyline
 90
2
 70
0
 10
0.0
 20
-824.0
 10
291.0
 20
-824.0
  0
MTEXT
  5
40F
330
D7
100
AcDbEntity
  8
0
 62
7
100
AcDbMText
 10
4.0
 20
-829.5
 30
0.0
 40
4.0
 71
5
  1
69
  7
DesignMate
  0
MTEXT
  5
410
330
D7
100
AcDbEntity
  8
0
 62
7
100
AcDbMText
 10
14.0
 20
-829.5
 30
0.0
 40
4.0
 71
5
  1
M
  7
DesignMate
  0
MTEXT
  5
411
330
D7
100
AcDbEntity
  8
0
 62
7
100
AcDbMText
 10
21.0
 20
-829.5
 30
0.0
 40
4.0
 41
70.0
 71
4
  1
D_069_M-HVAC-FCU
  7
DesignMate
  0
MTEXT
  5
412
330
D7
100
AcDbEntity
  8
0
 62
7
100
AcDbMText
 10
93.0
 20
-829.5
 30
0.0
 40
4.0
 41
68.0
 71
4
  1
风机盘管 — FCU 末端设备
  7
DesignMate
  0
SOLID
  5
413
330
D7
100
AcDbEntity
  8
0
 62
234
100
AcDbTrace
 10
163.0
 20
-826.0
 30
0.0
 11
173.0
 21
-826.0
 31
0.0
 12
163.0
 22
-833.0
 32
0.0
 13
173.0
 23
-833.0
 33
0.0
  0
MTEXT
  5
414
330
D7
100
AcDbEntity
  8
0
 62
7
100
AcDbMText
 10
177.0
 20
-829.5
 30
0.0
 40
4.0
 71
4
  1
234
  7
DesignMate
  0
MTEXT
  5
415
330
D7
100
AcDbEntity
  8
0
 62
7
100
AcDbMText
 10
190.0
 20
-829.5
 30
0.0
 40
4.0
 71
4
  1
粉红
  7
DesignMate
  0
MTEXT
  5
416
330
D7
100
AcDbEntity
  8
0
 62
7
100
AcDbMText
 10
218.0
 20
-829.5
 30
0.0
 40
4.0
 71
4
  1
0.25
  7
DesignMate
  0
MTEXT
  5
417
330
D7
100
AcDbEntity
  8
0
 62
7
100
AcDbMText
 10
230.0
 20
-829.5
 30
0.0
 40
4.0
 71
4
  1
实线
  7
DesignMate
  0
LWPOLYLINE
  5
418
330
D7
100
AcDbEntity
  8
D_069_M-HVAC-FCU
  6
Continuous
 62
234
100
AcDbPolyline
 90
2
 70
0
 43
0.25
 10
253.0
 20
-829.5
 10
289.0
 20
-829.5
  0
LWPOLYLINE
  5
419
330
D7
100
AcDbEntity
  8
0
 62
250
100
AcDbPolyline
 90
2
 70
0
 10
0.0
 20
-835.0
 10
291.0
 20
-835.0
  0
LWPOLYLINE
  5
41A
330
D7
100
AcDbEntity
  8
0
 62
9
100
AcDbPolyline
 90
4
 70
1
 10
0.0
 20
-835.0
 10
291.0
 20
-835.0
 10
291.0
 20
-846.0
 10
0.0
 20
-846.0
  0
MTEXT
  5
41B
330
D7
100
AcDbEntity
  8
0
 62
7
100
AcDbMText
 10
4.0
 20
-840.5
 30
0.0
 40
4.0
 71
5
  1
70
  7
DesignMate
  0
MTEXT
  5
41C
330
D7
100
AcDbEntity
  8
0
 62
7
100
AcDbMText
 10
14.0
 20
-840.5
 30
0.0
 40
4.0
 71
5
  1
M
  7
DesignMate
  0
MTEXT
  5
41D
330
D7
100
AcDbEntity
  8
0
 62
7
100
AcDbMText
 10
21.0
 20
-840.5
 30
0.0
 40
4.0
 41
70.0
 71
4
  1
D_070_M-HVAC-VAV
  7
DesignMate
  0
MTEXT
  5
41E
330
D7
100
AcDbEntity
  8
0
 62
7
100
AcDbMText
 10
93.0
 20
-840.5
 30
0.0
 40
4.0
 41
68.0
 71
4
  1
变风量末端 — VAV BOX
  7
DesignMate
  0
SOLID
  5
41F
330
D7
100
AcDbEntity
  8
0
 62
245
100
AcDbTrace
 10
163.0
 20
-837.0
 30
0.0
 11
173.0
 21
-837.0
 31
0.0
 12
163.0
 22
-844.0
 32
0.0
 13
173.0
 23
-844.0
 33
0.0
  0
MTEXT
  5
420
330
D7
100
AcDbEntity
  8
0
 62
7
100
AcDbMText
 10
177.0
 20
-840.5
 30
0.0
 40
4.0
 71
4
  1
245
  7
DesignMate
  0
MTEXT
  5
421
330
D7
100
AcDbEntity
  8
0
 62
7
100
AcDbMText
 10
190.0
 20
-840.5
 30
0.0
 40
4.0
 71
4
  1
粉红
  7
DesignMate
  0
MTEXT
  5
422
330
D7
100
AcDbEntity
  8
0
 62
7
100
AcDbMText
 10
218.0
 20
-840.5
 30
0.0
 40
4.0
 71
4
  1
0.25
  7
DesignMate
  0
MTEXT
  5
423
330
D7
100
AcDbEntity
  8
0
 62
7
100
AcDbMText
 10
230.0
 20
-840.5
 30
0.0
 40
4.0
 71
4
  1
实线
  7
DesignMate
  0
LWPOLYLINE
  5
424
330
D7
100
AcDbEntity
  8
D_070_M-HVAC-VAV
  6
Continuous
 62
245
100
AcDbPolyline
 90
2
 70
0
 43
0.25
 10
253.0
 20
-840.5
 10
289.0
 20
-840.5
  0
LWPOLYLINE
  5
425
330
D7
100
AcDbEntity
  8
0
 62
250
100
AcDbPolyline
 90
2
 70
0
 10
0.0
 20
-846.0
 10
291.0
 20
-846.0
  0
MTEXT
  5
426
330
D7
100
AcDbEntity
  8
0
 62
7
100
AcDbMText
 10
4.0
 20
-851.5
 30
0.0
 40
4.0
 71
5
  1
71
  7
DesignMate
  0
MTEXT
  5
427
330
D7
100
AcDbEntity
  8
0
 62
7
100
AcDbMText
 10
14.0
 20
-851.5
 30
0.0
 40
4.0
 71
5
  1
M
  7
DesignMate
  0
MTEXT
  5
428
330
D7
100
AcDbEntity
  8
0
 62
7
100
AcDbMText
 10
21.0
 20
-851.5
 30
0.0
 40
4.0
 41
70.0
 71
4
  1
D_071_M-PIPE-SUP
  7
DesignMate
  0
MTEXT
  5
429
330
D7
100
AcDbEntity
  8
0
 62
7
100
AcDbMText
 10
93.0
 20
-851.5
 30
0.0
 40
4.0
 41
68.0
 71
4
  1
供水管 — 冷冻/热水供水主管
  7
DesignMate
  0
SOLID
  5
42A
330
D7
100
AcDbEntity
  8
0
 62
4
100
AcDbTrace
 10
163.0
 20
-848.0
 30
0.0
 11
173.0
 21
-848.0
 31
0.0
 12
163.0
 22
-855.0
 32
0.0
 13
173.0
 23
-855.0
 33
0.0
  0
MTEXT
  5
42B
330
D7
100
AcDbEntity
  8
0
 62
7
100
AcDbMText
 10
177.0
 20
-851.5
 30
0.0
 40
4.0
 71
4
  1
4
  7
DesignMate
  0
MTEXT
  5
42C
330
D7
100
AcDbEntity
  8
0
 62
7
100
AcDbMText
 10
190.0
 20
-851.5
 30
0.0
 40
4.0
 71
4
  1
青
  7
DesignMate
  0
MTEXT
  5
42D
330
D7
100
AcDbEntity
  8
0
 62
7
100
AcDbMText
 10
218.0
 20
-851.5
 30
0.0
 40
4.0
 71
4
  1
0.25
  7
DesignMate
  0
MTEXT
  5
42E
330
D7
100
AcDbEntity
  8
0
 62
7
100
AcDbMText
 10
230.0
 20
-851.5
 30
0.0
 40
4.0
 71
4
  1
实线
  7
DesignMate
  0
LWPOLYLINE
  5
42F
330
D7
100
AcDbEntity
  8
D_071_M-PIPE-SUP
  6
Continuous
 62
4
100
AcDbPolyline
 90
2
 70
0
 43
0.25
 10
253.0
 20
-851.5
 10
289.0
 20
-851.5
  0
LWPOLYLINE
  5
430
330
D7
100
AcDbEntity
  8
0
 62
250
100
AcDbPolyline
 90
2
 70
0
 10
0.0
 20
-857.0
 10
291.0
 20
-857.0
  0
LWPOLYLINE
  5
431
330
D7
100
AcDbEntity
  8
0
 62
9
100
AcDbPolyline
 90
4
 70
1
 10
0.0
 20
-857.0
 10
291.0
 20
-857.0
 10
291.0
 20
-868.0
 10
0.0
 20
-868.0
  0
MTEXT
  5
432
330
D7
100
AcDbEntity
  8
0
 62
7
100
AcDbMText
 10
4.0
 20
-862.5
 30
0.0
 40
4.0
 71
5
  1
72
  7
DesignMate
  0
MTEXT
  5
433
330
D7
100
AcDbEntity
  8
0
 62
7
100
AcDbMText
 10
14.0
 20
-862.5
 30
0.0
 40
4.0
 71
5
  1
M
  7
DesignMate
  0
MTEXT
  5
434
330
D7
100
AcDbEntity
  8
0
 62
7
100
AcDbMText
 10
21.0
 20
-862.5
 30
0.0
 40
4.0
 41
70.0
 71
4
  1
D_072_M-PIPE-RET
  7
DesignMate
  0
MTEXT
  5
435
330
D7
100
AcDbEntity
  8
0
 62
7
100
AcDbMText
 10
93.0
 20
-862.5
 30
0.0
 40
4.0
 41
68.0
 71
4
  1
回水管 — 冷冻/热水回水（区分供水）
  7
DesignMate
  0
SOLID
  5
436
330
D7
100
AcDbEntity
  8
0
 62
15
100
AcDbTrace
 10
163.0
 20
-859.0
 30
0.0
 11
173.0
 21
-859.0
 31
0.0
 12
163.0
 22
-866.0
 32
0.0
 13
173.0
 23
-866.0
 33
0.0
  0
MTEXT
  5
437
330
D7
100
AcDbEntity
  8
0
 62
7
100
AcDbMText
 10
177.0
 20
-862.5
 30
0.0
 40
4.0
 71
4
  1
15
  7
DesignMate
  0
MTEXT
  5
438
330
D7
100
AcDbEntity
  8
0
 62
7
100
AcDbMText
 10
190.0
 20
-862.5
 30
0.0
 40
4.0
 71
4
  1
红
  7
DesignMate
  0
MTEXT
  5
439
330
D7
100
AcDbEntity
  8
0
 62
7
100
AcDbMText
 10
218.0
 20
-862.5
 30
0.0
 40
4.0
 71
4
  1
0.25
  7
DesignMate
  0
MTEXT
  5
43A
330
D7
100
AcDbEntity
  8
0
 62
7
100
AcDbMText
 10
230.0
 20
-862.5
 30
0.0
 40
4.0
 71
4
  1
虚线
  7
DesignMate
  0
LWPOLYLINE
  5
43B
330
D7
100
AcDbEntity
  8
D_072_M-PIPE-RET
  6
Dashed
 62
15
100
AcDbPolyline
 90
2
 70
0
 43
0.25
 10
253.0
 20
-862.5
 10
289.0
 20
-862.5
  0
LWPOLYLINE
  5
43C
330
D7
100
AcDbEntity
  8
0
 62
250
100
AcDbPolyline
 90
2
 70
0
 10
0.0
 20
-868.0
 10
291.0
 20
-868.0
  0
MTEXT
  5
43D
330
D7
100
AcDbEntity
  8
0
 62
7
100
AcDbMText
 10
4.0
 20
-873.5
 30
0.0
 40
4.0
 71
5
  1
73
  7
DesignMate
  0
MTEXT
  5
43E
330
D7
100
AcDbEntity
  8
0
 62
7
100
AcDbMText
 10
14.0
 20
-873.5
 30
0.0
 40
4.0
 71
5
  1
M
  7
DesignMate
  0
MTEXT
  5
43F
330
D7
100
AcDbEntity
  8
0
 62
7
100
AcDbMText
 10
21.0
 20
-873.5
 30
0.0
 40
4.0
 41
70.0
 71
4
  1
D_073_M-PIPE-COND
  7
DesignMate
  0
MTEXT
  5
440
330
D7
100
AcDbEntity
  8
0
 62
7
100
AcDbMText
 10
93.0
 20
-873.5
 30
0.0
 40
4.0
 41
68.0
 71
4
  1
冷凝水管 — 空调冷凝排水
  7
DesignMate
  0
SOLID
  5
441
330
D7
100
AcDbEntity
  8
0
 62
26
100
AcDbTrace
 10
163.0
 20
-870.0
 30
0.0
 11
173.0
 21
-870.0
 31
0.0
 12
163.0
 22
-877.0
 32
0.0
 13
173.0
 23
-877.0
 33
0.0
  0
MTEXT
  5
442
330
D7
100
AcDbEntity
  8
0
 62
7
100
AcDbMText
 10
177.0
 20
-873.5
 30
0.0
 40
4.0
 71
4
  1
26
  7
DesignMate
  0
MTEXT
  5
443
330
D7
100
AcDbEntity
  8
0
 62
7
100
AcDbMText
 10
190.0
 20
-873.5
 30
0.0
 40
4.0
 71
4
  1
深红
  7
DesignMate
  0
MTEXT
  5
444
330
D7
100
AcDbEntity
  8
0
 62
7
100
AcDbMText
 10
218.0
 20
-873.5
 30
0.0
 40
4.0
 71
4
  1
0.15
  7
DesignMate
  0
MTEXT
  5
445
330
D7
100
AcDbEntity
  8
0
 62
7
100
AcDbMText
 10
230.0
 20
-873.5
 30
0.0
 40
4.0
 71
4
  1
虚线
  7
DesignMate
  0
LWPOLYLINE
  5
446
330
D7
100
AcDbEntity
  8
D_073_M-PIPE-COND
  6
Dashed
 62
26
100
AcDbPolyline
 90
2
 70
0
 43
0.15
 10
253.0
 20
-873.5
 10
289.0
 20
-873.5
  0
LWPOLYLINE
  5
447
330
D7
100
AcDbEntity
  8
0
 62
250
100
AcDbPolyline
 90
2
 70
0
 10
0.0
 20
-879.0
 10
291.0
 20
-879.0
  0
LWPOLYLINE
  5
448
330
D7
100
AcDbEntity
  8
0
 62
9
100
AcDbPolyline
 90
4
 70
1
 10
0.0
 20
-879.0
 10
291.0
 20
-879.0
 10
291.0
 20
-890.0
 10
0.0
 20
-890.0
  0
MTEXT
  5
449
330
D7
100
AcDbEntity
  8
0
 62
7
100
AcDbMText
 10
4.0
 20
-884.5
 30
0.0
 40
4.0
 71
5
  1
74
  7
DesignMate
  0
MTEXT
  5
44A
330
D7
100
AcDbEntity
  8
0
 62
7
100
AcDbMText
 10
14.0
 20
-884.5
 30
0.0
 40
4.0
 71
5
  1
M
  7
DesignMate
  0
MTEXT
  5
44B
330
D7
100
AcDbEntity
  8
0
 62
7
100
AcDbMText
 10
21.0
 20
-884.5
 30
0.0
 40
4.0
 41
70.0
 71
4
  1
D_074_M-PIPE-INSU
  7
DesignMate
  0
MTEXT
  5
44C
330
D7
100
AcDbEntity
  8
0
 62
7
100
AcDbMText
 10
93.0
 20
-884.5
 30
0.0
 40
4.0
 41
68.0
 71
4
  1
保温层 — 管道保温外皮（辅助线）
  7
DesignMate
  0
SOLID
  5
44D
330
D7
100
AcDbEntity
  8
0
 62
37
100
AcDbTrace
 10
163.0
 20
-881.0
 30
0.0
 11
173.0
 21
-881.0
 31
0.0
 12
163.0
 22
-888.0
 32
0.0
 13
173.0
 23
-888.0
 33
0.0
  0
MTEXT
  5
44E
330
D7
100
AcDbEntity
  8
0
 62
7
100
AcDbMText
 10
177.0
 20
-884.5
 30
0.0
 40
4.0
 71
4
  1
37
  7
DesignMate
  0
MTEXT
  5
44F
330
D7
100
AcDbEntity
  8
0
 62
7
100
AcDbMText
 10
190.0
 20
-884.5
 30
0.0
 40
4.0
 71
4
  1
深橙红
  7
DesignMate
  0
MTEXT
  5
450
330
D7
100
AcDbEntity
  8
0
 62
7
100
AcDbMText
 10
218.0
 20
-884.5
 30
0.0
 40
4.0
 71
4
  1
0.15
  7
DesignMate
  0
MTEXT
  5
451
330
D7
100
AcDbEntity
  8
0
 62
7
100
AcDbMText
 10
230.0
 20
-884.5
 30
0.0
 40
4.0
 71
4
  1
虚线
  7
DesignMate
  0
LWPOLYLINE
  5
452
330
D7
100
AcDbEntity
  8
D_074_M-PIPE-INSU
  6
Dashed
 62
37
100
AcDbPolyline
 90
2
 70
0
 43
0.15
 10
253.0
 20
-884.5
 10
289.0
 20
-884.5
  0
LWPOLYLINE
  5
453
330
D7
100
AcDbEntity
  8
0
 62
250
100
AcDbPolyline
 90
2
 70
0
 10
0.0
 20
-890.0
 10
291.0
 20
-890.0
  0
MTEXT
  5
454
330
D7
100
AcDbEntity
  8
0
 62
7
100
AcDbMText
 10
4.0
 20
-895.5
 30
0.0
 40
4.0
 71
5
  1
75
  7
DesignMate
  0
MTEXT
  5
455
330
D7
100
AcDbEntity
  8
0
 62
7
100
AcDbMText
 10
14.0
 20
-895.5
 30
0.0
 40
4.0
 71
5
  1
M
  7
DesignMate
  0
MTEXT
  5
456
330
D7
100
AcDbEntity
  8
0
 62
7
100
AcDbMText
 10
21.0
 20
-895.5
 30
0.0
 40
4.0
 41
70.0
 71
4
  1
D_075_M-ANNO-DIMS
  7
DesignMate
  0
MTEXT
  5
457
330
D7
100
AcDbEntity
  8
0
 62
7
100
AcDbMText
 10
93.0
 20
-895.5
 30
0.0
 40
4.0
 41
68.0
 71
4
  1
暖通尺寸标注
  7
DesignMate
  0
SOLID
  5
458
330
D7
100
AcDbEntity
  8
0
 62
48
100
AcDbTrace
 10
163.0
 20
-892.0
 30
0.0
 11
173.0
 21
-892.0
 31
0.0
 12
163.0
 22
-899.0
 32
0.0
 13
173.0
 23
-899.0
 33
0.0
  0
MTEXT
  5
459
330
D7
100
AcDbEntity
  8
0
 62
7
100
AcDbMText
 10
177.0
 20
-895.5
 30
0.0
 40
4.0
 71
4
  1
48
  7
DesignMate
  0
MTEXT
  5
45A
330
D7
100
AcDbEntity
  8
0
 62
7
100
AcDbMText
 10
190.0
 20
-895.5
 30
0.0
 40
4.0
 71
4
  1
暗橙
  7
DesignMate
  0
MTEXT
  5
45B
330
D7
100
AcDbEntity
  8
0
 62
7
100
AcDbMText
 10
218.0
 20
-895.5
 30
0.0
 40
4.0
 71
4
  1
0.15
  7
DesignMate
  0
MTEXT
  5
45C
330
D7
100
AcDbEntity
  8
0
 62
7
100
AcDbMText
 10
230.0
 20
-895.5
 30
0.0
 40
4.0
 71
4
  1
实线
  7
DesignMate
  0
LWPOLYLINE
  5
45D
330
D7
100
AcDbEntity
  8
D_075_M-ANNO-DIMS
  6
Continuous
 62
48
100
AcDbPolyline
 90
2
 70
0
 43
0.15
 10
253.0
 20
-895.5
 10
289.0
 20
-895.5
  0
LWPOLYLINE
  5
45E
330
D7
100
AcDbEntity
  8
0
 62
250
100
AcDbPolyline
 90
2
 70
0
 10
0.0
 20
-901.0
 10
291.0
 20
-901.0
  0
LWPOLYLINE
  5
45F
330
D7
100
AcDbEntity
  8
0
 62
9
100
AcDbPolyline
 90
4
 70
1
 10
0.0
 20
-901.0
 10
291.0
 20
-901.0
 10
291.0
 20
-912.0
 10
0.0
 20
-912.0
  0
MTEXT
  5
460
330
D7
100
AcDbEntity
  8
0
 62
7
100
AcDbMText
 10
4.0
 20
-906.5
 30
0.0
 40
4.0
 71
5
  1
76
  7
DesignMate
  0
MTEXT
  5
461
330
D7
100
AcDbEntity
  8
0
 62
7
100
AcDbMText
 10
14.0
 20
-906.5
 30
0.0
 40
4.0
 71
5
  1
M
  7
DesignMate
  0
MTEXT
  5
462
330
D7
100
AcDbEntity
  8
0
 62
7
100
AcDbMText
 10
21.0
 20
-906.5
 30
0.0
 40
4.0
 41
70.0
 71
4
  1
D_076_M-ANNO-TEXT
  7
DesignMate
  0
MTEXT
  5
463
330
D7
100
AcDbEntity
  8
0
 62
7
100
AcDbMText
 10
93.0
 20
-906.5
 30
0.0
 40
4.0
 41
68.0
 71
4
  1
暖通文字标注 — 风量/管径标注
  7
DesignMate
  0
SOLID
  5
464
330
D7
100
AcDbEntity
  8
0
 62
59
100
AcDbTrace
 10
163.0
 20
-903.0
 30
0.0
 11
173.0
 21
-903.0
 31
0.0
 12
163.0
 22
-910.0
 32
0.0
 13
173.0
 23
-910.0
 33
0.0
  0
MTEXT
  5
465
330
D7
100
AcDbEntity
  8
0
 62
7
100
AcDbMText
 10
177.0
 20
-906.5
 30
0.0
 40
4.0
 71
4
  1
59
  7
DesignMate
  0
MTEXT
  5
466
330
D7
100
AcDbEntity
  8
0
 62
7
100
AcDbMText
 10
190.0
 20
-906.5
 30
0.0
 40
4.0
 71
4
  1
暗黄
  7
DesignMate
  0
MTEXT
  5
467
330
D7
100
AcDbEntity
  8
0
 62
7
100
AcDbMText
 10
218.0
 20
-906.5
 30
0.0
 40
4.0
 71
4
  1
0.15
  7
DesignMate
  0
MTEXT
  5
468
330
D7
100
AcDbEntity
  8
0
 62
7
100
AcDbMText
 10
230.0
 20
-906.5
 30
0.0
 40
4.0
 71
4
  1
实线
  7
DesignMate
  0
LWPOLYLINE
  5
469
330
D7
100
AcDbEntity
  8
D_076_M-ANNO-TEXT
  6
Continuous
 62
59
100
AcDbPolyline
 90
2
 70
0
 43
0.15
 10
253.0
 20
-906.5
 10
289.0
 20
-906.5
  0
LWPOLYLINE
  5
46A
330
D7
100
AcDbEntity
  8
0
 62
250
100
AcDbPolyline
 90
2
 70
0
 10
0.0
 20
-912.0
 10
291.0
 20
-912.0
  0
SOLID
  5
46B
330
D7
100
AcDbEntity
  8
0
 62
206
100
AcDbTrace
 10
0.0
 20
-912.0
 30
0.0
 11
291.0
 21
-912.0
 31
0.0
 12
0.0
 22
-924.0
 32
0.0
 13
291.0
 23
-924.0
 33
0.0
  0
LWPOLYLINE
  5
46C
330
D7
100
AcDbEntity
  8
0
 62
250
100
AcDbPolyline
 90
2
 70
0
 43
0.25
 10
0.0
 20
-924.0
 10
291.0
 20
-924.0
  0
MTEXT
  5
46D
330
D7
100
AcDbEntity
  8
0
 62
7
100
AcDbMText
 10
12.0
 20
-918.0
 30
0.0
 40
5.6
 71
4
  1
P / 给排水 Plumbing / 15 图层
  7
DM_GroupTitle
  0
MTEXT
  5
46E
330
D7
100
AcDbEntity
  8
0
 62
7
100
AcDbMText
 10
4.0
 20
-929.5
 30
0.0
 40
4.0
 71
5
  1
77
  7
DesignMate
  0
MTEXT
  5
46F
330
D7
100
AcDbEntity
  8
0
 62
7
100
AcDbMText
 10
14.0
 20
-929.5
 30
0.0
 40
4.0
 71
5
  1
P
  7
DesignMate
  0
MTEXT
  5
470
330
D7
100
AcDbEntity
  8
0
 62
7
100
AcDbMText
 10
21.0
 20
-929.5
 30
0.0
 40
4.0
 41
70.0
 71
4
  1
D_077_P-WATR-SUP
  7
DesignMate
  0
MTEXT
  5
471
330
D7
100
AcDbEntity
  8
0
 62
7
100
AcDbMText
 10
93.0
 20
-929.5
 30
0.0
 40
4.0
 41
68.0
 71
4
  1
给水管 — 生活冷水主管
  7
DesignMate
  0
SOLID
  5
472
330
D7
100
AcDbEntity
  8
0
 62
70
100
AcDbTrace
 10
163.0
 20
-926.0
 30
0.0
 11
173.0
 21
-926.0
 31
0.0
 12
163.0
 22
-933.0
 32
0.0
 13
173.0
 23
-933.0
 33
0.0
  0
MTEXT
  5
473
330
D7
100
AcDbEntity
  8
0
 62
7
100
AcDbMText
 10
177.0
 20
-929.5
 30
0.0
 40
4.0
 71
4
  1
70
  7
DesignMate
  0
MTEXT
  5
474
330
D7
100
AcDbEntity
  8
0
 62
7
100
AcDbMText
 10
190.0
 20
-929.5
 30
0.0
 40
4.0
 71
4
  1
淡黄绿
  7
DesignMate
  0
MTEXT
  5
475
330
D7
100
AcDbEntity
  8
0
 62
7
100
AcDbMText
 10
218.0
 20
-929.5
 30
0.0
 40
4.0
 71
4
  1
0.35
  7
DesignMate
  0
MTEXT
  5
476
330
D7
100
AcDbEntity
  8
0
 62
7
100
AcDbMText
 10
230.0
 20
-929.5
 30
0.0
 40
4.0
 71
4
  1
实线
  7
DesignMate
  0
LWPOLYLINE
  5
477
330
D7
100
AcDbEntity
  8
D_077_P-WATR-SUP
  6
Continuous
 62
70
100
AcDbPolyline
 90
2
 70
0
 43
0.35
 10
253.0
 20
-929.5
 10
289.0
 20
-929.5
  0
LWPOLYLINE
  5
478
330
D7
100
AcDbEntity
  8
0
 62
250
100
AcDbPolyline
 90
2
 70
0
 10
0.0
 20
-935.0
 10
291.0
 20
-935.0
  0
LWPOLYLINE
  5
479
330
D7
100
AcDbEntity
  8
0
 62
9
100
AcDbPolyline
 90
4
 70
1
 10
0.0
 20
-935.0
 10
291.0
 20
-935.0
 10
291.0
 20
-946.0
 10
0.0
 20
-946.0
  0
MTEXT
  5
47A
330
D7
100
AcDbEntity
  8
0
 62
7
100
AcDbMText
 10
4.0
 20
-940.5
 30
0.0
 40
4.0
 71
5
  1
78
  7
DesignMate
  0
MTEXT
  5
47B
330
D7
100
AcDbEntity
  8
0
 62
7
100
AcDbMText
 10
14.0
 20
-940.5
 30
0.0
 40
4.0
 71
5
  1
P
  7
DesignMate
  0
MTEXT
  5
47C
330
D7
100
AcDbEntity
  8
0
 62
7
100
AcDbMText
 10
21.0
 20
-940.5
 30
0.0
 40
4.0
 41
70.0
 71
4
  1
D_078_P-WATR-HOT
  7
DesignMate
  0
MTEXT
  5
47D
330
D7
100
AcDbEntity
  8
0
 62
7
100
AcDbMText
 10
93.0
 20
-940.5
 30
0.0
 40
4.0
 41
68.0
 71
4
  1
热水管 — 生活热水供水（区分冷水）
  7
DesignMate
  0
SOLID
  5
47E
330
D7
100
AcDbEntity
  8
0
 62
81
100
AcDbTrace
 10
163.0
 20
-937.0
 30
0.0
 11
173.0
 21
-937.0
 31
0.0
 12
163.0
 22
-944.0
 32
0.0
 13
173.0
 23
-944.0
 33
0.0
  0
MTEXT
  5
47F
330
D7
100
AcDbEntity
  8
0
 62
7
100
AcDbMText
 10
177.0
 20
-940.5
 30
0.0
 40
4.0
 71
4
  1
81
  7
DesignMate
  0
MTEXT
  5
480
330
D7
100
AcDbEntity
  8
0
 62
7
100
AcDbMText
 10
190.0
 20
-940.5
 30
0.0
 40
4.0
 71
4
  1
淡黄绿
  7
DesignMate
  0
MTEXT
  5
481
330
D7
100
AcDbEntity
  8
0
 62
7
100
AcDbMText
 10
218.0
 20
-940.5
 30
0.0
 40
4.0
 71
4
  1
0.30
  7
DesignMate
  0
MTEXT
  5
482
330
D7
100
AcDbEntity
  8
0
 62
7
100
AcDbMText
 10
230.0
 20
-940.5
 30
0.0
 40
4.0
 71
4
  1
虚线
  7
DesignMate
  0
LWPOLYLINE
  5
483
330
D7
100
AcDbEntity
  8
D_078_P-WATR-HOT
  6
Dashed
 62
81
100
AcDbPolyline
 90
2
 70
0
 43
0.3
 10
253.0
 20
-940.5
 10
289.0
 20
-940.5
  0
LWPOLYLINE
  5
484
330
D7
100
AcDbEntity
  8
0
 62
250
100
AcDbPolyline
 90
2
 70
0
 10
0.0
 20
-946.0
 10
291.0
 20
-946.0
  0
MTEXT
  5
485
330
D7
100
AcDbEntity
  8
0
 62
7
100
AcDbMText
 10
4.0
 20
-951.5
 30
0.0
 40
4.0
 71
5
  1
79
  7
DesignMate
  0
MTEXT
  5
486
330
D7
100
AcDbEntity
  8
0
 62
7
100
AcDbMText
 10
14.0
 20
-951.5
 30
0.0
 40
4.0
 71
5
  1
P
  7
DesignMate
  0
MTEXT
  5
487
330
D7
100
AcDbEntity
  8
0
 62
7
100
AcDbMText
 10
21.0
 20
-951.5
 30
0.0
 40
4.0
 41
70.0
 71
4
  1
D_079_P-WATR-RET
  7
DesignMate
  0
MTEXT
  5
488
330
D7
100
AcDbEntity
  8
0
 62
7
100
AcDbMText
 10
93.0
 20
-951.5
 30
0.0
 40
4.0
 41
68.0
 71
4
  1
回水管 — 热水循环回水（区分供水）
  7
DesignMate
  0
SOLID
  5
489
330
D7
100
AcDbEntity
  8
0
 62
92
100
AcDbTrace
 10
163.0
 20
-948.0
 30
0.0
 11
173.0
 21
-948.0
 31
0.0
 12
163.0
 22
-955.0
 32
0.0
 13
173.0
 23
-955.0
 33
0.0
  0
MTEXT
  5
48A
330
D7
100
AcDbEntity
  8
0
 62
7
100
AcDbMText
 10
177.0
 20
-951.5
 30
0.0
 40
4.0
 71
4
  1
92
  7
DesignMate
  0
MTEXT
  5
48B
330
D7
100
AcDbEntity
  8
0
 62
7
100
AcDbMText
 10
190.0
 20
-951.5
 30
0.0
 40
4.0
 71
4
  1
绿
  7
DesignMate
  0
MTEXT
  5
48C
330
D7
100
AcDbEntity
  8
0
 62
7
100
AcDbMText
 10
218.0
 20
-951.5
 30
0.0
 40
4.0
 71
4
  1
0.25
  7
DesignMate
  0
MTEXT
  5
48D
330
D7
100
AcDbEntity
  8
0
 62
7
100
AcDbMText
 10
230.0
 20
-951.5
 30
0.0
 40
4.0
 71
4
  1
虚线
  7
DesignMate
  0
LWPOLYLINE
  5
48E
330
D7
100
AcDbEntity
  8
D_079_P-WATR-RET
  6
Dashed
 62
92
100
AcDbPolyline
 90
2
 70
0
 43
0.25
 10
253.0
 20
-951.5
 10
289.0
 20
-951.5
  0
LWPOLYLINE
  5
48F
330
D7
100
AcDbEntity
  8
0
 62
250
100
AcDbPolyline
 90
2
 70
0
 10
0.0
 20
-957.0
 10
291.0
 20
-957.0
  0
LWPOLYLINE
  5
490
330
D7
100
AcDbEntity
  8
0
 62
9
100
AcDbPolyline
 90
4
 70
1
 10
0.0
 20
-957.0
 10
291.0
 20
-957.0
 10
291.0
 20
-968.0
 10
0.0
 20
-968.0
  0
MTEXT
  5
491
330
D7
100
AcDbEntity
  8
0
 62
7
100
AcDbMText
 10
4.0
 20
-962.5
 30
0.0
 40
4.0
 71
5
  1
80
  7
DesignMate
  0
MTEXT
  5
492
330
D7
100
AcDbEntity
  8
0
 62
7
100
AcDbMText
 10
14.0
 20
-962.5
 30
0.0
 40
4.0
 71
5
  1
P
  7
DesignMate
  0
MTEXT
  5
493
330
D7
100
AcDbEntity
  8
0
 62
7
100
AcDbMText
 10
21.0
 20
-962.5
 30
0.0
 40
4.0
 41
70.0
 71
4
  1
D_080_P-DRAIN-SAN
  7
DesignMate
  0
MTEXT
  5
494
330
D7
100
AcDbEntity
  8
0
 62
7
100
AcDbMText
 10
93.0
 20
-962.5
 30
0.0
 40
4.0
 41
68.0
 71
4
  1
污水管 — 重力排污主管
  7
DesignMate
  0
SOLID
  5
495
330
D7
100
AcDbEntity
  8
0
 62
103
100
AcDbTrace
 10
163.0
 20
-959.0
 30
0.0
 11
173.0
 21
-959.0
 31
0.0
 12
163.0
 22
-966.0
 32
0.0
 13
173.0
 23
-966.0
 33
0.0
  0
MTEXT
  5
496
330
D7
100
AcDbEntity
  8
0
 62
7
100
AcDbMText
 10
177.0
 20
-962.5
 30
0.0
 40
4.0
 71
4
  1
103
  7
DesignMate
  0
MTEXT
  5
497
330
D7
100
AcDbEntity
  8
0
 62
7
100
AcDbMText
 10
190.0
 20
-962.5
 30
0.0
 40
4.0
 71
4
  1
绿
  7
DesignMate
  0
MTEXT
  5
498
330
D7
100
AcDbEntity
  8
0
 62
7
100
AcDbMText
 10
218.0
 20
-962.5
 30
0.0
 40
4.0
 71
4
  1
0.35
  7
DesignMate
  0
MTEXT
  5
499
330
D7
100
AcDbEntity
  8
0
 62
7
100
AcDbMText
 10
230.0
 20
-962.5
 30
0.0
 40
4.0
 71
4
  1
实线
  7
DesignMate
  0
LWPOLYLINE
  5
49A
330
D7
100
AcDbEntity
  8
D_080_P-DRAIN-SAN
  6
Continuous
 62
103
100
AcDbPolyline
 90
2
 70
0
 43
0.35
 10
253.0
 20
-962.5
 10
289.0
 20
-962.5
  0
LWPOLYLINE
  5
49B
330
D7
100
AcDbEntity
  8
0
 62
250
100
AcDbPolyline
 90
2
 70
0
 10
0.0
 20
-968.0
 10
291.0
 20
-968.0
  0
MTEXT
  5
49C
330
D7
100
AcDbEntity
  8
0
 62
7
100
AcDbMText
 10
4.0
 20
-973.5
 30
0.0
 40
4.0
 71
5
  1
81
  7
DesignMate
  0
MTEXT
  5
49D
330
D7
100
AcDbEntity
  8
0
 62
7
100
AcDbMText
 10
14.0
 20
-973.5
 30
0.0
 40
4.0
 71
5
  1
P
  7
DesignMate
  0
MTEXT
  5
49E
330
D7
100
AcDbEntity
  8
0
 62
7
100
AcDbMText
 10
21.0
 20
-973.5
 30
0.0
 40
4.0
 41
70.0
 71
4
  1
D_081_P-DRAIN-STM
  7
DesignMate
  0
MTEXT
  5
49F
330
D7
100
AcDbEntity
  8
0
 62
7
100
AcDbMText
 10
93.0
 20
-973.5
 30
0.0
 40
4.0
 41
68.0
 71
4
  1
雨水管 — 屋面/场地雨水排水
  7
DesignMate
  0
SOLID
  5
4A0
330
D7
100
AcDbEntity
  8
0
 62
114
100
AcDbTrace
 10
163.0
 20
-970.0
 30
0.0
 11
173.0
 21
-970.0
 31
0.0
 12
163.0
 22
-977.0
 32
0.0
 13
173.0
 23
-977.0
 33
0.0
  0
MTEXT
  5
4A1
330
D7
100
AcDbEntity
  8
0
 62
7
100
AcDbMText
 10
177.0
 20
-973.5
 30
0.0
 40
4.0
 71
4
  1
114
  7
DesignMate
  0
MTEXT
  5
4A2
330
D7
100
AcDbEntity
  8
0
 62
7
100
AcDbMText
 10
190.0
 20
-973.5
 30
0.0
 40
4.0
 71
4
  1
绿
  7
DesignMate
  0
MTEXT
  5
4A3
330
D7
100
AcDbEntity
  8
0
 62
7
100
AcDbMText
 10
218.0
 20
-973.5
 30
0.0
 40
4.0
 71
4
  1
0.25
  7
DesignMate
  0
MTEXT
  5
4A4
330
D7
100
AcDbEntity
  8
0
 62
7
100
AcDbMText
 10
230.0
 20
-973.5
 30
0.0
 40
4.0
 71
4
  1
虚线
  7
DesignMate
  0
LWPOLYLINE
  5
4A5
330
D7
100
AcDbEntity
  8
D_081_P-DRAIN-STM
  6
Dashed
 62
114
100
AcDbPolyline
 90
2
 70
0
 43
0.25
 10
253.0
 20
-973.5
 10
289.0
 20
-973.5
  0
LWPOLYLINE
  5
4A6
330
D7
100
AcDbEntity
  8
0
 62
250
100
AcDbPolyline
 90
2
 70
0
 10
0.0
 20
-979.0
 10
291.0
 20
-979.0
  0
LWPOLYLINE
  5
4A7
330
D7
100
AcDbEntity
  8
0
 62
9
100
AcDbPolyline
 90
4
 70
1
 10
0.0
 20
-979.0
 10
291.0
 20
-979.0
 10
291.0
 20
-990.0
 10
0.0
 20
-990.0
  0
MTEXT
  5
4A8
330
D7
100
AcDbEntity
  8
0
 62
7
100
AcDbMText
 10
4.0
 20
-984.5
 30
0.0
 40
4.0
 71
5
  1
82
  7
DesignMate
  0
MTEXT
  5
4A9
330
D7
100
AcDbEntity
  8
0
 62
7
100
AcDbMText
 10
14.0
 20
-984.5
 30
0.0
 40
4.0
 71
5
  1
P
  7
DesignMate
  0
MTEXT
  5
4AA
330
D7
100
AcDbEntity
  8
0
 62
7
100
AcDbMText
 10
21.0
 20
-984.5
 30
0.0
 40
4.0
 41
70.0
 71
4
  1
D_082_P-DRAIN-VENT
  7
DesignMate
  0
MTEXT
  5
4AB
330
D7
100
AcDbEntity
  8
0
 62
7
100
AcDbMText
 10
93.0
 20
-984.5
 30
0.0
 40
4.0
 41
68.0
 71
4
  1
通气管 — 排水系统透气
  7
DesignMate
  0
SOLID
  5
4AC
330
D7
100
AcDbEntity
  8
0
 62
125
100
AcDbTrace
 10
163.0
 20
-981.0
 30
0.0
 11
173.0
 21
-981.0
 31
0.0
 12
163.0
 22
-988.0
 32
0.0
 13
173.0
 23
-988.0
 33
0.0
  0
MTEXT
  5
4AD
330
D7
100
AcDbEntity
  8
0
 62
7
100
AcDbMText
 10
177.0
 20
-984.5
 30
0.0
 40
4.0
 71
4
  1
125
  7
DesignMate
  0
MTEXT
  5
4AE
330
D7
100
AcDbEntity
  8
0
 62
7
100
AcDbMText
 10
190.0
 20
-984.5
 30
0.0
 40
4.0
 71
4
  1
青
  7
DesignMate
  0
MTEXT
  5
4AF
330
D7
100
AcDbEntity
  8
0
 62
7
100
AcDbMText
 10
218.0
 20
-984.5
 30
0.0
 40
4.0
 71
4
  1
0.15
  7
DesignMate
  0
MTEXT
  5
4B0
330
D7
100
AcDbEntity
  8
0
 62
7
100
AcDbMText
 10
230.0
 20
-984.5
 30
0.0
 40
4.0
 71
4
  1
虚线
  7
DesignMate
  0
LWPOLYLINE
  5
4B1
330
D7
100
AcDbEntity
  8
D_082_P-DRAIN-VENT
  6
Dashed
 62
125
100
AcDbPolyline
 90
2
 70
0
 43
0.15
 10
253.0
 20
-984.5
 10
289.0
 20
-984.5
  0
LWPOLYLINE
  5
4B2
330
D7
100
AcDbEntity
  8
0
 62
250
100
AcDbPolyline
 90
2
 70
0
 10
0.0
 20
-990.0
 10
291.0
 20
-990.0
  0
MTEXT
  5
4B3
330
D7
100
AcDbEntity
  8
0
 62
7
100
AcDbMText
 10
4.0
 20
-995.5
 30
0.0
 40
4.0
 71
5
  1
83
  7
DesignMate
  0
MTEXT
  5
4B4
330
D7
100
AcDbEntity
  8
0
 62
7
100
AcDbMText
 10
14.0
 20
-995.5
 30
0.0
 40
4.0
 71
5
  1
P
  7
DesignMate
  0
MTEXT
  5
4B5
330
D7
100
AcDbEntity
  8
0
 62
7
100
AcDbMText
 10
21.0
 20
-995.5
 30
0.0
 40
4.0
 41
70.0
 71
4
  1
D_083_P-FIXT
  7
DesignMate
  0
MTEXT
  5
4B6
330
D7
100
AcDbEntity
  8
0
 62
7
100
AcDbMText
 10
93.0
 20
-995.5
 30
0.0
 40
4.0
 41
68.0
 71
4
  1
卫生器具 — 洁具通用轮廓
  7
DesignMate
  0
SOLID
  5
4B7
330
D7
100
AcDbEntity
  8
0
 62
136
100
AcDbTrace
 10
163.0
 20
-992.0
 30
0.0
 11
173.0
 21
-992.0
 31
0.0
 12
163.0
 22
-999.0
 32
0.0
 13
173.0
 23
-999.0
 33
0.0
  0
MTEXT
  5
4B8
330
D7
100
AcDbEntity
  8
0
 62
7
100
AcDbMText
 10
177.0
 20
-995.5
 30
0.0
 40
4.0
 71
4
  1
136
  7
DesignMate
  0
MTEXT
  5
4B9
330
D7
100
AcDbEntity
  8
0
 62
7
100
AcDbMText
 10
190.0
 20
-995.5
 30
0.0
 40
4.0
 71
4
  1
深青
  7
DesignMate
  0
MTEXT
  5
4BA
330
D7
100
AcDbEntity
  8
0
 62
7
100
AcDbMText
 10
218.0
 20
-995.5
 30
0.0
 40
4.0
 71
4
  1
0.25
  7
DesignMate
  0
MTEXT
  5
4BB
330
D7
100
AcDbEntity
  8
0
 62
7
100
AcDbMText
 10
230.0
 20
-995.5
 30
0.0
 40
4.0
 71
4
  1
实线
  7
DesignMate
  0
LWPOLYLINE
  5
4BC
330
D7
100
AcDbEntity
  8
D_083_P-FIXT
  6
Continuous
 62
136
100
AcDbPolyline
 90
2
 70
0
 43
0.25
 10
253.0
 20
-995.5
 10
289.0
 20
-995.5
  0
LWPOLYLINE
  5
4BD
330
D7
100
AcDbEntity
  8
0
 62
250
100
AcDbPolyline
 90
2
 70
0
 10
0.0
 20
-1001.0
 10
291.0
 20
-1001.0
  0
LWPOLYLINE
  5
4BE
330
D7
100
AcDbEntity
  8
0
 62
9
100
AcDbPolyline
 90
4
 70
1
 10
0.0
 20
-1001.0
 10
291.0
 20
-1001.0
 10
291.0
 20
-1012.0
 10
0.0
 20
-1012.0
  0
MTEXT
  5
4BF
330
D7
100
AcDbEntity
  8
0
 62
7
100
AcDbMText
 10
4.0
 20
-1006.5
 30
0.0
 40
4.0
 71
5
  1
84
  7
DesignMate
  0
MTEXT
  5
4C0
330
D7
100
AcDbEntity
  8
0
 62
7
100
AcDbMText
 10
14.0
 20
-1006.5
 30
0.0
 40
4.0
 71
5
  1
P
  7
DesignMate
  0
MTEXT
  5
4C1
330
D7
100
AcDbEntity
  8
0
 62
7
100
AcDbMText
 10
21.0
 20
-1006.5
 30
0.0
 40
4.0
 41
70.0
 71
4
  1
D_084_P-FIXT-BATH
  7
DesignMate
  0
MTEXT
  5
4C2
330
D7
100
AcDbEntity
  8
0
 62
7
100
AcDbMText
 10
93.0
 20
-1006.5
 30
0.0
 40
4.0
 41
68.0
 71
4
  1
浴缸 — 浴盆/淋浴底盘
  7
DesignMate
  0
SOLID
  5
4C3
330
D7
100
AcDbEntity
  8
0
 62
147
100
AcDbTrace
 10
163.0
 20
-1003.0
 30
0.0
 11
173.0
 21
-1003.0
 31
0.0
 12
163.0
 22
-1010.0
 32
0.0
 13
173.0
 23
-1010.0
 33
0.0
  0
MTEXT
  5
4C4
330
D7
100
AcDbEntity
  8
0
 62
7
100
AcDbMText
 10
177.0
 20
-1006.5
 30
0.0
 40
4.0
 71
4
  1
147
  7
DesignMate
  0
MTEXT
  5
4C5
330
D7
100
AcDbEntity
  8
0
 62
7
100
AcDbMText
 10
190.0
 20
-1006.5
 30
0.0
 40
4.0
 71
4
  1
蓝紫
  7
DesignMate
  0
MTEXT
  5
4C6
330
D7
100
AcDbEntity
  8
0
 62
7
100
AcDbMText
 10
218.0
 20
-1006.5
 30
0.0
 40
4.0
 71
4
  1
0.25
  7
DesignMate
  0
MTEXT
  5
4C7
330
D7
100
AcDbEntity
  8
0
 62
7
100
AcDbMText
 10
230.0
 20
-1006.5
 30
0.0
 40
4.0
 71
4
  1
实线
  7
DesignMate
  0
LWPOLYLINE
  5
4C8
330
D7
100
AcDbEntity
  8
D_084_P-FIXT-BATH
  6
Continuous
 62
147
100
AcDbPolyline
 90
2
 70
0
 43
0.25
 10
253.0
 20
-1006.5
 10
289.0
 20
-1006.5
  0
LWPOLYLINE
  5
4C9
330
D7
100
AcDbEntity
  8
0
 62
250
100
AcDbPolyline
 90
2
 70
0
 10
0.0
 20
-1012.0
 10
291.0
 20
-1012.0
  0
MTEXT
  5
4CA
330
D7
100
AcDbEntity
  8
0
 62
7
100
AcDbMText
 10
4.0
 20
-1017.5
 30
0.0
 40
4.0
 71
5
  1
85
  7
DesignMate
  0
MTEXT
  5
4CB
330
D7
100
AcDbEntity
  8
0
 62
7
100
AcDbMText
 10
14.0
 20
-1017.5
 30
0.0
 40
4.0
 71
5
  1
P
  7
DesignMate
  0
MTEXT
  5
4CC
330
D7
100
AcDbEntity
  8
0
 62
7
100
AcDbMText
 10
21.0
 20
-1017.5
 30
0.0
 40
4.0
 41
70.0
 71
4
  1
D_085_P-FIXT-SINK
  7
DesignMate
  0
MTEXT
  5
4CD
330
D7
100
AcDbEntity
  8
0
 62
7
100
AcDbMText
 10
93.0
 20
-1017.5
 30
0.0
 40
4.0
 41
68.0
 71
4
  1
洗涤槽 — 厨房/茶水间水槽
  7
DesignMate
  0
SOLID
  5
4CE
330
D7
100
AcDbEntity
  8
0
 62
158
100
AcDbTrace
 10
163.0
 20
-1014.0
 30
0.0
 11
173.0
 21
-1014.0
 31
0.0
 12
163.0
 22
-1021.0
 32
0.0
 13
173.0
 23
-1021.0
 33
0.0
  0
MTEXT
  5
4CF
330
D7
100
AcDbEntity
  8
0
 62
7
100
AcDbMText
 10
177.0
 20
-1017.5
 30
0.0
 40
4.0
 71
4
  1
158
  7
DesignMate
  0
MTEXT
  5
4D0
330
D7
100
AcDbEntity
  8
0
 62
7
100
AcDbMText
 10
190.0
 20
-1017.5
 30
0.0
 40
4.0
 71
4
  1
暗蓝
  7
DesignMate
  0
MTEXT
  5
4D1
330
D7
100
AcDbEntity
  8
0
 62
7
100
AcDbMText
 10
218.0
 20
-1017.5
 30
0.0
 40
4.0
 71
4
  1
0.25
  7
DesignMate
  0
MTEXT
  5
4D2
330
D7
100
AcDbEntity
  8
0
 62
7
100
AcDbMText
 10
230.0
 20
-1017.5
 30
0.0
 40
4.0
 71
4
  1
实线
  7
DesignMate
  0
LWPOLYLINE
  5
4D3
330
D7
100
AcDbEntity
  8
D_085_P-FIXT-SINK
  6
Continuous
 62
158
100
AcDbPolyline
 90
2
 70
0
 43
0.25
 10
253.0
 20
-1017.5
 10
289.0
 20
-1017.5
  0
LWPOLYLINE
  5
4D4
330
D7
100
AcDbEntity
  8
0
 62
250
100
AcDbPolyline
 90
2
 70
0
 10
0.0
 20
-1023.0
 10
291.0
 20
-1023.0
  0
LWPOLYLINE
  5
4D5
330
D7
100
AcDbEntity
  8
0
 62
9
100
AcDbPolyline
 90
4
 70
1
 10
0.0
 20
-1023.0
 10
291.0
 20
-1023.0
 10
291.0
 20
-1034.0
 10
0.0
 20
-1034.0
  0
MTEXT
  5
4D6
330
D7
100
AcDbEntity
  8
0
 62
7
100
AcDbMText
 10
4.0
 20
-1028.5
 30
0.0
 40
4.0
 71
5
  1
86
  7
DesignMate
  0
MTEXT
  5
4D7
330
D7
100
AcDbEntity
  8
0
 62
7
100
AcDbMText
 10
14.0
 20
-1028.5
 30
0.0
 40
4.0
 71
5
  1
P
  7
DesignMate
  0
MTEXT
  5
4D8
330
D7
100
AcDbEntity
  8
0
 62
7
100
AcDbMText
 10
21.0
 20
-1028.5
 30
0.0
 40
4.0
 41
70.0
 71
4
  1
D_086_P-FIXT-WC
  7
DesignMate
  0
MTEXT
  5
4D9
330
D7
100
AcDbEntity
  8
0
 62
7
100
AcDbMText
 10
93.0
 20
-1028.5
 30
0.0
 40
4.0
 41
68.0
 71
4
  1
坐便器 — 马桶
  7
DesignMate
  0
SOLID
  5
4DA
330
D7
100
AcDbEntity
  8
0
 62
169
100
AcDbTrace
 10
163.0
 20
-1025.0
 30
0.0
 11
173.0
 21
-1025.0
 31
0.0
 12
163.0
 22
-1032.0
 32
0.0
 13
173.0
 23
-1032.0
 33
0.0
  0
MTEXT
  5
4DB
330
D7
100
AcDbEntity
  8
0
 62
7
100
AcDbMText
 10
177.0
 20
-1028.5
 30
0.0
 40
4.0
 71
4
  1
169
  7
DesignMate
  0
MTEXT
  5
4DC
330
D7
100
AcDbEntity
  8
0
 62
7
100
AcDbMText
 10
190.0
 20
-1028.5
 30
0.0
 40
4.0
 71
4
  1
深蓝紫
  7
DesignMate
  0
MTEXT
  5
4DD
330
D7
100
AcDbEntity
  8
0
 62
7
100
AcDbMText
 10
218.0
 20
-1028.5
 30
0.0
 40
4.0
 71
4
  1
0.25
  7
DesignMate
  0
MTEXT
  5
4DE
330
D7
100
AcDbEntity
  8
0
 62
7
100
AcDbMText
 10
230.0
 20
-1028.5
 30
0.0
 40
4.0
 71
4
  1
实线
  7
DesignMate
  0
LWPOLYLINE
  5
4DF
330
D7
100
AcDbEntity
  8
D_086_P-FIXT-WC
  6
Continuous
 62
169
100
AcDbPolyline
 90
2
 70
0
 43
0.25
 10
253.0
 20
-1028.5
 10
289.0
 20
-1028.5
  0
LWPOLYLINE
  5
4E0
330
D7
100
AcDbEntity
  8
0
 62
250
100
AcDbPolyline
 90
2
 70
0
 10
0.0
 20
-1034.0
 10
291.0
 20
-1034.0
  0
MTEXT
  5
4E1
330
D7
100
AcDbEntity
  8
0
 62
7
100
AcDbMText
 10
4.0
 20
-1039.5
 30
0.0
 40
4.0
 71
5
  1
87
  7
DesignMate
  0
MTEXT
  5
4E2
330
D7
100
AcDbEntity
  8
0
 62
7
100
AcDbMText
 10
14.0
 20
-1039.5
 30
0.0
 40
4.0
 71
5
  1
P
  7
DesignMate
  0
MTEXT
  5
4E3
330
D7
100
AcDbEntity
  8
0
 62
7
100
AcDbMText
 10
21.0
 20
-1039.5
 30
0.0
 40
4.0
 41
70.0
 71
4
  1
D_087_P-FIXT-URIN
  7
DesignMate
  0
MTEXT
  5
4E4
330
D7
100
AcDbEntity
  8
0
 62
7
100
AcDbMText
 10
93.0
 20
-1039.5
 30
0.0
 40
4.0
 41
68.0
 71
4
  1
小便器 — 小便斗/小便槽
  7
DesignMate
  0
SOLID
  5
4E5
330
D7
100
AcDbEntity
  8
0
 62
180
100
AcDbTrace
 10
163.0
 20
-1036.0
 30
0.0
 11
173.0
 21
-1036.0
 31
0.0
 12
163.0
 22
-1043.0
 32
0.0
 13
173.0
 23
-1043.0
 33
0.0
  0
MTEXT
  5
4E6
330
D7
100
AcDbEntity
  8
0
 62
7
100
AcDbMText
 10
177.0
 20
-1039.5
 30
0.0
 40
4.0
 71
4
  1
180
  7
DesignMate
  0
MTEXT
  5
4E7
330
D7
100
AcDbEntity
  8
0
 62
7
100
AcDbMText
 10
190.0
 20
-1039.5
 30
0.0
 40
4.0
 71
4
  1
淡紫
  7
DesignMate
  0
MTEXT
  5
4E8
330
D7
100
AcDbEntity
  8
0
 62
7
100
AcDbMText
 10
218.0
 20
-1039.5
 30
0.0
 40
4.0
 71
4
  1
0.25
  7
DesignMate
  0
MTEXT
  5
4E9
330
D7
100
AcDbEntity
  8
0
 62
7
100
AcDbMText
 10
230.0
 20
-1039.5
 30
0.0
 40
4.0
 71
4
  1
实线
  7
DesignMate
  0
LWPOLYLINE
  5
4EA
330
D7
100
AcDbEntity
  8
D_087_P-FIXT-URIN
  6
Continuous
 62
180
100
AcDbPolyline
 90
2
 70
0
 43
0.25
 10
253.0
 20
-1039.5
 10
289.0
 20
-1039.5
  0
LWPOLYLINE
  5
4EB
330
D7
100
AcDbEntity
  8
0
 62
250
100
AcDbPolyline
 90
2
 70
0
 10
0.0
 20
-1045.0
 10
291.0
 20
-1045.0
  0
LWPOLYLINE
  5
4EC
330
D7
100
AcDbEntity
  8
0
 62
9
100
AcDbPolyline
 90
4
 70
1
 10
0.0
 20
-1045.0
 10
291.0
 20
-1045.0
 10
291.0
 20
-1056.0
 10
0.0
 20
-1056.0
  0
MTEXT
  5
4ED
330
D7
100
AcDbEntity
  8
0
 62
7
100
AcDbMText
 10
4.0
 20
-1050.5
 30
0.0
 40
4.0
 71
5
  1
88
  7
DesignMate
  0
MTEXT
  5
4EE
330
D7
100
AcDbEntity
  8
0
 62
7
100
AcDbMText
 10
14.0
 20
-1050.5
 30
0.0
 40
4.0
 71
5
  1
P
  7
DesignMate
  0
MTEXT
  5
4EF
330
D7
100
AcDbEntity
  8
0
 62
7
100
AcDbMText
 10
21.0
 20
-1050.5
 30
0.0
 40
4.0
 41
70.0
 71
4
  1
D_088_P-EQPM-PUMP
  7
DesignMate
  0
MTEXT
  5
4F0
330
D7
100
AcDbEntity
  8
0
 62
7
100
AcDbMText
 10
93.0
 20
-1050.5
 30
0.0
 40
4.0
 41
68.0
 71
4
  1
水泵 — 给水/排水/消防泵
  7
DesignMate
  0
SOLID
  5
4F1
330
D7
100
AcDbEntity
  8
0
 62
191
100
AcDbTrace
 10
163.0
 20
-1047.0
 30
0.0
 11
173.0
 21
-1047.0
 31
0.0
 12
163.0
 22
-1054.0
 32
0.0
 13
173.0
 23
-1054.0
 33
0.0
  0
MTEXT
  5
4F2
330
D7
100
AcDbEntity
  8
0
 62
7
100
AcDbMText
 10
177.0
 20
-1050.5
 30
0.0
 40
4.0
 71
4
  1
191
  7
DesignMate
  0
MTEXT
  5
4F3
330
D7
100
AcDbEntity
  8
0
 62
7
100
AcDbMText
 10
190.0
 20
-1050.5
 30
0.0
 40
4.0
 71
4
  1
淡紫
  7
DesignMate
  0
MTEXT
  5
4F4
330
D7
100
AcDbEntity
  8
0
 62
7
100
AcDbMText
 10
218.0
 20
-1050.5
 30
0.0
 40
4.0
 71
4
  1
0.25
  7
DesignMate
  0
MTEXT
  5
4F5
330
D7
100
AcDbEntity
  8
0
 62
7
100
AcDbMText
 10
230.0
 20
-1050.5
 30
0.0
 40
4.0
 71
4
  1
实线
  7
DesignMate
  0
LWPOLYLINE
  5
4F6
330
D7
100
AcDbEntity
  8
D_088_P-EQPM-PUMP
  6
Continuous
 62
191
100
AcDbPolyline
 90
2
 70
0
 43
0.25
 10
253.0
 20
-1050.5
 10
289.0
 20
-1050.5
  0
LWPOLYLINE
  5
4F7
330
D7
100
AcDbEntity
  8
0
 62
250
100
AcDbPolyline
 90
2
 70
0
 10
0.0
 20
-1056.0
 10
291.0
 20
-1056.0
  0
MTEXT
  5
4F8
330
D7
100
AcDbEntity
  8
0
 62
7
100
AcDbMText
 10
4.0
 20
-1061.5
 30
0.0
 40
4.0
 71
5
  1
89
  7
DesignMate
  0
MTEXT
  5
4F9
330
D7
100
AcDbEntity
  8
0
 62
7
100
AcDbMText
 10
14.0
 20
-1061.5
 30
0.0
 40
4.0
 71
5
  1
P
  7
DesignMate
  0
MTEXT
  5
4FA
330
D7
100
AcDbEntity
  8
0
 62
7
100
AcDbMText
 10
21.0
 20
-1061.5
 30
0.0
 40
4.0
 41
70.0
 71
4
  1
D_089_P-EQPM-TANK
  7
DesignMate
  0
MTEXT
  5
4FB
330
D7
100
AcDbEntity
  8
0
 62
7
100
AcDbMText
 10
93.0
 20
-1061.5
 30
0.0
 40
4.0
 41
68.0
 71
4
  1
水箱 — 生活/消防水箱
  7
DesignMate
  0
SOLID
  5
4FC
330
D7
100
AcDbEntity
  8
0
 62
202
100
AcDbTrace
 10
163.0
 20
-1058.0
 30
0.0
 11
173.0
 21
-1058.0
 31
0.0
 12
163.0
 22
-1065.0
 32
0.0
 13
173.0
 23
-1065.0
 33
0.0
  0
MTEXT
  5
4FD
330
D7
100
AcDbEntity
  8
0
 62
7
100
AcDbMText
 10
177.0
 20
-1061.5
 30
0.0
 40
4.0
 71
4
  1
202
  7
DesignMate
  0
MTEXT
  5
4FE
330
D7
100
AcDbEntity
  8
0
 62
7
100
AcDbMText
 10
190.0
 20
-1061.5
 30
0.0
 40
4.0
 71
4
  1
品红
  7
DesignMate
  0
MTEXT
  5
4FF
330
D7
100
AcDbEntity
  8
0
 62
7
100
AcDbMText
 10
218.0
 20
-1061.5
 30
0.0
 40
4.0
 71
4
  1
0.25
  7
DesignMate
  0
MTEXT
  5
500
330
D7
100
AcDbEntity
  8
0
 62
7
100
AcDbMText
 10
230.0
 20
-1061.5
 30
0.0
 40
4.0
 71
4
  1
实线
  7
DesignMate
  0
LWPOLYLINE
  5
501
330
D7
100
AcDbEntity
  8
D_089_P-EQPM-TANK
  6
Continuous
 62
202
100
AcDbPolyline
 90
2
 70
0
 43
0.25
 10
253.0
 20
-1061.5
 10
289.0
 20
-1061.5
  0
LWPOLYLINE
  5
502
330
D7
100
AcDbEntity
  8
0
 62
250
100
AcDbPolyline
 90
2
 70
0
 10
0.0
 20
-1067.0
 10
291.0
 20
-1067.0
  0
LWPOLYLINE
  5
503
330
D7
100
AcDbEntity
  8
0
 62
9
100
AcDbPolyline
 90
4
 70
1
 10
0.0
 20
-1067.0
 10
291.0
 20
-1067.0
 10
291.0
 20
-1078.0
 10
0.0
 20
-1078.0
  0
MTEXT
  5
504
330
D7
100
AcDbEntity
  8
0
 62
7
100
AcDbMText
 10
4.0
 20
-1072.5
 30
0.0
 40
4.0
 71
5
  1
90
  7
DesignMate
  0
MTEXT
  5
505
330
D7
100
AcDbEntity
  8
0
 62
7
100
AcDbMText
 10
14.0
 20
-1072.5
 30
0.0
 40
4.0
 71
5
  1
P
  7
DesignMate
  0
MTEXT
  5
506
330
D7
100
AcDbEntity
  8
0
 62
7
100
AcDbMText
 10
21.0
 20
-1072.5
 30
0.0
 40
4.0
 41
70.0
 71
4
  1
D_090_P-ANNO-DIMS
  7
DesignMate
  0
MTEXT
  5
507
330
D7
100
AcDbEntity
  8
0
 62
7
100
AcDbMText
 10
93.0
 20
-1072.5
 30
0.0
 40
4.0
 41
68.0
 71
4
  1
给排水尺寸标注
  7
DesignMate
  0
SOLID
  5
508
330
D7
100
AcDbEntity
  8
0
 62
213
100
AcDbTrace
 10
163.0
 20
-1069.0
 30
0.0
 11
173.0
 21
-1069.0
 31
0.0
 12
163.0
 22
-1076.0
 32
0.0
 13
173.0
 23
-1076.0
 33
0.0
  0
MTEXT
  5
509
330
D7
100
AcDbEntity
  8
0
 62
7
100
AcDbMText
 10
177.0
 20
-1072.5
 30
0.0
 40
4.0
 71
4
  1
213
  7
DesignMate
  0
MTEXT
  5
50A
330
D7
100
AcDbEntity
  8
0
 62
7
100
AcDbMText
 10
190.0
 20
-1072.5
 30
0.0
 40
4.0
 71
4
  1
品红
  7
DesignMate
  0
MTEXT
  5
50B
330
D7
100
AcDbEntity
  8
0
 62
7
100
AcDbMText
 10
218.0
 20
-1072.5
 30
0.0
 40
4.0
 71
4
  1
0.15
  7
DesignMate
  0
MTEXT
  5
50C
330
D7
100
AcDbEntity
  8
0
 62
7
100
AcDbMText
 10
230.0
 20
-1072.5
 30
0.0
 40
4.0
 71
4
  1
实线
  7
DesignMate
  0
LWPOLYLINE
  5
50D
330
D7
100
AcDbEntity
  8
D_090_P-ANNO-DIMS
  6
Continuous
 62
213
100
AcDbPolyline
 90
2
 70
0
 43
0.15
 10
253.0
 20
-1072.5
 10
289.0
 20
-1072.5
  0
LWPOLYLINE
  5
50E
330
D7
100
AcDbEntity
  8
0
 62
250
100
AcDbPolyline
 90
2
 70
0
 10
0.0
 20
-1078.0
 10
291.0
 20
-1078.0
  0
MTEXT
  5
50F
330
D7
100
AcDbEntity
  8
0
 62
7
100
AcDbMText
 10
4.0
 20
-1083.5
 30
0.0
 40
4.0
 71
5
  1
91
  7
DesignMate
  0
MTEXT
  5
510
330
D7
100
AcDbEntity
  8
0
 62
7
100
AcDbMText
 10
14.0
 20
-1083.5
 30
0.0
 40
4.0
 71
5
  1
P
  7
DesignMate
  0
MTEXT
  5
511
330
D7
100
AcDbEntity
  8
0
 62
7
100
AcDbMText
 10
21.0
 20
-1083.5
 30
0.0
 40
4.0
 41
70.0
 71
4
  1
D_091_P-ANNO-TEXT
  7
DesignMate
  0
MTEXT
  5
512
330
D7
100
AcDbEntity
  8
0
 62
7
100
AcDbMText
 10
93.0
 20
-1083.5
 30
0.0
 40
4.0
 41
68.0
 71
4
  1
给排水文字标注 — 管径/坡度
  7
DesignMate
  0
SOLID
  5
513
330
D7
100
AcDbEntity
  8
0
 62
224
100
AcDbTrace
 10
163.0
 20
-1080.0
 30
0.0
 11
173.0
 21
-1080.0
 31
0.0
 12
163.0
 22
-1087.0
 32
0.0
 13
173.0
 23
-1087.0
 33
0.0
  0
MTEXT
  5
514
330
D7
100
AcDbEntity
  8
0
 62
7
100
AcDbMText
 10
177.0
 20
-1083.5
 30
0.0
 40
4.0
 71
4
  1
224
  7
DesignMate
  0
MTEXT
  5
515
330
D7
100
AcDbEntity
  8
0
 62
7
100
AcDbMText
 10
190.0
 20
-1083.5
 30
0.0
 40
4.0
 71
4
  1
粉红
  7
DesignMate
  0
MTEXT
  5
516
330
D7
100
AcDbEntity
  8
0
 62
7
100
AcDbMText
 10
218.0
 20
-1083.5
 30
0.0
 40
4.0
 71
4
  1
0.15
  7
DesignMate
  0
MTEXT
  5
517
330
D7
100
AcDbEntity
  8
0
 62
7
100
AcDbMText
 10
230.0
 20
-1083.5
 30
0.0
 40
4.0
 71
4
  1
实线
  7
DesignMate
  0
LWPOLYLINE
  5
518
330
D7
100
AcDbEntity
  8
D_091_P-ANNO-TEXT
  6
Continuous
 62
224
100
AcDbPolyline
 90
2
 70
0
 43
0.15
 10
253.0
 20
-1083.5
 10
289.0
 20
-1083.5
  0
LWPOLYLINE
  5
519
330
D7
100
AcDbEntity
  8
0
 62
250
100
AcDbPolyline
 90
2
 70
0
 10
0.0
 20
-1089.0
 10
291.0
 20
-1089.0
  0
SOLID
  5
51A
330
D7
100
AcDbEntity
  8
0
 62
206
100
AcDbTrace
 10
0.0
 20
-1089.0
 30
0.0
 11
291.0
 21
-1089.0
 31
0.0
 12
0.0
 22
-1101.0
 32
0.0
 13
291.0
 23
-1101.0
 33
0.0
  0
LWPOLYLINE
  5
51B
330
D7
100
AcDbEntity
  8
0
 62
250
100
AcDbPolyline
 90
2
 70
0
 43
0.25
 10
0.0
 20
-1101.0
 10
291.0
 20
-1101.0
  0
MTEXT
  5
51C
330
D7
100
AcDbEntity
  8
0
 62
7
100
AcDbMText
 10
12.0
 20
-1095.0
 30
0.0
 40
5.6
 71
4
  1
F / 消防 Fire / 15 图层
  7
DM_GroupTitle
  0
LWPOLYLINE
  5
51D
330
D7
100
AcDbEntity
  8
0
 62
9
100
AcDbPolyline
 90
4
 70
1
 10
0.0
 20
-1101.0
 10
291.0
 20
-1101.0
 10
291.0
 20
-1112.0
 10
0.0
 20
-1112.0
  0
MTEXT
  5
51E
330
D7
100
AcDbEntity
  8
0
 62
7
100
AcDbMText
 10
4.0
 20
-1106.5
 30
0.0
 40
4.0
 71
5
  1
92
  7
DesignMate
  0
MTEXT
  5
51F
330
D7
100
AcDbEntity
  8
0
 62
7
100
AcDbMText
 10
14.0
 20
-1106.5
 30
0.0
 40
4.0
 71
5
  1
F
  7
DesignMate
  0
MTEXT
  5
520
330
D7
100
AcDbEntity
  8
0
 62
7
100
AcDbMText
 10
21.0
 20
-1106.5
 30
0.0
 40
4.0
 41
70.0
 71
4
  1
D_092_F-ALARM
  7
DesignMate
  0
MTEXT
  5
521
330
D7
100
AcDbEntity
  8
0
 62
7
100
AcDbMText
 10
93.0
 20
-1106.5
 30
0.0
 40
4.0
 41
68.0
 71
4
  1
火灾报警 — 报警控制器/回路
  7
DesignMate
  0
SOLID
  5
522
330
D7
100
AcDbEntity
  8
0
 62
235
100
AcDbTrace
 10
163.0
 20
-1103.0
 30
0.0
 11
173.0
 21
-1103.0
 31
0.0
 12
163.0
 22
-1110.0
 32
0.0
 13
173.0
 23
-1110.0
 33
0.0
  0
MTEXT
  5
523
330
D7
100
AcDbEntity
  8
0
 62
7
100
AcDbMText
 10
177.0
 20
-1106.5
 30
0.0
 40
4.0
 71
4
  1
235
  7
DesignMate
  0
MTEXT
  5
524
330
D7
100
AcDbEntity
  8
0
 62
7
100
AcDbMText
 10
190.0
 20
-1106.5
 30
0.0
 40
4.0
 71
4
  1
粉红
  7
DesignMate
  0
MTEXT
  5
525
330
D7
100
AcDbEntity
  8
0
 62
7
100
AcDbMText
 10
218.0
 20
-1106.5
 30
0.0
 40
4.0
 71
4
  1
0.25
  7
DesignMate
  0
MTEXT
  5
526
330
D7
100
AcDbEntity
  8
0
 62
7
100
AcDbMText
 10
230.0
 20
-1106.5
 30
0.0
 40
4.0
 71
4
  1
实线
  7
DesignMate
  0
LWPOLYLINE
  5
527
330
D7
100
AcDbEntity
  8
D_092_F-ALARM
  6
Continuous
 62
235
100
AcDbPolyline
 90
2
 70
0
 43
0.25
 10
253.0
 20
-1106.5
 10
289.0
 20
-1106.5
  0
LWPOLYLINE
  5
528
330
D7
100
AcDbEntity
  8
0
 62
250
100
AcDbPolyline
 90
2
 70
0
 10
0.0
 20
-1112.0
 10
291.0
 20
-1112.0
  0
MTEXT
  5
529
330
D7
100
AcDbEntity
  8
0
 62
7
100
AcDbMText
 10
4.0
 20
-1117.5
 30
0.0
 40
4.0
 71
5
  1
93
  7
DesignMate
  0
MTEXT
  5
52A
330
D7
100
AcDbEntity
  8
0
 62
7
100
AcDbMText
 10
14.0
 20
-1117.5
 30
0.0
 40
4.0
 71
5
  1
F
  7
DesignMate
  0
MTEXT
  5
52B
330
D7
100
AcDbEntity
  8
0
 62
7
100
AcDbMText
 10
21.0
 20
-1117.5
 30
0.0
 40
4.0
 41
70.0
 71
4
  1
D_093_F-ALARM-DET
  7
DesignMate
  0
MTEXT
  5
52C
330
D7
100
AcDbEntity
  8
0
 62
7
100
AcDbMText
 10
93.0
 20
-1117.5
 30
0.0
 40
4.0
 41
68.0
 71
4
  1
探测器 — 烟感/温感
  7
DesignMate
  0
SOLID
  5
52D
330
D7
100
AcDbEntity
  8
0
 62
246
100
AcDbTrace
 10
163.0
 20
-1114.0
 30
0.0
 11
173.0
 21
-1114.0
 31
0.0
 12
163.0
 22
-1121.0
 32
0.0
 13
173.0
 23
-1121.0
 33
0.0
  0
MTEXT
  5
52E
330
D7
100
AcDbEntity
  8
0
 62
7
100
AcDbMText
 10
177.0
 20
-1117.5
 30
0.0
 40
4.0
 71
4
  1
246
  7
DesignMate
  0
MTEXT
  5
52F
330
D7
100
AcDbEntity
  8
0
 62
7
100
AcDbMText
 10
190.0
 20
-1117.5
 30
0.0
 40
4.0
 71
4
  1
深粉红
  7
DesignMate
  0
MTEXT
  5
530
330
D7
100
AcDbEntity
  8
0
 62
7
100
AcDbMText
 10
218.0
 20
-1117.5
 30
0.0
 40
4.0
 71
4
  1
0.15
  7
DesignMate
  0
MTEXT
  5
531
330
D7
100
AcDbEntity
  8
0
 62
7
100
AcDbMText
 10
230.0
 20
-1117.5
 30
0.0
 40
4.0
 71
4
  1
实线
  7
DesignMate
  0
LWPOLYLINE
  5
532
330
D7
100
AcDbEntity
  8
D_093_F-ALARM-DET
  6
Continuous
 62
246
100
AcDbPolyline
 90
2
 70
0
 43
0.15
 10
253.0
 20
-1117.5
 10
289.0
 20
-1117.5
  0
LWPOLYLINE
  5
533
330
D7
100
AcDbEntity
  8
0
 62
250
100
AcDbPolyline
 90
2
 70
0
 10
0.0
 20
-1123.0
 10
291.0
 20
-1123.0
  0
LWPOLYLINE
  5
534
330
D7
100
AcDbEntity
  8
0
 62
9
100
AcDbPolyline
 90
4
 70
1
 10
0.0
 20
-1123.0
 10
291.0
 20
-1123.0
 10
291.0
 20
-1134.0
 10
0.0
 20
-1134.0
  0
MTEXT
  5
535
330
D7
100
AcDbEntity
  8
0
 62
7
100
AcDbMText
 10
4.0
 20
-1128.5
 30
0.0
 40
4.0
 71
5
  1
94
  7
DesignMate
  0
MTEXT
  5
536
330
D7
100
AcDbEntity
  8
0
 62
7
100
AcDbMText
 10
14.0
 20
-1128.5
 30
0.0
 40
4.0
 71
5
  1
F
  7
DesignMate
  0
MTEXT
  5
537
330
D7
100
AcDbEntity
  8
0
 62
7
100
AcDbMText
 10
21.0
 20
-1128.5
 30
0.0
 40
4.0
 41
70.0
 71
4
  1
D_094_F-ALARM-PULL
  7
DesignMate
  0
MTEXT
  5
538
330
D7
100
AcDbEntity
  8
0
 62
7
100
AcDbMText
 10
93.0
 20
-1128.5
 30
0.0
 40
4.0
 41
68.0
 71
4
  1
手动报警按钮 — 手报
  7
DesignMate
  0
SOLID
  5
539
330
D7
100
AcDbEntity
  8
0
 62
5
100
AcDbTrace
 10
163.0
 20
-1125.0
 30
0.0
 11
173.0
 21
-1125.0
 31
0.0
 12
163.0
 22
-1132.0
 32
0.0
 13
173.0
 23
-1132.0
 33
0.0
  0
MTEXT
  5
53A
330
D7
100
AcDbEntity
  8
0
 62
7
100
AcDbMText
 10
177.0
 20
-1128.5
 30
0.0
 40
4.0
 71
4
  1
5
  7
DesignMate
  0
MTEXT
  5
53B
330
D7
100
AcDbEntity
  8
0
 62
7
100
AcDbMText
 10
190.0
 20
-1128.5
 30
0.0
 40
4.0
 71
4
  1
蓝
  7
DesignMate
  0
MTEXT
  5
53C
330
D7
100
AcDbEntity
  8
0
 62
7
100
AcDbMText
 10
218.0
 20
-1128.5
 30
0.0
 40
4.0
 71
4
  1
0.15
  7
DesignMate
  0
MTEXT
  5
53D
330
D7
100
AcDbEntity
  8
0
 62
7
100
AcDbMText
 10
230.0
 20
-1128.5
 30
0.0
 40
4.0
 71
4
  1
实线
  7
DesignMate
  0
LWPOLYLINE
  5
53E
330
D7
100
AcDbEntity
  8
D_094_F-ALARM-PULL
  6
Continuous
 62
5
100
AcDbPolyline
 90
2
 70
0
 43
0.15
 10
253.0
 20
-1128.5
 10
289.0
 20
-1128.5
  0
LWPOLYLINE
  5
53F
330
D7
100
AcDbEntity
  8
0
 62
250
100
AcDbPolyline
 90
2
 70
0
 10
0.0
 20
-1134.0
 10
291.0
 20
-1134.0
  0
MTEXT
  5
540
330
D7
100
AcDbEntity
  8
0
 62
7
100
AcDbMText
 10
4.0
 20
-1139.5
 30
0.0
 40
4.0
 71
5
  1
95
  7
DesignMate
  0
MTEXT
  5
541
330
D7
100
AcDbEntity
  8
0
 62
7
100
AcDbMText
 10
14.0
 20
-1139.5
 30
0.0
 40
4.0
 71
5
  1
F
  7
DesignMate
  0
MTEXT
  5
542
330
D7
100
AcDbEntity
  8
0
 62
7
100
AcDbMText
 10
21.0
 20
-1139.5
 30
0.0
 40
4.0
 41
70.0
 71
4
  1
D_095_F-ALARM-HORN
  7
DesignMate
  0
MTEXT
  5
543
330
D7
100
AcDbEntity
  8
0
 62
7
100
AcDbMText
 10
93.0
 20
-1139.5
 30
0.0
 40
4.0
 41
68.0
 71
4
  1
声光报警器 — 警铃/闪灯
  7
DesignMate
  0
SOLID
  5
544
330
D7
100
AcDbEntity
  8
0
 62
16
100
AcDbTrace
 10
163.0
 20
-1136.0
 30
0.0
 11
173.0
 21
-1136.0
 31
0.0
 12
163.0
 22
-1143.0
 32
0.0
 13
173.0
 23
-1143.0
 33
0.0
  0
MTEXT
  5
545
330
D7
100
AcDbEntity
  8
0
 62
7
100
AcDbMText
 10
177.0
 20
-1139.5
 30
0.0
 40
4.0
 71
4
  1
16
  7
DesignMate
  0
MTEXT
  5
546
330
D7
100
AcDbEntity
  8
0
 62
7
100
AcDbMText
 10
190.0
 20
-1139.5
 30
0.0
 40
4.0
 71
4
  1
深红
  7
DesignMate
  0
MTEXT
  5
547
330
D7
100
AcDbEntity
  8
0
 62
7
100
AcDbMText
 10
218.0
 20
-1139.5
 30
0.0
 40
4.0
 71
4
  1
0.15
  7
DesignMate
  0
MTEXT
  5
548
330
D7
100
AcDbEntity
  8
0
 62
7
100
AcDbMText
 10
230.0
 20
-1139.5
 30
0.0
 40
4.0
 71
4
  1
实线
  7
DesignMate
  0
LWPOLYLINE
  5
549
330
D7
100
AcDbEntity
  8
D_095_F-ALARM-HORN
  6
Continuous
 62
16
100
AcDbPolyline
 90
2
 70
0
 43
0.15
 10
253.0
 20
-1139.5
 10
289.0
 20
-1139.5
  0
LWPOLYLINE
  5
54A
330
D7
100
AcDbEntity
  8
0
 62
250
100
AcDbPolyline
 90
2
 70
0
 10
0.0
 20
-1145.0
 10
291.0
 20
-1145.0
  0
LWPOLYLINE
  5
54B
330
D7
100
AcDbEntity
  8
0
 62
9
100
AcDbPolyline
 90
4
 70
1
 10
0.0
 20
-1145.0
 10
291.0
 20
-1145.0
 10
291.0
 20
-1156.0
 10
0.0
 20
-1156.0
  0
MTEXT
  5
54C
330
D7
100
AcDbEntity
  8
0
 62
7
100
AcDbMText
 10
4.0
 20
-1150.5
 30
0.0
 40
4.0
 71
5
  1
96
  7
DesignMate
  0
MTEXT
  5
54D
330
D7
100
AcDbEntity
  8
0
 62
7
100
AcDbMText
 10
14.0
 20
-1150.5
 30
0.0
 40
4.0
 71
5
  1
F
  7
DesignMate
  0
MTEXT
  5
54E
330
D7
100
AcDbEntity
  8
0
 62
7
100
AcDbMText
 10
21.0
 20
-1150.5
 30
0.0
 40
4.0
 41
70.0
 71
4
  1
D_096_F-SPRINK
  7
DesignMate
  0
MTEXT
  5
54F
330
D7
100
AcDbEntity
  8
0
 62
7
100
AcDbMText
 10
93.0
 20
-1150.5
 30
0.0
 40
4.0
 41
68.0
 71
4
  1
自动喷淋 — 喷淋主管/支管
  7
DesignMate
  0
SOLID
  5
550
330
D7
100
AcDbEntity
  8
0
 62
27
100
AcDbTrace
 10
163.0
 20
-1147.0
 30
0.0
 11
173.0
 21
-1147.0
 31
0.0
 12
163.0
 22
-1154.0
 32
0.0
 13
173.0
 23
-1154.0
 33
0.0
  0
MTEXT
  5
551
330
D7
100
AcDbEntity
  8
0
 62
7
100
AcDbMText
 10
177.0
 20
-1150.5
 30
0.0
 40
4.0
 71
4
  1
27
  7
DesignMate
  0
MTEXT
  5
552
330
D7
100
AcDbEntity
  8
0
 62
7
100
AcDbMText
 10
190.0
 20
-1150.5
 30
0.0
 40
4.0
 71
4
  1
深红
  7
DesignMate
  0
MTEXT
  5
553
330
D7
100
AcDbEntity
  8
0
 62
7
100
AcDbMText
 10
218.0
 20
-1150.5
 30
0.0
 40
4.0
 71
4
  1
0.25
  7
DesignMate
  0
MTEXT
  5
554
330
D7
100
AcDbEntity
  8
0
 62
7
100
AcDbMText
 10
230.0
 20
-1150.5
 30
0.0
 40
4.0
 71
4
  1
实线
  7
DesignMate
  0
LWPOLYLINE
  5
555
330
D7
100
AcDbEntity
  8
D_096_F-SPRINK
  6
Continuous
 62
27
100
AcDbPolyline
 90
2
 70
0
 43
0.25
 10
253.0
 20
-1150.5
 10
289.0
 20
-1150.5
  0
LWPOLYLINE
  5
556
330
D7
100
AcDbEntity
  8
0
 62
250
100
AcDbPolyline
 90
2
 70
0
 10
0.0
 20
-1156.0
 10
291.0
 20
-1156.0
  0
MTEXT
  5
557
330
D7
100
AcDbEntity
  8
0
 62
7
100
AcDbMText
 10
4.0
 20
-1161.5
 30
0.0
 40
4.0
 71
5
  1
97
  7
DesignMate
  0
MTEXT
  5
558
330
D7
100
AcDbEntity
  8
0
 62
7
100
AcDbMText
 10
14.0
 20
-1161.5
 30
0.0
 40
4.0
 71
5
  1
F
  7
DesignMate
  0
MTEXT
  5
559
330
D7
100
AcDbEntity
  8
0
 62
7
100
AcDbMText
 10
21.0
 20
-1161.5
 30
0.0
 40
4.0
 41
70.0
 71
4
  1
D_097_F-SPRINK-HEAD
  7
DesignMate
  0
MTEXT
  5
55A
330
D7
100
AcDbEntity
  8
0
 62
7
100
AcDbMText
 10
93.0
 20
-1161.5
 30
0.0
 40
4.0
 41
68.0
 71
4
  1
喷淋头 — 闭式/开式喷头
  7
DesignMate
  0
SOLID
  5
55B
330
D7
100
AcDbEntity
  8
0
 62
38
100
AcDbTrace
 10
163.0
 20
-1158.0
 30
0.0
 11
173.0
 21
-1158.0
 31
0.0
 12
163.0
 22
-1165.0
 32
0.0
 13
173.0
 23
-1165.0
 33
0.0
  0
MTEXT
  5
55C
330
D7
100
AcDbEntity
  8
0
 62
7
100
AcDbMText
 10
177.0
 20
-1161.5
 30
0.0
 40
4.0
 71
4
  1
38
  7
DesignMate
  0
MTEXT
  5
55D
330
D7
100
AcDbEntity
  8
0
 62
7
100
AcDbMText
 10
190.0
 20
-1161.5
 30
0.0
 40
4.0
 71
4
  1
暗橙红
  7
DesignMate
  0
MTEXT
  5
55E
330
D7
100
AcDbEntity
  8
0
 62
7
100
AcDbMText
 10
218.0
 20
-1161.5
 30
0.0
 40
4.0
 71
4
  1
0.15
  7
DesignMate
  0
MTEXT
  5
55F
330
D7
100
AcDbEntity
  8
0
 62
7
100
AcDbMText
 10
230.0
 20
-1161.5
 30
0.0
 40
4.0
 71
4
  1
实线
  7
DesignMate
  0
LWPOLYLINE
  5
560
330
D7
100
AcDbEntity
  8
D_097_F-SPRINK-HEAD
  6
Continuous
 62
38
100
AcDbPolyline
 90
2
 70
0
 43
0.15
 10
253.0
 20
-1161.5
 10
289.0
 20
-1161.5
  0
LWPOLYLINE
  5
561
330
D7
100
AcDbEntity
  8
0
 62
250
100
AcDbPolyline
 90
2
 70
0
 10
0.0
 20
-1167.0
 10
291.0
 20
-1167.0
  0
LWPOLYLINE
  5
562
330
D7
100
AcDbEntity
  8
0
 62
9
100
AcDbPolyline
 90
4
 70
1
 10
0.0
 20
-1167.0
 10
291.0
 20
-1167.0
 10
291.0
 20
-1178.0
 10
0.0
 20
-1178.0
  0
MTEXT
  5
563
330
D7
100
AcDbEntity
  8
0
 62
7
100
AcDbMText
 10
4.0
 20
-1172.5
 30
0.0
 40
4.0
 71
5
  1
98
  7
DesignMate
  0
MTEXT
  5
564
330
D7
100
AcDbEntity
  8
0
 62
7
100
AcDbMText
 10
14.0
 20
-1172.5
 30
0.0
 40
4.0
 71
5
  1
F
  7
DesignMate
  0
MTEXT
  5
565
330
D7
100
AcDbEntity
  8
0
 62
7
100
AcDbMText
 10
21.0
 20
-1172.5
 30
0.0
 40
4.0
 41
70.0
 71
4
  1
D_098_F-SPRINK-PIPE
  7
DesignMate
  0
MTEXT
  5
566
330
D7
100
AcDbEntity
  8
0
 62
7
100
AcDbMText
 10
93.0
 20
-1172.5
 30
0.0
 40
4.0
 41
68.0
 71
4
  1
喷淋管道 — 配水管
  7
DesignMate
  0
SOLID
  5
567
330
D7
100
AcDbEntity
  8
0
 62
49
100
AcDbTrace
 10
163.0
 20
-1169.0
 30
0.0
 11
173.0
 21
-1169.0
 31
0.0
 12
163.0
 22
-1176.0
 32
0.0
 13
173.0
 23
-1176.0
 33
0.0
  0
MTEXT
  5
568
330
D7
100
AcDbEntity
  8
0
 62
7
100
AcDbMText
 10
177.0
 20
-1172.5
 30
0.0
 40
4.0
 71
4
  1
49
  7
DesignMate
  0
MTEXT
  5
569
330
D7
100
AcDbEntity
  8
0
 62
7
100
AcDbMText
 10
190.0
 20
-1172.5
 30
0.0
 40
4.0
 71
4
  1
暗橙
  7
DesignMate
  0
MTEXT
  5
56A
330
D7
100
AcDbEntity
  8
0
 62
7
100
AcDbMText
 10
218.0
 20
-1172.5
 30
0.0
 40
4.0
 71
4
  1
0.30
  7
DesignMate
  0
MTEXT
  5
56B
330
D7
100
AcDbEntity
  8
0
 62
7
100
AcDbMText
 10
230.0
 20
-1172.5
 30
0.0
 40
4.0
 71
4
  1
实线
  7
DesignMate
  0
LWPOLYLINE
  5
56C
330
D7
100
AcDbEntity
  8
D_098_F-SPRINK-PIPE
  6
Continuous
 62
49
100
AcDbPolyline
 90
2
 70
0
 43
0.3
 10
253.0
 20
-1172.5
 10
289.0
 20
-1172.5
  0
LWPOLYLINE
  5
56D
330
D7
100
AcDbEntity
  8
0
 62
250
100
AcDbPolyline
 90
2
 70
0
 10
0.0
 20
-1178.0
 10
291.0
 20
-1178.0
  0
MTEXT
  5
56E
330
D7
100
AcDbEntity
  8
0
 62
7
100
AcDbMText
 10
4.0
 20
-1183.5
 30
0.0
 40
4.0
 71
5
  1
99
  7
DesignMate
  0
MTEXT
  5
56F
330
D7
100
AcDbEntity
  8
0
 62
7
100
AcDbMText
 10
14.0
 20
-1183.5
 30
0.0
 40
4.0
 71
5
  1
F
  7
DesignMate
  0
MTEXT
  5
570
330
D7
100
AcDbEntity
  8
0
 62
7
100
AcDbMText
 10
21.0
 20
-1183.5
 30
0.0
 40
4.0
 41
70.0
 71
4
  1
D_099_F-HYDR
  7
DesignMate
  0
MTEXT
  5
571
330
D7
100
AcDbEntity
  8
0
 62
7
100
AcDbMText
 10
93.0
 20
-1183.5
 30
0.0
 40
4.0
 41
68.0
 71
4
  1
消火栓 — 室内消火栓箱
  7
DesignMate
  0
SOLID
  5
572
330
D7
100
AcDbEntity
  8
0
 62
60
100
AcDbTrace
 10
163.0
 20
-1180.0
 30
0.0
 11
173.0
 21
-1180.0
 31
0.0
 12
163.0
 22
-1187.0
 32
0.0
 13
173.0
 23
-1187.0
 33
0.0
  0
MTEXT
  5
573
330
D7
100
AcDbEntity
  8
0
 62
7
100
AcDbMText
 10
177.0
 20
-1183.5
 30
0.0
 40
4.0
 71
4
  1
60
  7
DesignMate
  0
MTEXT
  5
574
330
D7
100
AcDbEntity
  8
0
 62
7
100
AcDbMText
 10
190.0
 20
-1183.5
 30
0.0
 40
4.0
 71
4
  1
淡黄绿
  7
DesignMate
  0
MTEXT
  5
575
330
D7
100
AcDbEntity
  8
0
 62
7
100
AcDbMText
 10
218.0
 20
-1183.5
 30
0.0
 40
4.0
 71
4
  1
0.25
  7
DesignMate
  0
MTEXT
  5
576
330
D7
100
AcDbEntity
  8
0
 62
7
100
AcDbMText
 10
230.0
 20
-1183.5
 30
0.0
 40
4.0
 71
4
  1
实线
  7
DesignMate
  0
LWPOLYLINE
  5
577
330
D7
100
AcDbEntity
  8
D_099_F-HYDR
  6
Continuous
 62
60
100
AcDbPolyline
 90
2
 70
0
 43
0.25
 10
253.0
 20
-1183.5
 10
289.0
 20
-1183.5
  0
LWPOLYLINE
  5
578
330
D7
100
AcDbEntity
  8
0
 62
250
100
AcDbPolyline
 90
2
 70
0
 10
0.0
 20
-1189.0
 10
291.0
 20
-1189.0
  0
LWPOLYLINE
  5
579
330
D7
100
AcDbEntity
  8
0
 62
9
100
AcDbPolyline
 90
4
 70
1
 10
0.0
 20
-1189.0
 10
291.0
 20
-1189.0
 10
291.0
 20
-1200.0
 10
0.0
 20
-1200.0
  0
MTEXT
  5
57A
330
D7
100
AcDbEntity
  8
0
 62
7
100
AcDbMText
 10
4.0
 20
-1194.5
 30
0.0
 40
4.0
 71
5
  1
100
  7
DesignMate
  0
MTEXT
  5
57B
330
D7
100
AcDbEntity
  8
0
 62
7
100
AcDbMText
 10
14.0
 20
-1194.5
 30
0.0
 40
4.0
 71
5
  1
F
  7
DesignMate
  0
MTEXT
  5
57C
330
D7
100
AcDbEntity
  8
0
 62
7
100
AcDbMText
 10
21.0
 20
-1194.5
 30
0.0
 40
4.0
 41
70.0
 71
4
  1
D_100_F-HYDR-HOSE
  7
DesignMate
  0
MTEXT
  5
57D
330
D7
100
AcDbEntity
  8
0
 62
7
100
AcDbMText
 10
93.0
 20
-1194.5
 30
0.0
 40
4.0
 41
68.0
 71
4
  1
消防软管卷盘 — 自救卷盘
  7
DesignMate
  0
SOLID
  5
57E
330
D7
100
AcDbEntity
  8
0
 62
71
100
AcDbTrace
 10
163.0
 20
-1191.0
 30
0.0
 11
173.0
 21
-1191.0
 31
0.0
 12
163.0
 22
-1198.0
 32
0.0
 13
173.0
 23
-1198.0
 33
0.0
  0
MTEXT
  5
57F
330
D7
100
AcDbEntity
  8
0
 62
7
100
AcDbMText
 10
177.0
 20
-1194.5
 30
0.0
 40
4.0
 71
4
  1
71
  7
DesignMate
  0
MTEXT
  5
580
330
D7
100
AcDbEntity
  8
0
 62
7
100
AcDbMText
 10
190.0
 20
-1194.5
 30
0.0
 40
4.0
 71
4
  1
淡黄绿
  7
DesignMate
  0
MTEXT
  5
581
330
D7
100
AcDbEntity
  8
0
 62
7
100
AcDbMText
 10
218.0
 20
-1194.5
 30
0.0
 40
4.0
 71
4
  1
0.15
  7
DesignMate
  0
MTEXT
  5
582
330
D7
100
AcDbEntity
  8
0
 62
7
100
AcDbMText
 10
230.0
 20
-1194.5
 30
0.0
 40
4.0
 71
4
  1
实线
  7
DesignMate
  0
LWPOLYLINE
  5
583
330
D7
100
AcDbEntity
  8
D_100_F-HYDR-HOSE
  6
Continuous
 62
71
100
AcDbPolyline
 90
2
 70
0
 43
0.15
 10
253.0
 20
-1194.5
 10
289.0
 20
-1194.5
  0
LWPOLYLINE
  5
584
330
D7
100
AcDbEntity
  8
0
 62
250
100
AcDbPolyline
 90
2
 70
0
 10
0.0
 20
-1200.0
 10
291.0
 20
-1200.0
  0
MTEXT
  5
585
330
D7
100
AcDbEntity
  8
0
 62
7
100
AcDbMText
 10
4.0
 20
-1205.5
 30
0.0
 40
4.0
 71
5
  1
101
  7
DesignMate
  0
MTEXT
  5
586
330
D7
100
AcDbEntity
  8
0
 62
7
100
AcDbMText
 10
14.0
 20
-1205.5
 30
0.0
 40
4.0
 71
5
  1
F
  7
DesignMate
  0
MTEXT
  5
587
330
D7
100
AcDbEntity
  8
0
 62
7
100
AcDbMText
 10
21.0
 20
-1205.5
 30
0.0
 40
4.0
 41
70.0
 71
4
  1
D_101_F-EXTING
  7
DesignMate
  0
MTEXT
  5
588
330
D7
100
AcDbEntity
  8
0
 62
7
100
AcDbMText
 10
93.0
 20
-1205.5
 30
0.0
 40
4.0
 41
68.0
 71
4
  1
灭火器 — 手提/推车式
  7
DesignMate
  0
SOLID
  5
589
330
D7
100
AcDbEntity
  8
0
 62
82
100
AcDbTrace
 10
163.0
 20
-1202.0
 30
0.0
 11
173.0
 21
-1202.0
 31
0.0
 12
163.0
 22
-1209.0
 32
0.0
 13
173.0
 23
-1209.0
 33
0.0
  0
MTEXT
  5
58A
330
D7
100
AcDbEntity
  8
0
 62
7
100
AcDbMText
 10
177.0
 20
-1205.5
 30
0.0
 40
4.0
 71
4
  1
82
  7
DesignMate
  0
MTEXT
  5
58B
330
D7
100
AcDbEntity
  8
0
 62
7
100
AcDbMText
 10
190.0
 20
-1205.5
 30
0.0
 40
4.0
 71
4
  1
黄绿
  7
DesignMate
  0
MTEXT
  5
58C
330
D7
100
AcDbEntity
  8
0
 62
7
100
AcDbMText
 10
218.0
 20
-1205.5
 30
0.0
 40
4.0
 71
4
  1
0.15
  7
DesignMate
  0
MTEXT
  5
58D
330
D7
100
AcDbEntity
  8
0
 62
7
100
AcDbMText
 10
230.0
 20
-1205.5
 30
0.0
 40
4.0
 71
4
  1
实线
  7
DesignMate
  0
LWPOLYLINE
  5
58E
330
D7
100
AcDbEntity
  8
D_101_F-EXTING
  6
Continuous
 62
82
100
AcDbPolyline
 90
2
 70
0
 43
0.15
 10
253.0
 20
-1205.5
 10
289.0
 20
-1205.5
  0
LWPOLYLINE
  5
58F
330
D7
100
AcDbEntity
  8
0
 62
250
100
AcDbPolyline
 90
2
 70
0
 10
0.0
 20
-1211.0
 10
291.0
 20
-1211.0
  0
LWPOLYLINE
  5
590
330
D7
100
AcDbEntity
  8
0
 62
9
100
AcDbPolyline
 90
4
 70
1
 10
0.0
 20
-1211.0
 10
291.0
 20
-1211.0
 10
291.0
 20
-1222.0
 10
0.0
 20
-1222.0
  0
MTEXT
  5
591
330
D7
100
AcDbEntity
  8
0
 62
7
100
AcDbMText
 10
4.0
 20
-1216.5
 30
0.0
 40
4.0
 71
5
  1
102
  7
DesignMate
  0
MTEXT
  5
592
330
D7
100
AcDbEntity
  8
0
 62
7
100
AcDbMText
 10
14.0
 20
-1216.5
 30
0.0
 40
4.0
 71
5
  1
F
  7
DesignMate
  0
MTEXT
  5
593
330
D7
100
AcDbEntity
  8
0
 62
7
100
AcDbMText
 10
21.0
 20
-1216.5
 30
0.0
 40
4.0
 41
70.0
 71
4
  1
D_102_F-SMOKE
  7
DesignMate
  0
MTEXT
  5
594
330
D7
100
AcDbEntity
  8
0
 62
7
100
AcDbMText
 10
93.0
 20
-1216.5
 30
0.0
 40
4.0
 41
68.0
 71
4
  1
防排烟 — 排烟口/排烟阀（排烟虚线）
  7
DesignMate
  0
SOLID
  5
595
330
D7
100
AcDbEntity
  8
0
 62
93
100
AcDbTrace
 10
163.0
 20
-1213.0
 30
0.0
 11
173.0
 21
-1213.0
 31
0.0
 12
163.0
 22
-1220.0
 32
0.0
 13
173.0
 23
-1220.0
 33
0.0
  0
MTEXT
  5
596
330
D7
100
AcDbEntity
  8
0
 62
7
100
AcDbMText
 10
177.0
 20
-1216.5
 30
0.0
 40
4.0
 71
4
  1
93
  7
DesignMate
  0
MTEXT
  5
597
330
D7
100
AcDbEntity
  8
0
 62
7
100
AcDbMText
 10
190.0
 20
-1216.5
 30
0.0
 40
4.0
 71
4
  1
绿
  7
DesignMate
  0
MTEXT
  5
598
330
D7
100
AcDbEntity
  8
0
 62
7
100
AcDbMText
 10
218.0
 20
-1216.5
 30
0.0
 40
4.0
 71
4
  1
0.15
  7
DesignMate
  0
MTEXT
  5
599
330
D7
100
AcDbEntity
  8
0
 62
7
100
AcDbMText
 10
230.0
 20
-1216.5
 30
0.0
 40
4.0
 71
4
  1
虚线
  7
DesignMate
  0
LWPOLYLINE
  5
59A
330
D7
100
AcDbEntity
  8
D_102_F-SMOKE
  6
Dashed
 62
93
100
AcDbPolyline
 90
2
 70
0
 43
0.15
 10
253.0
 20
-1216.5
 10
289.0
 20
-1216.5
  0
LWPOLYLINE
  5
59B
330
D7
100
AcDbEntity
  8
0
 62
250
100
AcDbPolyline
 90
2
 70
0
 10
0.0
 20
-1222.0
 10
291.0
 20
-1222.0
  0
MTEXT
  5
59C
330
D7
100
AcDbEntity
  8
0
 62
7
100
AcDbMText
 10
4.0
 20
-1227.5
 30
0.0
 40
4.0
 71
5
  1
103
  7
DesignMate
  0
MTEXT
  5
59D
330
D7
100
AcDbEntity
  8
0
 62
7
100
AcDbMText
 10
14.0
 20
-1227.5
 30
0.0
 40
4.0
 71
5
  1
F
  7
DesignMate
  0
MTEXT
  5
59E
330
D7
100
AcDbEntity
  8
0
 62
7
100
AcDbMText
 10
21.0
 20
-1227.5
 30
0.0
 40
4.0
 41
70.0
 71
4
  1
D_103_F-SMOKE-DAMP
  7
DesignMate
  0
MTEXT
  5
59F
330
D7
100
AcDbEntity
  8
0
 62
7
100
AcDbMText
 10
93.0
 20
-1227.5
 30
0.0
 40
4.0
 41
68.0
 71
4
  1
防火阀 — 防火/排烟防火阀（阀门虚线）
  7
DesignMate
  0
SOLID
  5
5A0
330
D7
100
AcDbEntity
  8
0
 62
104
100
AcDbTrace
 10
163.0
 20
-1224.0
 30
0.0
 11
173.0
 21
-1224.0
 31
0.0
 12
163.0
 22
-1231.0
 32
0.0
 13
173.0
 23
-1231.0
 33
0.0
  0
MTEXT
  5
5A1
330
D7
100
AcDbEntity
  8
0
 62
7
100
AcDbMText
 10
177.0
 20
-1227.5
 30
0.0
 40
4.0
 71
4
  1
104
  7
DesignMate
  0
MTEXT
  5
5A2
330
D7
100
AcDbEntity
  8
0
 62
7
100
AcDbMText
 10
190.0
 20
-1227.5
 30
0.0
 40
4.0
 71
4
  1
绿
  7
DesignMate
  0
MTEXT
  5
5A3
330
D7
100
AcDbEntity
  8
0
 62
7
100
AcDbMText
 10
218.0
 20
-1227.5
 30
0.0
 40
4.0
 71
4
  1
0.15
  7
DesignMate
  0
MTEXT
  5
5A4
330
D7
100
AcDbEntity
  8
0
 62
7
100
AcDbMText
 10
230.0
 20
-1227.5
 30
0.0
 40
4.0
 71
4
  1
虚线
  7
DesignMate
  0
LWPOLYLINE
  5
5A5
330
D7
100
AcDbEntity
  8
D_103_F-SMOKE-DAMP
  6
Dashed
 62
104
100
AcDbPolyline
 90
2
 70
0
 43
0.15
 10
253.0
 20
-1227.5
 10
289.0
 20
-1227.5
  0
LWPOLYLINE
  5
5A6
330
D7
100
AcDbEntity
  8
0
 62
250
100
AcDbPolyline
 90
2
 70
0
 10
0.0
 20
-1233.0
 10
291.0
 20
-1233.0
  0
LWPOLYLINE
  5
5A7
330
D7
100
AcDbEntity
  8
0
 62
9
100
AcDbPolyline
 90
4
 70
1
 10
0.0
 20
-1233.0
 10
291.0
 20
-1233.0
 10
291.0
 20
-1244.0
 10
0.0
 20
-1244.0
  0
MTEXT
  5
5A8
330
D7
100
AcDbEntity
  8
0
 62
7
100
AcDbMText
 10
4.0
 20
-1238.5
 30
0.0
 40
4.0
 71
5
  1
104
  7
DesignMate
  0
MTEXT
  5
5A9
330
D7
100
AcDbEntity
  8
0
 62
7
100
AcDbMText
 10
14.0
 20
-1238.5
 30
0.0
 40
4.0
 71
5
  1
F
  7
DesignMate
  0
MTEXT
  5
5AA
330
D7
100
AcDbEntity
  8
0
 62
7
100
AcDbMText
 10
21.0
 20
-1238.5
 30
0.0
 40
4.0
 41
70.0
 71
4
  1
D_104_F-PUMP
  7
DesignMate
  0
MTEXT
  5
5AB
330
D7
100
AcDbEntity
  8
0
 62
7
100
AcDbMText
 10
93.0
 20
-1238.5
 30
0.0
 40
4.0
 41
68.0
 71
4
  1
消防泵 — 喷淋泵/消火栓泵
  7
DesignMate
  0
SOLID
  5
5AC
330
D7
100
AcDbEntity
  8
0
 62
115
100
AcDbTrace
 10
163.0
 20
-1235.0
 30
0.0
 11
173.0
 21
-1235.0
 31
0.0
 12
163.0
 22
-1242.0
 32
0.0
 13
173.0
 23
-1242.0
 33
0.0
  0
MTEXT
  5
5AD
330
D7
100
AcDbEntity
  8
0
 62
7
100
AcDbMText
 10
177.0
 20
-1238.5
 30
0.0
 40
4.0
 71
4
  1
115
  7
DesignMate
  0
MTEXT
  5
5AE
330
D7
100
AcDbEntity
  8
0
 62
7
100
AcDbMText
 10
190.0
 20
-1238.5
 30
0.0
 40
4.0
 71
4
  1
青
  7
DesignMate
  0
MTEXT
  5
5AF
330
D7
100
AcDbEntity
  8
0
 62
7
100
AcDbMText
 10
218.0
 20
-1238.5
 30
0.0
 40
4.0
 71
4
  1
0.25
  7
DesignMate
  0
MTEXT
  5
5B0
330
D7
100
AcDbEntity
  8
0
 62
7
100
AcDbMText
 10
230.0
 20
-1238.5
 30
0.0
 40
4.0
 71
4
  1
实线
  7
DesignMate
  0
LWPOLYLINE
  5
5B1
330
D7
100
AcDbEntity
  8
D_104_F-PUMP
  6
Continuous
 62
115
100
AcDbPolyline
 90
2
 70
0
 43
0.25
 10
253.0
 20
-1238.5
 10
289.0
 20
-1238.5
  0
LWPOLYLINE
  5
5B2
330
D7
100
AcDbEntity
  8
0
 62
250
100
AcDbPolyline
 90
2
 70
0
 10
0.0
 20
-1244.0
 10
291.0
 20
-1244.0
  0
MTEXT
  5
5B3
330
D7
100
AcDbEntity
  8
0
 62
7
100
AcDbMText
 10
4.0
 20
-1249.5
 30
0.0
 40
4.0
 71
5
  1
105
  7
DesignMate
  0
MTEXT
  5
5B4
330
D7
100
AcDbEntity
  8
0
 62
7
100
AcDbMText
 10
14.0
 20
-1249.5
 30
0.0
 40
4.0
 71
5
  1
F
  7
DesignMate
  0
MTEXT
  5
5B5
330
D7
100
AcDbEntity
  8
0
 62
7
100
AcDbMText
 10
21.0
 20
-1249.5
 30
0.0
 40
4.0
 41
70.0
 71
4
  1
D_105_F-CONTROL
  7
DesignMate
  0
MTEXT
  5
5B6
330
D7
100
AcDbEntity
  8
0
 62
7
100
AcDbMText
 10
93.0
 20
-1249.5
 30
0.0
 40
4.0
 41
68.0
 71
4
  1
消防控制 — 联动控制模块
  7
DesignMate
  0
SOLID
  5
5B7
330
D7
100
AcDbEntity
  8
0
 62
126
100
AcDbTrace
 10
163.0
 20
-1246.0
 30
0.0
 11
173.0
 21
-1246.0
 31
0.0
 12
163.0
 22
-1253.0
 32
0.0
 13
173.0
 23
-1253.0
 33
0.0
  0
MTEXT
  5
5B8
330
D7
100
AcDbEntity
  8
0
 62
7
100
AcDbMText
 10
177.0
 20
-1249.5
 30
0.0
 40
4.0
 71
4
  1
126
  7
DesignMate
  0
MTEXT
  5
5B9
330
D7
100
AcDbEntity
  8
0
 62
7
100
AcDbMText
 10
190.0
 20
-1249.5
 30
0.0
 40
4.0
 71
4
  1
深青
  7
DesignMate
  0
MTEXT
  5
5BA
330
D7
100
AcDbEntity
  8
0
 62
7
100
AcDbMText
 10
218.0
 20
-1249.5
 30
0.0
 40
4.0
 71
4
  1
0.15
  7
DesignMate
  0
MTEXT
  5
5BB
330
D7
100
AcDbEntity
  8
0
 62
7
100
AcDbMText
 10
230.0
 20
-1249.5
 30
0.0
 40
4.0
 71
4
  1
实线
  7
DesignMate
  0
LWPOLYLINE
  5
5BC
330
D7
100
AcDbEntity
  8
D_105_F-CONTROL
  6
Continuous
 62
126
100
AcDbPolyline
 90
2
 70
0
 43
0.15
 10
253.0
 20
-1249.5
 10
289.0
 20
-1249.5
  0
LWPOLYLINE
  5
5BD
330
D7
100
AcDbEntity
  8
0
 62
250
100
AcDbPolyline
 90
2
 70
0
 10
0.0
 20
-1255.0
 10
291.0
 20
-1255.0
  0
LWPOLYLINE
  5
5BE
330
D7
100
AcDbEntity
  8
0
 62
9
100
AcDbPolyline
 90
4
 70
1
 10
0.0
 20
-1255.0
 10
291.0
 20
-1255.0
 10
291.0
 20
-1266.0
 10
0.0
 20
-1266.0
  0
MTEXT
  5
5BF
330
D7
100
AcDbEntity
  8
0
 62
7
100
AcDbMText
 10
4.0
 20
-1260.5
 30
0.0
 40
4.0
 71
5
  1
106
  7
DesignMate
  0
MTEXT
  5
5C0
330
D7
100
AcDbEntity
  8
0
 62
7
100
AcDbMText
 10
14.0
 20
-1260.5
 30
0.0
 40
4.0
 71
5
  1
F
  7
DesignMate
  0
MTEXT
  5
5C1
330
D7
100
AcDbEntity
  8
0
 62
7
100
AcDbMText
 10
21.0
 20
-1260.5
 30
0.0
 40
4.0
 41
70.0
 71
4
  1
D_106_F-ANNO-TEXT
  7
DesignMate
  0
MTEXT
  5
5C2
330
D7
100
AcDbEntity
  8
0
 62
7
100
AcDbMText
 10
93.0
 20
-1260.5
 30
0.0
 40
4.0
 41
68.0
 71
4
  1
消防文字标注 — 系统编号/参数
  7
DesignMate
  0
SOLID
  5
5C3
330
D7
100
AcDbEntity
  8
0
 62
137
100
AcDbTrace
 10
163.0
 20
-1257.0
 30
0.0
 11
173.0
 21
-1257.0
 31
0.0
 12
163.0
 22
-1264.0
 32
0.0
 13
173.0
 23
-1264.0
 33
0.0
  0
MTEXT
  5
5C4
330
D7
100
AcDbEntity
  8
0
 62
7
100
AcDbMText
 10
177.0
 20
-1260.5
 30
0.0
 40
4.0
 71
4
  1
137
  7
DesignMate
  0
MTEXT
  5
5C5
330
D7
100
AcDbEntity
  8
0
 62
7
100
AcDbMText
 10
190.0
 20
-1260.5
 30
0.0
 40
4.0
 71
4
  1
深青
  7
DesignMate
  0
MTEXT
  5
5C6
330
D7
100
AcDbEntity
  8
0
 62
7
100
AcDbMText
 10
218.0
 20
-1260.5
 30
0.0
 40
4.0
 71
4
  1
0.15
  7
DesignMate
  0
MTEXT
  5
5C7
330
D7
100
AcDbEntity
  8
0
 62
7
100
AcDbMText
 10
230.0
 20
-1260.5
 30
0.0
 40
4.0
 71
4
  1
实线
  7
DesignMate
  0
LWPOLYLINE
  5
5C8
330
D7
100
AcDbEntity
  8
D_106_F-ANNO-TEXT
  6
Continuous
 62
137
100
AcDbPolyline
 90
2
 70
0
 43
0.15
 10
253.0
 20
-1260.5
 10
289.0
 20
-1260.5
  0
LWPOLYLINE
  5
5C9
330
D7
100
AcDbEntity
  8
0
 62
250
100
AcDbPolyline
 90
2
 70
0
 10
0.0
 20
-1266.0
 10
291.0
 20
-1266.0
  0
SOLID
  5
5CA
330
D7
100
AcDbEntity
  8
0
 62
206
100
AcDbTrace
 10
0.0
 20
-1266.0
 30
0.0
 11
291.0
 21
-1266.0
 31
0.0
 12
0.0
 22
-1278.0
 32
0.0
 13
291.0
 23
-1278.0
 33
0.0
  0
LWPOLYLINE
  5
5CB
330
D7
100
AcDbEntity
  8
0
 62
250
100
AcDbPolyline
 90
2
 70
0
 43
0.25
 10
0.0
 20
-1278.0
 10
291.0
 20
-1278.0
  0
MTEXT
  5
5CC
330
D7
100
AcDbEntity
  8
0
 62
7
100
AcDbMText
 10
12.0
 20
-1272.0
 30
0.0
 40
5.6
 71
4
  1
L / 景观 Landscape / 23 图层
  7
DM_GroupTitle
  0
MTEXT
  5
5CD
330
D7
100
AcDbEntity
  8
0
 62
7
100
AcDbMText
 10
4.0
 20
-1283.5
 30
0.0
 40
4.0
 71
5
  1
107
  7
DesignMate
  0
MTEXT
  5
5CE
330
D7
100
AcDbEntity
  8
0
 62
7
100
AcDbMText
 10
14.0
 20
-1283.5
 30
0.0
 40
4.0
 71
5
  1
L
  7
DesignMate
  0
MTEXT
  5
5CF
330
D7
100
AcDbEntity
  8
0
 62
7
100
AcDbMText
 10
21.0
 20
-1283.5
 30
0.0
 40
4.0
 41
70.0
 71
4
  1
D_107_L-SITE-BNDRY
  7
DesignMate
  0
MTEXT
  5
5D0
330
D7
100
AcDbEntity
  8
0
 62
7
100
AcDbMText
 10
93.0
 20
-1283.5
 30
0.0
 40
4.0
 41
68.0
 71
4
  1
用地红线 — 项目用地边界
  7
DesignMate
  0
SOLID
  5
5D1
330
D7
100
AcDbEntity
  8
0
 62
148
100
AcDbTrace
 10
163.0
 20
-1280.0
 30
0.0
 11
173.0
 21
-1280.0
 31
0.0
 12
163.0
 22
-1287.0
 32
0.0
 13
173.0
 23
-1287.0
 33
0.0
  0
MTEXT
  5
5D2
330
D7
100
AcDbEntity
  8
0
 62
7
100
AcDbMText
 10
177.0
 20
-1283.5
 30
0.0
 40
4.0
 71
4
  1
148
  7
DesignMate
  0
MTEXT
  5
5D3
330
D7
100
AcDbEntity
  8
0
 62
7
100
AcDbMText
 10
190.0
 20
-1283.5
 30
0.0
 40
4.0
 71
4
  1
暗蓝
  7
DesignMate
  0
MTEXT
  5
5D4
330
D7
100
AcDbEntity
  8
0
 62
7
100
AcDbMText
 10
218.0
 20
-1283.5
 30
0.0
 40
4.0
 71
4
  1
0.50
  7
DesignMate
  0
MTEXT
  5
5D5
330
D7
100
AcDbEntity
  8
0
 62
7
100
AcDbMText
 10
230.0
 20
-1283.5
 30
0.0
 40
4.0
 71
4
  1
实线
  7
DesignMate
  0
LWPOLYLINE
  5
5D6
330
D7
100
AcDbEntity
  8
D_107_L-SITE-BNDRY
  6
Continuous
 62
148
100
AcDbPolyline
 90
2
 70
0
 43
0.5
 10
253.0
 20
-1283.5
 10
289.0
 20
-1283.5
  0
LWPOLYLINE
  5
5D7
330
D7
100
AcDbEntity
  8
0
 62
250
100
AcDbPolyline
 90
2
 70
0
 10
0.0
 20
-1289.0
 10
291.0
 20
-1289.0
  0
LWPOLYLINE
  5
5D8
330
D7
100
AcDbEntity
  8
0
 62
9
100
AcDbPolyline
 90
4
 70
1
 10
0.0
 20
-1289.0
 10
291.0
 20
-1289.0
 10
291.0
 20
-1300.0
 10
0.0
 20
-1300.0
  0
MTEXT
  5
5D9
330
D7
100
AcDbEntity
  8
0
 62
7
100
AcDbMText
 10
4.0
 20
-1294.5
 30
0.0
 40
4.0
 71
5
  1
108
  7
DesignMate
  0
MTEXT
  5
5DA
330
D7
100
AcDbEntity
  8
0
 62
7
100
AcDbMText
 10
14.0
 20
-1294.5
 30
0.0
 40
4.0
 71
5
  1
L
  7
DesignMate
  0
MTEXT
  5
5DB
330
D7
100
AcDbEntity
  8
0
 62
7
100
AcDbMText
 10
21.0
 20
-1294.5
 30
0.0
 40
4.0
 41
70.0
 71
4
  1
D_108_L-SITE-GRAD
  7
DesignMate
  0
MTEXT
  5
5DC
330
D7
100
AcDbEntity
  8
0
 62
7
100
AcDbMText
 10
93.0
 20
-1294.5
 30
0.0
 40
4.0
 41
68.0
 71
4
  1
地形 — 等高线/高程点
  7
DesignMate
  0
SOLID
  5
5DD
330
D7
100
AcDbEntity
  8
0
 62
159
100
AcDbTrace
 10
163.0
 20
-1291.0
 30
0.0
 11
173.0
 21
-1291.0
 31
0.0
 12
163.0
 22
-1298.0
 32
0.0
 13
173.0
 23
-1298.0
 33
0.0
  0
MTEXT
  5
5DE
330
D7
100
AcDbEntity
  8
0
 62
7
100
AcDbMText
 10
177.0
 20
-1294.5
 30
0.0
 40
4.0
 71
4
  1
159
  7
DesignMate
  0
MTEXT
  5
5DF
330
D7
100
AcDbEntity
  8
0
 62
7
100
AcDbMText
 10
190.0
 20
-1294.5
 30
0.0
 40
4.0
 71
4
  1
深蓝紫
  7
DesignMate
  0
MTEXT
  5
5E0
330
D7
100
AcDbEntity
  8
0
 62
7
100
AcDbMText
 10
218.0
 20
-1294.5
 30
0.0
 40
4.0
 71
4
  1
0.25
  7
DesignMate
  0
MTEXT
  5
5E1
330
D7
100
AcDbEntity
  8
0
 62
7
100
AcDbMText
 10
230.0
 20
-1294.5
 30
0.0
 40
4.0
 71
4
  1
实线
  7
DesignMate
  0
LWPOLYLINE
  5
5E2
330
D7
100
AcDbEntity
  8
D_108_L-SITE-GRAD
  6
Continuous
 62
159
100
AcDbPolyline
 90
2
 70
0
 43
0.25
 10
253.0
 20
-1294.5
 10
289.0
 20
-1294.5
  0
LWPOLYLINE
  5
5E3
330
D7
100
AcDbEntity
  8
0
 62
250
100
AcDbPolyline
 90
2
 70
0
 10
0.0
 20
-1300.0
 10
291.0
 20
-1300.0
  0
MTEXT
  5
5E4
330
D7
100
AcDbEntity
  8
0
 62
7
100
AcDbMText
 10
4.0
 20
-1305.5
 30
0.0
 40
4.0
 71
5
  1
109
  7
DesignMate
  0
MTEXT
  5
5E5
330
D7
100
AcDbEntity
  8
0
 62
7
100
AcDbMText
 10
14.0
 20
-1305.5
 30
0.0
 40
4.0
 71
5
  1
L
  7
DesignMate
  0
MTEXT
  5
5E6
330
D7
100
AcDbEntity
  8
0
 62
7
100
AcDbMText
 10
21.0
 20
-1305.5
 30
0.0
 40
4.0
 41
70.0
 71
4
  1
D_109_L-SITE-EXST
  7
DesignMate
  0
MTEXT
  5
5E7
330
D7
100
AcDbEntity
  8
0
 62
7
100
AcDbMText
 10
93.0
 20
-1305.5
 30
0.0
 40
4.0
 41
68.0
 71
4
  1
现状 — 保留地形/植被/构筑物（区分新建）
  7
DesignMate
  0
SOLID
  5
5E8
330
D7
100
AcDbEntity
  8
0
 62
170
100
AcDbTrace
 10
163.0
 20
-1302.0
 30
0.0
 11
173.0
 21
-1302.0
 31
0.0
 12
163.0
 22
-1309.0
 32
0.0
 13
173.0
 23
-1309.0
 33
0.0
  0
MTEXT
  5
5E9
330
D7
100
AcDbEntity
  8
0
 62
7
100
AcDbMText
 10
177.0
 20
-1305.5
 30
0.0
 40
4.0
 71
4
  1
170
  7
DesignMate
  0
MTEXT
  5
5EA
330
D7
100
AcDbEntity
  8
0
 62
7
100
AcDbMText
 10
190.0
 20
-1305.5
 30
0.0
 40
4.0
 71
4
  1
淡蓝紫
  7
DesignMate
  0
MTEXT
  5
5EB
330
D7
100
AcDbEntity
  8
0
 62
7
100
AcDbMText
 10
218.0
 20
-1305.5
 30
0.0
 40
4.0
 71
4
  1
0.25
  7
DesignMate
  0
MTEXT
  5
5EC
330
D7
100
AcDbEntity
  8
0
 62
7
100
AcDbMText
 10
230.0
 20
-1305.5
 30
0.0
 40
4.0
 71
4
  1
虚线
  7
DesignMate
  0
LWPOLYLINE
  5
5ED
330
D7
100
AcDbEntity
  8
D_109_L-SITE-EXST
  6
Dashed
 62
170
100
AcDbPolyline
 90
2
 70
0
 43
0.25
 10
253.0
 20
-1305.5
 10
289.0
 20
-1305.5
  0
LWPOLYLINE
  5
5EE
330
D7
100
AcDbEntity
  8
0
 62
250
100
AcDbPolyline
 90
2
 70
0
 10
0.0
 20
-1311.0
 10
291.0
 20
-1311.0
  0
LWPOLYLINE
  5
5EF
330
D7
100
AcDbEntity
  8
0
 62
9
100
AcDbPolyline
 90
4
 70
1
 10
0.0
 20
-1311.0
 10
291.0
 20
-1311.0
 10
291.0
 20
-1322.0
 10
0.0
 20
-1322.0
  0
MTEXT
  5
5F0
330
D7
100
AcDbEntity
  8
0
 62
7
100
AcDbMText
 10
4.0
 20
-1316.5
 30
0.0
 40
4.0
 71
5
  1
110
  7
DesignMate
  0
MTEXT
  5
5F1
330
D7
100
AcDbEntity
  8
0
 62
7
100
AcDbMText
 10
14.0
 20
-1316.5
 30
0.0
 40
4.0
 71
5
  1
L
  7
DesignMate
  0
MTEXT
  5
5F2
330
D7
100
AcDbEntity
  8
0
 62
7
100
AcDbMText
 10
21.0
 20
-1316.5
 30
0.0
 40
4.0
 41
70.0
 71
4
  1
D_110_L-PATH-HARD
  7
DesignMate
  0
MTEXT
  5
5F3
330
D7
100
AcDbEntity
  8
0
 62
7
100
AcDbMText
 10
93.0
 20
-1316.5
 30
0.0
 40
4.0
 41
68.0
 71
4
  1
硬质铺装 — 广场/道路/平台
  7
DesignMate
  0
SOLID
  5
5F4
330
D7
100
AcDbEntity
  8
0
 62
181
100
AcDbTrace
 10
163.0
 20
-1313.0
 30
0.0
 11
173.0
 21
-1313.0
 31
0.0
 12
163.0
 22
-1320.0
 32
0.0
 13
173.0
 23
-1320.0
 33
0.0
  0
MTEXT
  5
5F5
330
D7
100
AcDbEntity
  8
0
 62
7
100
AcDbMText
 10
177.0
 20
-1316.5
 30
0.0
 40
4.0
 71
4
  1
181
  7
DesignMate
  0
MTEXT
  5
5F6
330
D7
100
AcDbEntity
  8
0
 62
7
100
AcDbMText
 10
190.0
 20
-1316.5
 30
0.0
 40
4.0
 71
4
  1
淡紫
  7
DesignMate
  0
MTEXT
  5
5F7
330
D7
100
AcDbEntity
  8
0
 62
7
100
AcDbMText
 10
218.0
 20
-1316.5
 30
0.0
 40
4.0
 71
4
  1
0.35
  7
DesignMate
  0
MTEXT
  5
5F8
330
D7
100
AcDbEntity
  8
0
 62
7
100
AcDbMText
 10
230.0
 20
-1316.5
 30
0.0
 40
4.0
 71
4
  1
实线
  7
DesignMate
  0
LWPOLYLINE
  5
5F9
330
D7
100
AcDbEntity
  8
D_110_L-PATH-HARD
  6
Continuous
 62
181
100
AcDbPolyline
 90
2
 70
0
 43
0.35
 10
253.0
 20
-1316.5
 10
289.0
 20
-1316.5
  0
LWPOLYLINE
  5
5FA
330
D7
100
AcDbEntity
  8
0
 62
250
100
AcDbPolyline
 90
2
 70
0
 10
0.0
 20
-1322.0
 10
291.0
 20
-1322.0
  0
MTEXT
  5
5FB
330
D7
100
AcDbEntity
  8
0
 62
7
100
AcDbMText
 10
4.0
 20
-1327.5
 30
0.0
 40
4.0
 71
5
  1
111
  7
DesignMate
  0
MTEXT
  5
5FC
330
D7
100
AcDbEntity
  8
0
 62
7
100
AcDbMText
 10
14.0
 20
-1327.5
 30
0.0
 40
4.0
 71
5
  1
L
  7
DesignMate
  0
MTEXT
  5
5FD
330
D7
100
AcDbEntity
  8
0
 62
7
100
AcDbMText
 10
21.0
 20
-1327.5
 30
0.0
 40
4.0
 41
70.0
 71
4
  1
D_111_L-PATH-SOFT
  7
DesignMate
  0
MTEXT
  5
5FE
330
D7
100
AcDbEntity
  8
0
 62
7
100
AcDbMText
 10
93.0
 20
-1327.5
 30
0.0
 40
4.0
 41
68.0
 71
4
  1
软质铺装 — 碎石/草坪步道
  7
DesignMate
  0
SOLID
  5
5FF
330
D7
100
AcDbEntity
  8
0
 62
192
100
AcDbTrace
 10
163.0
 20
-1324.0
 30
0.0
 11
173.0
 21
-1324.0
 31
0.0
 12
163.0
 22
-1331.0
 32
0.0
 13
173.0
 23
-1331.0
 33
0.0
  0
MTEXT
  5
600
330
D7
100
AcDbEntity
  8
0
 62
7
100
AcDbMText
 10
177.0
 20
-1327.5
 30
0.0
 40
4.0
 71
4
  1
192
  7
DesignMate
  0
MTEXT
  5
601
330
D7
100
AcDbEntity
  8
0
 62
7
100
AcDbMText
 10
190.0
 20
-1327.5
 30
0.0
 40
4.0
 71
4
  1
紫
  7
DesignMate
  0
MTEXT
  5
602
330
D7
100
AcDbEntity
  8
0
 62
7
100
AcDbMText
 10
218.0
 20
-1327.5
 30
0.0
 40
4.0
 71
4
  1
0.25
  7
DesignMate
  0
MTEXT
  5
603
330
D7
100
AcDbEntity
  8
0
 62
7
100
AcDbMText
 10
230.0
 20
-1327.5
 30
0.0
 40
4.0
 71
4
  1
虚线
  7
DesignMate
  0
LWPOLYLINE
  5
604
330
D7
100
AcDbEntity
  8
D_111_L-PATH-SOFT
  6
Dashed
 62
192
100
AcDbPolyline
 90
2
 70
0
 43
0.25
 10
253.0
 20
-1327.5
 10
289.0
 20
-1327.5
  0
LWPOLYLINE
  5
605
330
D7
100
AcDbEntity
  8
0
 62
250
100
AcDbPolyline
 90
2
 70
0
 10
0.0
 20
-1333.0
 10
291.0
 20
-1333.0
  0
LWPOLYLINE
  5
606
330
D7
100
AcDbEntity
  8
0
 62
9
100
AcDbPolyline
 90
4
 70
1
 10
0.0
 20
-1333.0
 10
291.0
 20
-1333.0
 10
291.0
 20
-1344.0
 10
0.0
 20
-1344.0
  0
MTEXT
  5
607
330
D7
100
AcDbEntity
  8
0
 62
7
100
AcDbMText
 10
4.0
 20
-1338.5
 30
0.0
 40
4.0
 71
5
  1
112
  7
DesignMate
  0
MTEXT
  5
608
330
D7
100
AcDbEntity
  8
0
 62
7
100
AcDbMText
 10
14.0
 20
-1338.5
 30
0.0
 40
4.0
 71
5
  1
L
  7
DesignMate
  0
MTEXT
  5
609
330
D7
100
AcDbEntity
  8
0
 62
7
100
AcDbMText
 10
21.0
 20
-1338.5
 30
0.0
 40
4.0
 41
70.0
 71
4
  1
D_112_L-HARD-DECK
  7
DesignMate
  0
MTEXT
  5
60A
330
D7
100
AcDbEntity
  8
0
 62
7
100
AcDbMText
 10
93.0
 20
-1338.5
 30
0.0
 40
4.0
 41
68.0
 71
4
  1
木平台 — 木质甲板/栈道
  7
DesignMate
  0
SOLID
  5
60B
330
D7
100
AcDbEntity
  8
0
 62
203
100
AcDbTrace
 10
163.0
 20
-1335.0
 30
0.0
 11
173.0
 21
-1335.0
 31
0.0
 12
163.0
 22
-1342.0
 32
0.0
 13
173.0
 23
-1342.0
 33
0.0
  0
MTEXT
  5
60C
330
D7
100
AcDbEntity
  8
0
 62
7
100
AcDbMText
 10
177.0
 20
-1338.5
 30
0.0
 40
4.0
 71
4
  1
203
  7
DesignMate
  0
MTEXT
  5
60D
330
D7
100
AcDbEntity
  8
0
 62
7
100
AcDbMText
 10
190.0
 20
-1338.5
 30
0.0
 40
4.0
 71
4
  1
品红
  7
DesignMate
  0
MTEXT
  5
60E
330
D7
100
AcDbEntity
  8
0
 62
7
100
AcDbMText
 10
218.0
 20
-1338.5
 30
0.0
 40
4.0
 71
4
  1
0.35
  7
DesignMate
  0
MTEXT
  5
60F
330
D7
100
AcDbEntity
  8
0
 62
7
100
AcDbMText
 10
230.0
 20
-1338.5
 30
0.0
 40
4.0
 71
4
  1
实线
  7
DesignMate
  0
LWPOLYLINE
  5
610
330
D7
100
AcDbEntity
  8
D_112_L-HARD-DECK
  6
Continuous
 62
203
100
AcDbPolyline
 90
2
 70
0
 43
0.35
 10
253.0
 20
-1338.5
 10
289.0
 20
-1338.5
  0
LWPOLYLINE
  5
611
330
D7
100
AcDbEntity
  8
0
 62
250
100
AcDbPolyline
 90
2
 70
0
 10
0.0
 20
-1344.0
 10
291.0
 20
-1344.0
  0
MTEXT
  5
612
330
D7
100
AcDbEntity
  8
0
 62
7
100
AcDbMText
 10
4.0
 20
-1349.5
 30
0.0
 40
4.0
 71
5
  1
113
  7
DesignMate
  0
MTEXT
  5
613
330
D7
100
AcDbEntity
  8
0
 62
7
100
AcDbMText
 10
14.0
 20
-1349.5
 30
0.0
 40
4.0
 71
5
  1
L
  7
DesignMate
  0
MTEXT
  5
614
330
D7
100
AcDbEntity
  8
0
 62
7
100
AcDbMText
 10
21.0
 20
-1349.5
 30
0.0
 40
4.0
 41
70.0
 71
4
  1
D_113_L-HARD-RETAIN
  7
DesignMate
  0
MTEXT
  5
615
330
D7
100
AcDbEntity
  8
0
 62
7
100
AcDbMText
 10
93.0
 20
-1349.5
 30
0.0
 40
4.0
 41
68.0
 71
4
  1
挡土墙 — 毛石/混凝土挡墙
  7
DesignMate
  0
SOLID
  5
616
330
D7
100
AcDbEntity
  8
0
 62
214
100
AcDbTrace
 10
163.0
 20
-1346.0
 30
0.0
 11
173.0
 21
-1346.0
 31
0.0
 12
163.0
 22
-1353.0
 32
0.0
 13
173.0
 23
-1353.0
 33
0.0
  0
MTEXT
  5
617
330
D7
100
AcDbEntity
  8
0
 62
7
100
AcDbMText
 10
177.0
 20
-1349.5
 30
0.0
 40
4.0
 71
4
  1
214
  7
DesignMate
  0
MTEXT
  5
618
330
D7
100
AcDbEntity
  8
0
 62
7
100
AcDbMText
 10
190.0
 20
-1349.5
 30
0.0
 40
4.0
 71
4
  1
品红
  7
DesignMate
  0
MTEXT
  5
619
330
D7
100
AcDbEntity
  8
0
 62
7
100
AcDbMText
 10
218.0
 20
-1349.5
 30
0.0
 40
4.0
 71
4
  1
0.35
  7
DesignMate
  0
MTEXT
  5
61A
330
D7
100
AcDbEntity
  8
0
 62
7
100
AcDbMText
 10
230.0
 20
-1349.5
 30
0.0
 40
4.0
 71
4
  1
实线
  7
DesignMate
  0
LWPOLYLINE
  5
61B
330
D7
100
AcDbEntity
  8
D_113_L-HARD-RETAIN
  6
Continuous
 62
214
100
AcDbPolyline
 90
2
 70
0
 43
0.35
 10
253.0
 20
-1349.5
 10
289.0
 20
-1349.5
  0
LWPOLYLINE
  5
61C
330
D7
100
AcDbEntity
  8
0
 62
250
100
AcDbPolyline
 90
2
 70
0
 10
0.0
 20
-1355.0
 10
291.0
 20
-1355.0
  0
LWPOLYLINE
  5
61D
330
D7
100
AcDbEntity
  8
0
 62
9
100
AcDbPolyline
 90
4
 70
1
 10
0.0
 20
-1355.0
 10
291.0
 20
-1355.0
 10
291.0
 20
-1366.0
 10
0.0
 20
-1366.0
  0
MTEXT
  5
61E
330
D7
100
AcDbEntity
  8
0
 62
7
100
AcDbMText
 10
4.0
 20
-1360.5
 30
0.0
 40
4.0
 71
5
  1
114
  7
DesignMate
  0
MTEXT
  5
61F
330
D7
100
AcDbEntity
  8
0
 62
7
100
AcDbMText
 10
14.0
 20
-1360.5
 30
0.0
 40
4.0
 71
5
  1
L
  7
DesignMate
  0
MTEXT
  5
620
330
D7
100
AcDbEntity
  8
0
 62
7
100
AcDbMText
 10
21.0
 20
-1360.5
 30
0.0
 40
4.0
 41
70.0
 71
4
  1
D_114_L-PLNT-TREE
  7
DesignMate
  0
MTEXT
  5
621
330
D7
100
AcDbEntity
  8
0
 62
7
100
AcDbMText
 10
93.0
 20
-1360.5
 30
0.0
 40
4.0
 41
68.0
 71
4
  1
乔木 — 大树/行道树
  7
DesignMate
  0
SOLID
  5
622
330
D7
100
AcDbEntity
  8
0
 62
225
100
AcDbTrace
 10
163.0
 20
-1357.0
 30
0.0
 11
173.0
 21
-1357.0
 31
0.0
 12
163.0
 22
-1364.0
 32
0.0
 13
173.0
 23
-1364.0
 33
0.0
  0
MTEXT
  5
623
330
D7
100
AcDbEntity
  8
0
 62
7
100
AcDbMText
 10
177.0
 20
-1360.5
 30
0.0
 40
4.0
 71
4
  1
225
  7
DesignMate
  0
MTEXT
  5
624
330
D7
100
AcDbEntity
  8
0
 62
7
100
AcDbMText
 10
190.0
 20
-1360.5
 30
0.0
 40
4.0
 71
4
  1
粉红
  7
DesignMate
  0
MTEXT
  5
625
330
D7
100
AcDbEntity
  8
0
 62
7
100
AcDbMText
 10
218.0
 20
-1360.5
 30
0.0
 40
4.0
 71
4
  1
0.25
  7
DesignMate
  0
MTEXT
  5
626
330
D7
100
AcDbEntity
  8
0
 62
7
100
AcDbMText
 10
230.0
 20
-1360.5
 30
0.0
 40
4.0
 71
4
  1
实线
  7
DesignMate
  0
LWPOLYLINE
  5
627
330
D7
100
AcDbEntity
  8
D_114_L-PLNT-TREE
  6
Continuous
 62
225
100
AcDbPolyline
 90
2
 70
0
 43
0.25
 10
253.0
 20
-1360.5
 10
289.0
 20
-1360.5
  0
LWPOLYLINE
  5
628
330
D7
100
AcDbEntity
  8
0
 62
250
100
AcDbPolyline
 90
2
 70
0
 10
0.0
 20
-1366.0
 10
291.0
 20
-1366.0
  0
MTEXT
  5
629
330
D7
100
AcDbEntity
  8
0
 62
7
100
AcDbMText
 10
4.0
 20
-1371.5
 30
0.0
 40
4.0
 71
5
  1
115
  7
DesignMate
  0
MTEXT
  5
62A
330
D7
100
AcDbEntity
  8
0
 62
7
100
AcDbMText
 10
14.0
 20
-1371.5
 30
0.0
 40
4.0
 71
5
  1
L
  7
DesignMate
  0
MTEXT
  5
62B
330
D7
100
AcDbEntity
  8
0
 62
7
100
AcDbMText
 10
21.0
 20
-1371.5
 30
0.0
 40
4.0
 41
70.0
 71
4
  1
D_115_L-PLNT-SHRB
  7
DesignMate
  0
MTEXT
  5
62C
330
D7
100
AcDbEntity
  8
0
 62
7
100
AcDbMText
 10
93.0
 20
-1371.5
 30
0.0
 40
4.0
 41
68.0
 71
4
  1
灌木 — 灌木丛/绿篱
  7
DesignMate
  0
SOLID
  5
62D
330
D7
100
AcDbEntity
  8
0
 62
236
100
AcDbTrace
 10
163.0
 20
-1368.0
 30
0.0
 11
173.0
 21
-1368.0
 31
0.0
 12
163.0
 22
-1375.0
 32
0.0
 13
173.0
 23
-1375.0
 33
0.0
  0
MTEXT
  5
62E
330
D7
100
AcDbEntity
  8
0
 62
7
100
AcDbMText
 10
177.0
 20
-1371.5
 30
0.0
 40
4.0
 71
4
  1
236
  7
DesignMate
  0
MTEXT
  5
62F
330
D7
100
AcDbEntity
  8
0
 62
7
100
AcDbMText
 10
190.0
 20
-1371.5
 30
0.0
 40
4.0
 71
4
  1
深粉红
  7
DesignMate
  0
MTEXT
  5
630
330
D7
100
AcDbEntity
  8
0
 62
7
100
AcDbMText
 10
218.0
 20
-1371.5
 30
0.0
 40
4.0
 71
4
  1
0.15
  7
DesignMate
  0
MTEXT
  5
631
330
D7
100
AcDbEntity
  8
0
 62
7
100
AcDbMText
 10
230.0
 20
-1371.5
 30
0.0
 40
4.0
 71
4
  1
实线
  7
DesignMate
  0
LWPOLYLINE
  5
632
330
D7
100
AcDbEntity
  8
D_115_L-PLNT-SHRB
  6
Continuous
 62
236
100
AcDbPolyline
 90
2
 70
0
 43
0.15
 10
253.0
 20
-1371.5
 10
289.0
 20
-1371.5
  0
LWPOLYLINE
  5
633
330
D7
100
AcDbEntity
  8
0
 62
250
100
AcDbPolyline
 90
2
 70
0
 10
0.0
 20
-1377.0
 10
291.0
 20
-1377.0
  0
LWPOLYLINE
  5
634
330
D7
100
AcDbEntity
  8
0
 62
9
100
AcDbPolyline
 90
4
 70
1
 10
0.0
 20
-1377.0
 10
291.0
 20
-1377.0
 10
291.0
 20
-1388.0
 10
0.0
 20
-1388.0
  0
MTEXT
  5
635
330
D7
100
AcDbEntity
  8
0
 62
7
100
AcDbMText
 10
4.0
 20
-1382.5
 30
0.0
 40
4.0
 71
5
  1
116
  7
DesignMate
  0
MTEXT
  5
636
330
D7
100
AcDbEntity
  8
0
 62
7
100
AcDbMText
 10
14.0
 20
-1382.5
 30
0.0
 40
4.0
 71
5
  1
L
  7
DesignMate
  0
MTEXT
  5
637
330
D7
100
AcDbEntity
  8
0
 62
7
100
AcDbMText
 10
21.0
 20
-1382.5
 30
0.0
 40
4.0
 41
70.0
 71
4
  1
D_116_L-PLNT-GRND
  7
DesignMate
  0
MTEXT
  5
638
330
D7
100
AcDbEntity
  8
0
 62
7
100
AcDbMText
 10
93.0
 20
-1382.5
 30
0.0
 40
4.0
 41
68.0
 71
4
  1
地被 — 草坪/地被植物（软景虚线）
  7
DesignMate
  0
SOLID
  5
639
330
D7
100
AcDbEntity
  8
0
 62
247
100
AcDbTrace
 10
163.0
 20
-1379.0
 30
0.0
 11
173.0
 21
-1379.0
 31
0.0
 12
163.0
 22
-1386.0
 32
0.0
 13
173.0
 23
-1386.0
 33
0.0
  0
MTEXT
  5
63A
330
D7
100
AcDbEntity
  8
0
 62
7
100
AcDbMText
 10
177.0
 20
-1382.5
 30
0.0
 40
4.0
 71
4
  1
247
  7
DesignMate
  0
MTEXT
  5
63B
330
D7
100
AcDbEntity
  8
0
 62
7
100
AcDbMText
 10
190.0
 20
-1382.5
 30
0.0
 40
4.0
 71
4
  1
深玫红
  7
DesignMate
  0
MTEXT
  5
63C
330
D7
100
AcDbEntity
  8
0
 62
7
100
AcDbMText
 10
218.0
 20
-1382.5
 30
0.0
 40
4.0
 71
4
  1
0.15
  7
DesignMate
  0
MTEXT
  5
63D
330
D7
100
AcDbEntity
  8
0
 62
7
100
AcDbMText
 10
230.0
 20
-1382.5
 30
0.0
 40
4.0
 71
4
  1
虚线
  7
DesignMate
  0
LWPOLYLINE
  5
63E
330
D7
100
AcDbEntity
  8
D_116_L-PLNT-GRND
  6
Dashed
 62
247
100
AcDbPolyline
 90
2
 70
0
 43
0.15
 10
253.0
 20
-1382.5
 10
289.0
 20
-1382.5
  0
LWPOLYLINE
  5
63F
330
D7
100
AcDbEntity
  8
0
 62
250
100
AcDbPolyline
 90
2
 70
0
 10
0.0
 20
-1388.0
 10
291.0
 20
-1388.0
  0
MTEXT
  5
640
330
D7
100
AcDbEntity
  8
0
 62
7
100
AcDbMText
 10
4.0
 20
-1393.5
 30
0.0
 40
4.0
 71
5
  1
117
  7
DesignMate
  0
MTEXT
  5
641
330
D7
100
AcDbEntity
  8
0
 62
7
100
AcDbMText
 10
14.0
 20
-1393.5
 30
0.0
 40
4.0
 71
5
  1
L
  7
DesignMate
  0
MTEXT
  5
642
330
D7
100
AcDbEntity
  8
0
 62
7
100
AcDbMText
 10
21.0
 20
-1393.5
 30
0.0
 40
4.0
 41
70.0
 71
4
  1
D_117_L-PLNT-SPEC
  7
DesignMate
  0
MTEXT
  5
643
330
D7
100
AcDbEntity
  8
0
 62
7
100
AcDbMText
 10
93.0
 20
-1393.5
 30
0.0
 40
4.0
 41
68.0
 71
4
  1
特色植物 — 观赏草/花卉
  7
DesignMate
  0
SOLID
  5
644
330
D7
100
AcDbEntity
  8
0
 62
6
100
AcDbTrace
 10
163.0
 20
-1390.0
 30
0.0
 11
173.0
 21
-1390.0
 31
0.0
 12
163.0
 22
-1397.0
 32
0.0
 13
173.0
 23
-1397.0
 33
0.0
  0
MTEXT
  5
645
330
D7
100
AcDbEntity
  8
0
 62
7
100
AcDbMText
 10
177.0
 20
-1393.5
 30
0.0
 40
4.0
 71
4
  1
6
  7
DesignMate
  0
MTEXT
  5
646
330
D7
100
AcDbEntity
  8
0
 62
7
100
AcDbMText
 10
190.0
 20
-1393.5
 30
0.0
 40
4.0
 71
4
  1
品红
  7
DesignMate
  0
MTEXT
  5
647
330
D7
100
AcDbEntity
  8
0
 62
7
100
AcDbMText
 10
218.0
 20
-1393.5
 30
0.0
 40
4.0
 71
4
  1
0.15
  7
DesignMate
  0
MTEXT
  5
648
330
D7
100
AcDbEntity
  8
0
 62
7
100
AcDbMText
 10
230.0
 20
-1393.5
 30
0.0
 40
4.0
 71
4
  1
实线
  7
DesignMate
  0
LWPOLYLINE
  5
649
330
D7
100
AcDbEntity
  8
D_117_L-PLNT-SPEC
  6
Continuous
 62
6
100
AcDbPolyline
 90
2
 70
0
 43
0.15
 10
253.0
 20
-1393.5
 10
289.0
 20
-1393.5
  0
LWPOLYLINE
  5
64A
330
D7
100
AcDbEntity
  8
0
 62
250
100
AcDbPolyline
 90
2
 70
0
 10
0.0
 20
-1399.0
 10
291.0
 20
-1399.0
  0
LWPOLYLINE
  5
64B
330
D7
100
AcDbEntity
  8
0
 62
9
100
AcDbPolyline
 90
4
 70
1
 10
0.0
 20
-1399.0
 10
291.0
 20
-1399.0
 10
291.0
 20
-1410.0
 10
0.0
 20
-1410.0
  0
MTEXT
  5
64C
330
D7
100
AcDbEntity
  8
0
 62
7
100
AcDbMText
 10
4.0
 20
-1404.5
 30
0.0
 40
4.0
 71
5
  1
118
  7
DesignMate
  0
MTEXT
  5
64D
330
D7
100
AcDbEntity
  8
0
 62
7
100
AcDbMText
 10
14.0
 20
-1404.5
 30
0.0
 40
4.0
 71
5
  1
L
  7
DesignMate
  0
MTEXT
  5
64E
330
D7
100
AcDbEntity
  8
0
 62
7
100
AcDbMText
 10
21.0
 20
-1404.5
 30
0.0
 40
4.0
 41
70.0
 71
4
  1
D_118_L-PLNT-POT
  7
DesignMate
  0
MTEXT
  5
64F
330
D7
100
AcDbEntity
  8
0
 62
7
100
AcDbMText
 10
93.0
 20
-1404.5
 30
0.0
 40
4.0
 41
68.0
 71
4
  1
种植池/花钵 — 树池/花箱
  7
DesignMate
  0
SOLID
  5
650
330
D7
100
AcDbEntity
  8
0
 62
17
100
AcDbTrace
 10
163.0
 20
-1401.0
 30
0.0
 11
173.0
 21
-1401.0
 31
0.0
 12
163.0
 22
-1408.0
 32
0.0
 13
173.0
 23
-1408.0
 33
0.0
  0
MTEXT
  5
651
330
D7
100
AcDbEntity
  8
0
 62
7
100
AcDbMText
 10
177.0
 20
-1404.5
 30
0.0
 40
4.0
 71
4
  1
17
  7
DesignMate
  0
MTEXT
  5
652
330
D7
100
AcDbEntity
  8
0
 62
7
100
AcDbMText
 10
190.0
 20
-1404.5
 30
0.0
 40
4.0
 71
4
  1
深红
  7
DesignMate
  0
MTEXT
  5
653
330
D7
100
AcDbEntity
  8
0
 62
7
100
AcDbMText
 10
218.0
 20
-1404.5
 30
0.0
 40
4.0
 71
4
  1
0.25
  7
DesignMate
  0
MTEXT
  5
654
330
D7
100
AcDbEntity
  8
0
 62
7
100
AcDbMText
 10
230.0
 20
-1404.5
 30
0.0
 40
4.0
 71
4
  1
实线
  7
DesignMate
  0
LWPOLYLINE
  5
655
330
D7
100
AcDbEntity
  8
D_118_L-PLNT-POT
  6
Continuous
 62
17
100
AcDbPolyline
 90
2
 70
0
 43
0.25
 10
253.0
 20
-1404.5
 10
289.0
 20
-1404.5
  0
LWPOLYLINE
  5
656
330
D7
100
AcDbEntity
  8
0
 62
250
100
AcDbPolyline
 90
2
 70
0
 10
0.0
 20
-1410.0
 10
291.0
 20
-1410.0
  0
MTEXT
  5
657
330
D7
100
AcDbEntity
  8
0
 62
7
100
AcDbMText
 10
4.0
 20
-1415.5
 30
0.0
 40
4.0
 71
5
  1
119
  7
DesignMate
  0
MTEXT
  5
658
330
D7
100
AcDbEntity
  8
0
 62
7
100
AcDbMText
 10
14.0
 20
-1415.5
 30
0.0
 40
4.0
 71
5
  1
L
  7
DesignMate
  0
MTEXT
  5
659
330
D7
100
AcDbEntity
  8
0
 62
7
100
AcDbMText
 10
21.0
 20
-1415.5
 30
0.0
 40
4.0
 41
70.0
 71
4
  1
D_119_L-WATR-POND
  7
DesignMate
  0
MTEXT
  5
65A
330
D7
100
AcDbEntity
  8
0
 62
7
100
AcDbMText
 10
93.0
 20
-1415.5
 30
0.0
 40
4.0
 41
68.0
 71
4
  1
水景 — 池塘/镜面水池
  7
DesignMate
  0
SOLID
  5
65B
330
D7
100
AcDbEntity
  8
0
 62
28
100
AcDbTrace
 10
163.0
 20
-1412.0
 30
0.0
 11
173.0
 21
-1412.0
 31
0.0
 12
163.0
 22
-1419.0
 32
0.0
 13
173.0
 23
-1419.0
 33
0.0
  0
MTEXT
  5
65C
330
D7
100
AcDbEntity
  8
0
 62
7
100
AcDbMText
 10
177.0
 20
-1415.5
 30
0.0
 40
4.0
 71
4
  1
28
  7
DesignMate
  0
MTEXT
  5
65D
330
D7
100
AcDbEntity
  8
0
 62
7
100
AcDbMText
 10
190.0
 20
-1415.5
 30
0.0
 40
4.0
 71
4
  1
暗红
  7
DesignMate
  0
MTEXT
  5
65E
330
D7
100
AcDbEntity
  8
0
 62
7
100
AcDbMText
 10
218.0
 20
-1415.5
 30
0.0
 40
4.0
 71
4
  1
0.35
  7
DesignMate
  0
MTEXT
  5
65F
330
D7
100
AcDbEntity
  8
0
 62
7
100
AcDbMText
 10
230.0
 20
-1415.5
 30
0.0
 40
4.0
 71
4
  1
实线
  7
DesignMate
  0
LWPOLYLINE
  5
660
330
D7
100
AcDbEntity
  8
D_119_L-WATR-POND
  6
Continuous
 62
28
100
AcDbPolyline
 90
2
 70
0
 43
0.35
 10
253.0
 20
-1415.5
 10
289.0
 20
-1415.5
  0
LWPOLYLINE
  5
661
330
D7
100
AcDbEntity
  8
0
 62
250
100
AcDbPolyline
 90
2
 70
0
 10
0.0
 20
-1421.0
 10
291.0
 20
-1421.0
  0
LWPOLYLINE
  5
662
330
D7
100
AcDbEntity
  8
0
 62
9
100
AcDbPolyline
 90
4
 70
1
 10
0.0
 20
-1421.0
 10
291.0
 20
-1421.0
 10
291.0
 20
-1432.0
 10
0.0
 20
-1432.0
  0
MTEXT
  5
663
330
D7
100
AcDbEntity
  8
0
 62
7
100
AcDbMText
 10
4.0
 20
-1426.5
 30
0.0
 40
4.0
 71
5
  1
120
  7
DesignMate
  0
MTEXT
  5
664
330
D7
100
AcDbEntity
  8
0
 62
7
100
AcDbMText
 10
14.0
 20
-1426.5
 30
0.0
 40
4.0
 71
5
  1
L
  7
DesignMate
  0
MTEXT
  5
665
330
D7
100
AcDbEntity
  8
0
 62
7
100
AcDbMText
 10
21.0
 20
-1426.5
 30
0.0
 40
4.0
 41
70.0
 71
4
  1
D_120_L-WATR-DRYF
  7
DesignMate
  0
MTEXT
  5
666
330
D7
100
AcDbEntity
  8
0
 62
7
100
AcDbMText
 10
93.0
 20
-1426.5
 30
0.0
 40
4.0
 41
68.0
 71
4
  1
旱溪 — 枯山水/旱溪
  7
DesignMate
  0
SOLID
  5
667
330
D7
100
AcDbEntity
  8
0
 62
39
100
AcDbTrace
 10
163.0
 20
-1423.0
 30
0.0
 11
173.0
 21
-1423.0
 31
0.0
 12
163.0
 22
-1430.0
 32
0.0
 13
173.0
 23
-1430.0
 33
0.0
  0
MTEXT
  5
668
330
D7
100
AcDbEntity
  8
0
 62
7
100
AcDbMText
 10
177.0
 20
-1426.5
 30
0.0
 40
4.0
 71
4
  1
39
  7
DesignMate
  0
MTEXT
  5
669
330
D7
100
AcDbEntity
  8
0
 62
7
100
AcDbMText
 10
190.0
 20
-1426.5
 30
0.0
 40
4.0
 71
4
  1
暗橙红
  7
DesignMate
  0
MTEXT
  5
66A
330
D7
100
AcDbEntity
  8
0
 62
7
100
AcDbMText
 10
218.0
 20
-1426.5
 30
0.0
 40
4.0
 71
4
  1
0.25
  7
DesignMate
  0
MTEXT
  5
66B
330
D7
100
AcDbEntity
  8
0
 62
7
100
AcDbMText
 10
230.0
 20
-1426.5
 30
0.0
 40
4.0
 71
4
  1
假想线
  7
DesignMate
  0
LWPOLYLINE
  5
66C
330
D7
100
AcDbEntity
  8
D_120_L-WATR-DRYF
  6
Phantom
 62
39
100
AcDbPolyline
 90
2
 70
0
 43
0.25
 10
253.0
 20
-1426.5
 10
289.0
 20
-1426.5
  0
LWPOLYLINE
  5
66D
330
D7
100
AcDbEntity
  8
0
 62
250
100
AcDbPolyline
 90
2
 70
0
 10
0.0
 20
-1432.0
 10
291.0
 20
-1432.0
  0
MTEXT
  5
66E
330
D7
100
AcDbEntity
  8
0
 62
7
100
AcDbMText
 10
4.0
 20
-1437.5
 30
0.0
 40
4.0
 71
5
  1
121
  7
DesignMate
  0
MTEXT
  5
66F
330
D7
100
AcDbEntity
  8
0
 62
7
100
AcDbMText
 10
14.0
 20
-1437.5
 30
0.0
 40
4.0
 71
5
  1
L
  7
DesignMate
  0
MTEXT
  5
670
330
D7
100
AcDbEntity
  8
0
 62
7
100
AcDbMText
 10
21.0
 20
-1437.5
 30
0.0
 40
4.0
 41
70.0
 71
4
  1
D_121_L-WATR-FOUN
  7
DesignMate
  0
MTEXT
  5
671
330
D7
100
AcDbEntity
  8
0
 62
7
100
AcDbMText
 10
93.0
 20
-1437.5
 30
0.0
 40
4.0
 41
68.0
 71
4
  1
喷泉 — 涌泉/旱喷
  7
DesignMate
  0
SOLID
  5
672
330
D7
100
AcDbEntity
  8
0
 62
50
100
AcDbTrace
 10
163.0
 20
-1434.0
 30
0.0
 11
173.0
 21
-1434.0
 31
0.0
 12
163.0
 22
-1441.0
 32
0.0
 13
173.0
 23
-1441.0
 33
0.0
  0
MTEXT
  5
673
330
D7
100
AcDbEntity
  8
0
 62
7
100
AcDbMText
 10
177.0
 20
-1437.5
 30
0.0
 40
4.0
 71
4
  1
50
  7
DesignMate
  0
MTEXT
  5
674
330
D7
100
AcDbEntity
  8
0
 62
7
100
AcDbMText
 10
190.0
 20
-1437.5
 30
0.0
 40
4.0
 71
4
  1
淡黄
  7
DesignMate
  0
MTEXT
  5
675
330
D7
100
AcDbEntity
  8
0
 62
7
100
AcDbMText
 10
218.0
 20
-1437.5
 30
0.0
 40
4.0
 71
4
  1
0.15
  7
DesignMate
  0
MTEXT
  5
676
330
D7
100
AcDbEntity
  8
0
 62
7
100
AcDbMText
 10
230.0
 20
-1437.5
 30
0.0
 40
4.0
 71
4
  1
实线
  7
DesignMate
  0
LWPOLYLINE
  5
677
330
D7
100
AcDbEntity
  8
D_121_L-WATR-FOUN
  6
Continuous
 62
50
100
AcDbPolyline
 90
2
 70
0
 43
0.15
 10
253.0
 20
-1437.5
 10
289.0
 20
-1437.5
  0
LWPOLYLINE
  5
678
330
D7
100
AcDbEntity
  8
0
 62
250
100
AcDbPolyline
 90
2
 70
0
 10
0.0
 20
-1443.0
 10
291.0
 20
-1443.0
  0
LWPOLYLINE
  5
679
330
D7
100
AcDbEntity
  8
0
 62
9
100
AcDbPolyline
 90
4
 70
1
 10
0.0
 20
-1443.0
 10
291.0
 20
-1443.0
 10
291.0
 20
-1454.0
 10
0.0
 20
-1454.0
  0
MTEXT
  5
67A
330
D7
100
AcDbEntity
  8
0
 62
7
100
AcDbMText
 10
4.0
 20
-1448.5
 30
0.0
 40
4.0
 71
5
  1
122
  7
DesignMate
  0
MTEXT
  5
67B
330
D7
100
AcDbEntity
  8
0
 62
7
100
AcDbMText
 10
14.0
 20
-1448.5
 30
0.0
 40
4.0
 71
5
  1
L
  7
DesignMate
  0
MTEXT
  5
67C
330
D7
100
AcDbEntity
  8
0
 62
7
100
AcDbMText
 10
21.0
 20
-1448.5
 30
0.0
 40
4.0
 41
70.0
 71
4
  1
D_122_L-FURN-SEAT
  7
DesignMate
  0
MTEXT
  5
67D
330
D7
100
AcDbEntity
  8
0
 62
7
100
AcDbMText
 10
93.0
 20
-1448.5
 30
0.0
 40
4.0
 41
68.0
 71
4
  1
坐凳 — 长椅/石凳
  7
DesignMate
  0
SOLID
  5
67E
330
D7
100
AcDbEntity
  8
0
 62
61
100
AcDbTrace
 10
163.0
 20
-1445.0
 30
0.0
 11
173.0
 21
-1445.0
 31
0.0
 12
163.0
 22
-1452.0
 32
0.0
 13
173.0
 23
-1452.0
 33
0.0
  0
MTEXT
  5
67F
330
D7
100
AcDbEntity
  8
0
 62
7
100
AcDbMText
 10
177.0
 20
-1448.5
 30
0.0
 40
4.0
 71
4
  1
61
  7
DesignMate
  0
MTEXT
  5
680
330
D7
100
AcDbEntity
  8
0
 62
7
100
AcDbMText
 10
190.0
 20
-1448.5
 30
0.0
 40
4.0
 71
4
  1
淡黄
  7
DesignMate
  0
MTEXT
  5
681
330
D7
100
AcDbEntity
  8
0
 62
7
100
AcDbMText
 10
218.0
 20
-1448.5
 30
0.0
 40
4.0
 71
4
  1
0.25
  7
DesignMate
  0
MTEXT
  5
682
330
D7
100
AcDbEntity
  8
0
 62
7
100
AcDbMText
 10
230.0
 20
-1448.5
 30
0.0
 40
4.0
 71
4
  1
实线
  7
DesignMate
  0
LWPOLYLINE
  5
683
330
D7
100
AcDbEntity
  8
D_122_L-FURN-SEAT
  6
Continuous
 62
61
100
AcDbPolyline
 90
2
 70
0
 43
0.25
 10
253.0
 20
-1448.5
 10
289.0
 20
-1448.5
  0
LWPOLYLINE
  5
684
330
D7
100
AcDbEntity
  8
0
 62
250
100
AcDbPolyline
 90
2
 70
0
 10
0.0
 20
-1454.0
 10
291.0
 20
-1454.0
  0
MTEXT
  5
685
330
D7
100
AcDbEntity
  8
0
 62
7
100
AcDbMText
 10
4.0
 20
-1459.5
 30
0.0
 40
4.0
 71
5
  1
123
  7
DesignMate
  0
MTEXT
  5
686
330
D7
100
AcDbEntity
  8
0
 62
7
100
AcDbMText
 10
14.0
 20
-1459.5
 30
0.0
 40
4.0
 71
5
  1
L
  7
DesignMate
  0
MTEXT
  5
687
330
D7
100
AcDbEntity
  8
0
 62
7
100
AcDbMText
 10
21.0
 20
-1459.5
 30
0.0
 40
4.0
 41
70.0
 71
4
  1
D_123_L-FURN-TABLE
  7
DesignMate
  0
MTEXT
  5
688
330
D7
100
AcDbEntity
  8
0
 62
7
100
AcDbMText
 10
93.0
 20
-1459.5
 30
0.0
 40
4.0
 41
68.0
 71
4
  1
户外桌椅 — 野餐桌/吧台
  7
DesignMate
  0
SOLID
  5
689
330
D7
100
AcDbEntity
  8
0
 62
72
100
AcDbTrace
 10
163.0
 20
-1456.0
 30
0.0
 11
173.0
 21
-1456.0
 31
0.0
 12
163.0
 22
-1463.0
 32
0.0
 13
173.0
 23
-1463.0
 33
0.0
  0
MTEXT
  5
68A
330
D7
100
AcDbEntity
  8
0
 62
7
100
AcDbMText
 10
177.0
 20
-1459.5
 30
0.0
 40
4.0
 71
4
  1
72
  7
DesignMate
  0
MTEXT
  5
68B
330
D7
100
AcDbEntity
  8
0
 62
7
100
AcDbMText
 10
190.0
 20
-1459.5
 30
0.0
 40
4.0
 71
4
  1
黄绿
  7
DesignMate
  0
MTEXT
  5
68C
330
D7
100
AcDbEntity
  8
0
 62
7
100
AcDbMText
 10
218.0
 20
-1459.5
 30
0.0
 40
4.0
 71
4
  1
0.25
  7
DesignMate
  0
MTEXT
  5
68D
330
D7
100
AcDbEntity
  8
0
 62
7
100
AcDbMText
 10
230.0
 20
-1459.5
 30
0.0
 40
4.0
 71
4
  1
实线
  7
DesignMate
  0
LWPOLYLINE
  5
68E
330
D7
100
AcDbEntity
  8
D_123_L-FURN-TABLE
  6
Continuous
 62
72
100
AcDbPolyline
 90
2
 70
0
 43
0.25
 10
253.0
 20
-1459.5
 10
289.0
 20
-1459.5
  0
LWPOLYLINE
  5
68F
330
D7
100
AcDbEntity
  8
0
 62
250
100
AcDbPolyline
 90
2
 70
0
 10
0.0
 20
-1465.0
 10
291.0
 20
-1465.0
  0
LWPOLYLINE
  5
690
330
D7
100
AcDbEntity
  8
0
 62
9
100
AcDbPolyline
 90
4
 70
1
 10
0.0
 20
-1465.0
 10
291.0
 20
-1465.0
 10
291.0
 20
-1476.0
 10
0.0
 20
-1476.0
  0
MTEXT
  5
691
330
D7
100
AcDbEntity
  8
0
 62
7
100
AcDbMText
 10
4.0
 20
-1470.5
 30
0.0
 40
4.0
 71
5
  1
124
  7
DesignMate
  0
MTEXT
  5
692
330
D7
100
AcDbEntity
  8
0
 62
7
100
AcDbMText
 10
14.0
 20
-1470.5
 30
0.0
 40
4.0
 71
5
  1
L
  7
DesignMate
  0
MTEXT
  5
693
330
D7
100
AcDbEntity
  8
0
 62
7
100
AcDbMText
 10
21.0
 20
-1470.5
 30
0.0
 40
4.0
 41
70.0
 71
4
  1
D_124_L-FURN-WASTE
  7
DesignMate
  0
MTEXT
  5
694
330
D7
100
AcDbEntity
  8
0
 62
7
100
AcDbMText
 10
93.0
 20
-1470.5
 30
0.0
 40
4.0
 41
68.0
 71
4
  1
垃圾桶 — 分类回收箱
  7
DesignMate
  0
SOLID
  5
695
330
D7
100
AcDbEntity
  8
0
 62
83
100
AcDbTrace
 10
163.0
 20
-1467.0
 30
0.0
 11
173.0
 21
-1467.0
 31
0.0
 12
163.0
 22
-1474.0
 32
0.0
 13
173.0
 23
-1474.0
 33
0.0
  0
MTEXT
  5
696
330
D7
100
AcDbEntity
  8
0
 62
7
100
AcDbMText
 10
177.0
 20
-1470.5
 30
0.0
 40
4.0
 71
4
  1
83
  7
DesignMate
  0
MTEXT
  5
697
330
D7
100
AcDbEntity
  8
0
 62
7
100
AcDbMText
 10
190.0
 20
-1470.5
 30
0.0
 40
4.0
 71
4
  1
黄绿
  7
DesignMate
  0
MTEXT
  5
698
330
D7
100
AcDbEntity
  8
0
 62
7
100
AcDbMText
 10
218.0
 20
-1470.5
 30
0.0
 40
4.0
 71
4
  1
0.25
  7
DesignMate
  0
MTEXT
  5
699
330
D7
100
AcDbEntity
  8
0
 62
7
100
AcDbMText
 10
230.0
 20
-1470.5
 30
0.0
 40
4.0
 71
4
  1
实线
  7
DesignMate
  0
LWPOLYLINE
  5
69A
330
D7
100
AcDbEntity
  8
D_124_L-FURN-WASTE
  6
Continuous
 62
83
100
AcDbPolyline
 90
2
 70
0
 43
0.25
 10
253.0
 20
-1470.5
 10
289.0
 20
-1470.5
  0
LWPOLYLINE
  5
69B
330
D7
100
AcDbEntity
  8
0
 62
250
100
AcDbPolyline
 90
2
 70
0
 10
0.0
 20
-1476.0
 10
291.0
 20
-1476.0
  0
MTEXT
  5
69C
330
D7
100
AcDbEntity
  8
0
 62
7
100
AcDbMText
 10
4.0
 20
-1481.5
 30
0.0
 40
4.0
 71
5
  1
125
  7
DesignMate
  0
MTEXT
  5
69D
330
D7
100
AcDbEntity
  8
0
 62
7
100
AcDbMText
 10
14.0
 20
-1481.5
 30
0.0
 40
4.0
 71
5
  1
L
  7
DesignMate
  0
MTEXT
  5
69E
330
D7
100
AcDbEntity
  8
0
 62
7
100
AcDbMText
 10
21.0
 20
-1481.5
 30
0.0
 40
4.0
 41
70.0
 71
4
  1
D_125_L-EQPM-DRINK
  7
DesignMate
  0
MTEXT
  5
69F
330
D7
100
AcDbEntity
  8
0
 62
7
100
AcDbMText
 10
93.0
 20
-1481.5
 30
0.0
 40
4.0
 41
68.0
 71
4
  1
饮水器 — 直饮水/宠物饮水
  7
DesignMate
  0
SOLID
  5
6A0
330
D7
100
AcDbEntity
  8
0
 62
94
100
AcDbTrace
 10
163.0
 20
-1478.0
 30
0.0
 11
173.0
 21
-1478.0
 31
0.0
 12
163.0
 22
-1485.0
 32
0.0
 13
173.0
 23
-1485.0
 33
0.0
  0
MTEXT
  5
6A1
330
D7
100
AcDbEntity
  8
0
 62
7
100
AcDbMText
 10
177.0
 20
-1481.5
 30
0.0
 40
4.0
 71
4
  1
94
  7
DesignMate
  0
MTEXT
  5
6A2
330
D7
100
AcDbEntity
  8
0
 62
7
100
AcDbMText
 10
190.0
 20
-1481.5
 30
0.0
 40
4.0
 71
4
  1
绿
  7
DesignMate
  0
MTEXT
  5
6A3
330
D7
100
AcDbEntity
  8
0
 62
7
100
AcDbMText
 10
218.0
 20
-1481.5
 30
0.0
 40
4.0
 71
4
  1
0.25
  7
DesignMate
  0
MTEXT
  5
6A4
330
D7
100
AcDbEntity
  8
0
 62
7
100
AcDbMText
 10
230.0
 20
-1481.5
 30
0.0
 40
4.0
 71
4
  1
实线
  7
DesignMate
  0
LWPOLYLINE
  5
6A5
330
D7
100
AcDbEntity
  8
D_125_L-EQPM-DRINK
  6
Continuous
 62
94
100
AcDbPolyline
 90
2
 70
0
 43
0.25
 10
253.0
 20
-1481.5
 10
289.0
 20
-1481.5
  0
LWPOLYLINE
  5
6A6
330
D7
100
AcDbEntity
  8
0
 62
250
100
AcDbPolyline
 90
2
 70
0
 10
0.0
 20
-1487.0
 10
291.0
 20
-1487.0
  0
LWPOLYLINE
  5
6A7
330
D7
100
AcDbEntity
  8
0
 62
9
100
AcDbPolyline
 90
4
 70
1
 10
0.0
 20
-1487.0
 10
291.0
 20
-1487.0
 10
291.0
 20
-1498.0
 10
0.0
 20
-1498.0
  0
MTEXT
  5
6A8
330
D7
100
AcDbEntity
  8
0
 62
7
100
AcDbMText
 10
4.0
 20
-1492.5
 30
0.0
 40
4.0
 71
5
  1
126
  7
DesignMate
  0
MTEXT
  5
6A9
330
D7
100
AcDbEntity
  8
0
 62
7
100
AcDbMText
 10
14.0
 20
-1492.5
 30
0.0
 40
4.0
 71
5
  1
L
  7
DesignMate
  0
MTEXT
  5
6AA
330
D7
100
AcDbEntity
  8
0
 62
7
100
AcDbMText
 10
21.0
 20
-1492.5
 30
0.0
 40
4.0
 41
70.0
 71
4
  1
D_126_L-EQPM-LIGHT
  7
DesignMate
  0
MTEXT
  5
6AB
330
D7
100
AcDbEntity
  8
0
 62
7
100
AcDbMText
 10
93.0
 20
-1492.5
 30
0.0
 40
4.0
 41
68.0
 71
4
  1
景观灯具 — 庭院灯/草坪灯
  7
DesignMate
  0
SOLID
  5
6AC
330
D7
100
AcDbEntity
  8
0
 62
105
100
AcDbTrace
 10
163.0
 20
-1489.0
 30
0.0
 11
173.0
 21
-1489.0
 31
0.0
 12
163.0
 22
-1496.0
 32
0.0
 13
173.0
 23
-1496.0
 33
0.0
  0
MTEXT
  5
6AD
330
D7
100
AcDbEntity
  8
0
 62
7
100
AcDbMText
 10
177.0
 20
-1492.5
 30
0.0
 40
4.0
 71
4
  1
105
  7
DesignMate
  0
MTEXT
  5
6AE
330
D7
100
AcDbEntity
  8
0
 62
7
100
AcDbMText
 10
190.0
 20
-1492.5
 30
0.0
 40
4.0
 71
4
  1
绿
  7
DesignMate
  0
MTEXT
  5
6AF
330
D7
100
AcDbEntity
  8
0
 62
7
100
AcDbMText
 10
218.0
 20
-1492.5
 30
0.0
 40
4.0
 71
4
  1
0.15
  7
DesignMate
  0
MTEXT
  5
6B0
330
D7
100
AcDbEntity
  8
0
 62
7
100
AcDbMText
 10
230.0
 20
-1492.5
 30
0.0
 40
4.0
 71
4
  1
实线
  7
DesignMate
  0
LWPOLYLINE
  5
6B1
330
D7
100
AcDbEntity
  8
D_126_L-EQPM-LIGHT
  6
Continuous
 62
105
100
AcDbPolyline
 90
2
 70
0
 43
0.15
 10
253.0
 20
-1492.5
 10
289.0
 20
-1492.5
  0
LWPOLYLINE
  5
6B2
330
D7
100
AcDbEntity
  8
0
 62
250
100
AcDbPolyline
 90
2
 70
0
 10
0.0
 20
-1498.0
 10
291.0
 20
-1498.0
  0
MTEXT
  5
6B3
330
D7
100
AcDbEntity
  8
0
 62
7
100
AcDbMText
 10
4.0
 20
-1503.5
 30
0.0
 40
4.0
 71
5
  1
127
  7
DesignMate
  0
MTEXT
  5
6B4
330
D7
100
AcDbEntity
  8
0
 62
7
100
AcDbMText
 10
14.0
 20
-1503.5
 30
0.0
 40
4.0
 71
5
  1
L
  7
DesignMate
  0
MTEXT
  5
6B5
330
D7
100
AcDbEntity
  8
0
 62
7
100
AcDbMText
 10
21.0
 20
-1503.5
 30
0.0
 40
4.0
 41
70.0
 71
4
  1
D_127_L-STRC-PERG
  7
DesignMate
  0
MTEXT
  5
6B6
330
D7
100
AcDbEntity
  8
0
 62
7
100
AcDbMText
 10
93.0
 20
-1503.5
 30
0.0
 40
4.0
 41
68.0
 71
4
  1
景观构筑 — 廊架/花架/凉亭
  7
DesignMate
  0
SOLID
  5
6B7
330
D7
100
AcDbEntity
  8
0
 62
116
100
AcDbTrace
 10
163.0
 20
-1500.0
 30
0.0
 11
173.0
 21
-1500.0
 31
0.0
 12
163.0
 22
-1507.0
 32
0.0
 13
173.0
 23
-1507.0
 33
0.0
  0
MTEXT
  5
6B8
330
D7
100
AcDbEntity
  8
0
 62
7
100
AcDbMText
 10
177.0
 20
-1503.5
 30
0.0
 40
4.0
 71
4
  1
116
  7
DesignMate
  0
MTEXT
  5
6B9
330
D7
100
AcDbEntity
  8
0
 62
7
100
AcDbMText
 10
190.0
 20
-1503.5
 30
0.0
 40
4.0
 71
4
  1
深青
  7
DesignMate
  0
MTEXT
  5
6BA
330
D7
100
AcDbEntity
  8
0
 62
7
100
AcDbMText
 10
218.0
 20
-1503.5
 30
0.0
 40
4.0
 71
4
  1
0.35
  7
DesignMate
  0
MTEXT
  5
6BB
330
D7
100
AcDbEntity
  8
0
 62
7
100
AcDbMText
 10
230.0
 20
-1503.5
 30
0.0
 40
4.0
 71
4
  1
实线
  7
DesignMate
  0
LWPOLYLINE
  5
6BC
330
D7
100
AcDbEntity
  8
D_127_L-STRC-PERG
  6
Continuous
 62
116
100
AcDbPolyline
 90
2
 70
0
 43
0.35
 10
253.0
 20
-1503.5
 10
289.0
 20
-1503.5
  0
LWPOLYLINE
  5
6BD
330
D7
100
AcDbEntity
  8
0
 62
250
100
AcDbPolyline
 90
2
 70
0
 10
0.0
 20
-1509.0
 10
291.0
 20
-1509.0
  0
LWPOLYLINE
  5
6BE
330
D7
100
AcDbEntity
  8
0
 62
9
100
AcDbPolyline
 90
4
 70
1
 10
0.0
 20
-1509.0
 10
291.0
 20
-1509.0
 10
291.0
 20
-1520.0
 10
0.0
 20
-1520.0
  0
MTEXT
  5
6BF
330
D7
100
AcDbEntity
  8
0
 62
7
100
AcDbMText
 10
4.0
 20
-1514.5
 30
0.0
 40
4.0
 71
5
  1
128
  7
DesignMate
  0
MTEXT
  5
6C0
330
D7
100
AcDbEntity
  8
0
 62
7
100
AcDbMText
 10
14.0
 20
-1514.5
 30
0.0
 40
4.0
 71
5
  1
L
  7
DesignMate
  0
MTEXT
  5
6C1
330
D7
100
AcDbEntity
  8
0
 62
7
100
AcDbMText
 10
21.0
 20
-1514.5
 30
0.0
 40
4.0
 41
70.0
 71
4
  1
D_128_L-ANNO-DIMS
  7
DesignMate
  0
MTEXT
  5
6C2
330
D7
100
AcDbEntity
  8
0
 62
7
100
AcDbMText
 10
93.0
 20
-1514.5
 30
0.0
 40
4.0
 41
68.0
 71
4
  1
景观尺寸标注
  7
DesignMate
  0
SOLID
  5
6C3
330
D7
100
AcDbEntity
  8
0
 62
127
100
AcDbTrace
 10
163.0
 20
-1511.0
 30
0.0
 11
173.0
 21
-1511.0
 31
0.0
 12
163.0
 22
-1518.0
 32
0.0
 13
173.0
 23
-1518.0
 33
0.0
  0
MTEXT
  5
6C4
330
D7
100
AcDbEntity
  8
0
 62
7
100
AcDbMText
 10
177.0
 20
-1514.5
 30
0.0
 40
4.0
 71
4
  1
127
  7
DesignMate
  0
MTEXT
  5
6C5
330
D7
100
AcDbEntity
  8
0
 62
7
100
AcDbMText
 10
190.0
 20
-1514.5
 30
0.0
 40
4.0
 71
4
  1
深青
  7
DesignMate
  0
MTEXT
  5
6C6
330
D7
100
AcDbEntity
  8
0
 62
7
100
AcDbMText
 10
218.0
 20
-1514.5
 30
0.0
 40
4.0
 71
4
  1
0.15
  7
DesignMate
  0
MTEXT
  5
6C7
330
D7
100
AcDbEntity
  8
0
 62
7
100
AcDbMText
 10
230.0
 20
-1514.5
 30
0.0
 40
4.0
 71
4
  1
实线
  7
DesignMate
  0
LWPOLYLINE
  5
6C8
330
D7
100
AcDbEntity
  8
D_128_L-ANNO-DIMS
  6
Continuous
 62
127
100
AcDbPolyline
 90
2
 70
0
 43
0.15
 10
253.0
 20
-1514.5
 10
289.0
 20
-1514.5
  0
LWPOLYLINE
  5
6C9
330
D7
100
AcDbEntity
  8
0
 62
250
100
AcDbPolyline
 90
2
 70
0
 10
0.0
 20
-1520.0
 10
291.0
 20
-1520.0
  0
MTEXT
  5
6CA
330
D7
100
AcDbEntity
  8
0
 62
7
100
AcDbMText
 10
4.0
 20
-1525.5
 30
0.0
 40
4.0
 71
5
  1
129
  7
DesignMate
  0
MTEXT
  5
6CB
330
D7
100
AcDbEntity
  8
0
 62
7
100
AcDbMText
 10
14.0
 20
-1525.5
 30
0.0
 40
4.0
 71
5
  1
L
  7
DesignMate
  0
MTEXT
  5
6CC
330
D7
100
AcDbEntity
  8
0
 62
7
100
AcDbMText
 10
21.0
 20
-1525.5
 30
0.0
 40
4.0
 41
70.0
 71
4
  1
D_129_L-ANNO-TEXT
  7
DesignMate
  0
MTEXT
  5
6CD
330
D7
100
AcDbEntity
  8
0
 62
7
100
AcDbMText
 10
93.0
 20
-1525.5
 30
0.0
 40
4.0
 41
68.0
 71
4
  1
景观文字标注 — 植物名/材料
  7
DesignMate
  0
SOLID
  5
6CE
330
D7
100
AcDbEntity
  8
0
 62
138
100
AcDbTrace
 10
163.0
 20
-1522.0
 30
0.0
 11
173.0
 21
-1522.0
 31
0.0
 12
163.0
 22
-1529.0
 32
0.0
 13
173.0
 23
-1529.0
 33
0.0
  0
MTEXT
  5
6CF
330
D7
100
AcDbEntity
  8
0
 62
7
100
AcDbMText
 10
177.0
 20
-1525.5
 30
0.0
 40
4.0
 71
4
  1
138
  7
DesignMate
  0
MTEXT
  5
6D0
330
D7
100
AcDbEntity
  8
0
 62
7
100
AcDbMText
 10
190.0
 20
-1525.5
 30
0.0
 40
4.0
 71
4
  1
暗青
  7
DesignMate
  0
MTEXT
  5
6D1
330
D7
100
AcDbEntity
  8
0
 62
7
100
AcDbMText
 10
218.0
 20
-1525.5
 30
0.0
 40
4.0
 71
4
  1
0.15
  7
DesignMate
  0
MTEXT
  5
6D2
330
D7
100
AcDbEntity
  8
0
 62
7
100
AcDbMText
 10
230.0
 20
-1525.5
 30
0.0
 40
4.0
 71
4
  1
实线
  7
DesignMate
  0
LWPOLYLINE
  5
6D3
330
D7
100
AcDbEntity
  8
D_129_L-ANNO-TEXT
  6
Continuous
 62
138
100
AcDbPolyline
 90
2
 70
0
 43
0.15
 10
253.0
 20
-1525.5
 10
289.0
 20
-1525.5
  0
LWPOLYLINE
  5
6D4
330
D7
100
AcDbEntity
  8
0
 62
250
100
AcDbPolyline
 90
2
 70
0
 10
0.0
 20
-1531.0
 10
291.0
 20
-1531.0
  0
SOLID
  5
6D5
330
D7
100
AcDbEntity
  8
0
 62
206
100
AcDbTrace
 10
0.0
 20
-1531.0
 30
0.0
 11
291.0
 21
-1531.0
 31
0.0
 12
0.0
 22
-1543.0
 32
0.0
 13
291.0
 23
-1543.0
 33
0.0
  0
LWPOLYLINE
  5
6D6
330
D7
100
AcDbEntity
  8
0
 62
250
100
AcDbPolyline
 90
2
 70
0
 43
0.25
 10
0.0
 20
-1543.0
 10
291.0
 20
-1543.0
  0
MTEXT
  5
6D7
330
D7
100
AcDbEntity
  8
0
 62
7
100
AcDbMText
 10
12.0
 20
-1537.0
 30
0.0
 40
5.6
 71
4
  1
I / 内装 Interiors / 19 图层
  7
DM_GroupTitle
  0
LWPOLYLINE
  5
6D8
330
D7
100
AcDbEntity
  8
0
 62
9
100
AcDbPolyline
 90
4
 70
1
 10
0.0
 20
-1543.0
 10
291.0
 20
-1543.0
 10
291.0
 20
-1554.0
 10
0.0
 20
-1554.0
  0
MTEXT
  5
6D9
330
D7
100
AcDbEntity
  8
0
 62
7
100
AcDbMText
 10
4.0
 20
-1548.5
 30
0.0
 40
4.0
 71
5
  1
130
  7
DesignMate
  0
MTEXT
  5
6DA
330
D7
100
AcDbEntity
  8
0
 62
7
100
AcDbMText
 10
14.0
 20
-1548.5
 30
0.0
 40
4.0
 71
5
  1
I
  7
DesignMate
  0
MTEXT
  5
6DB
330
D7
100
AcDbEntity
  8
0
 62
7
100
AcDbMText
 10
21.0
 20
-1548.5
 30
0.0
 40
4.0
 41
70.0
 71
4
  1
D_130_I-WALL-EXTR
  7
DesignMate
  0
MTEXT
  5
6DC
330
D7
100
AcDbEntity
  8
0
 62
7
100
AcDbMText
 10
93.0
 20
-1548.5
 30
0.0
 40
4.0
 41
68.0
 71
4
  1
内装外墙 — 精装修外墙完成面
  7
DesignMate
  0
SOLID
  5
6DD
330
D7
100
AcDbEntity
  8
0
 62
149
100
AcDbTrace
 10
163.0
 20
-1545.0
 30
0.0
 11
173.0
 21
-1545.0
 31
0.0
 12
163.0
 22
-1552.0
 32
0.0
 13
173.0
 23
-1552.0
 33
0.0
  0
MTEXT
  5
6DE
330
D7
100
AcDbEntity
  8
0
 62
7
100
AcDbMText
 10
177.0
 20
-1548.5
 30
0.0
 40
4.0
 71
4
  1
149
  7
DesignMate
  0
MTEXT
  5
6DF
330
D7
100
AcDbEntity
  8
0
 62
7
100
AcDbMText
 10
190.0
 20
-1548.5
 30
0.0
 40
4.0
 71
4
  1
深青
  7
DesignMate
  0
MTEXT
  5
6E0
330
D7
100
AcDbEntity
  8
0
 62
7
100
AcDbMText
 10
218.0
 20
-1548.5
 30
0.0
 40
4.0
 71
4
  1
0.35
  7
DesignMate
  0
MTEXT
  5
6E1
330
D7
100
AcDbEntity
  8
0
 62
7
100
AcDbMText
 10
230.0
 20
-1548.5
 30
0.0
 40
4.0
 71
4
  1
实线
  7
DesignMate
  0
LWPOLYLINE
  5
6E2
330
D7
100
AcDbEntity
  8
D_130_I-WALL-EXTR
  6
Continuous
 62
149
100
AcDbPolyline
 90
2
 70
0
 43
0.35
 10
253.0
 20
-1548.5
 10
289.0
 20
-1548.5
  0
LWPOLYLINE
  5
6E3
330
D7
100
AcDbEntity
  8
0
 62
250
100
AcDbPolyline
 90
2
 70
0
 10
0.0
 20
-1554.0
 10
291.0
 20
-1554.0
  0
MTEXT
  5
6E4
330
D7
100
AcDbEntity
  8
0
 62
7
100
AcDbMText
 10
4.0
 20
-1559.5
 30
0.0
 40
4.0
 71
5
  1
131
  7
DesignMate
  0
MTEXT
  5
6E5
330
D7
100
AcDbEntity
  8
0
 62
7
100
AcDbMText
 10
14.0
 20
-1559.5
 30
0.0
 40
4.0
 71
5
  1
I
  7
DesignMate
  0
MTEXT
  5
6E6
330
D7
100
AcDbEntity
  8
0
 62
7
100
AcDbMText
 10
21.0
 20
-1559.5
 30
0.0
 40
4.0
 41
70.0
 71
4
  1
D_131_I-WALL-INTR
  7
DesignMate
  0
MTEXT
  5
6E7
330
D7
100
AcDbEntity
  8
0
 62
7
100
AcDbMText
 10
93.0
 20
-1559.5
 30
0.0
 40
4.0
 41
68.0
 71
4
  1
内装隔墙 — 轻钢龙骨/玻璃隔断
  7
DesignMate
  0
SOLID
  5
6E8
330
D7
100
AcDbEntity
  8
0
 62
160
100
AcDbTrace
 10
163.0
 20
-1556.0
 30
0.0
 11
173.0
 21
-1556.0
 31
0.0
 12
163.0
 22
-1563.0
 32
0.0
 13
173.0
 23
-1563.0
 33
0.0
  0
MTEXT
  5
6E9
330
D7
100
AcDbEntity
  8
0
 62
7
100
AcDbMText
 10
177.0
 20
-1559.5
 30
0.0
 40
4.0
 71
4
  1
160
  7
DesignMate
  0
MTEXT
  5
6EA
330
D7
100
AcDbEntity
  8
0
 62
7
100
AcDbMText
 10
190.0
 20
-1559.5
 30
0.0
 40
4.0
 71
4
  1
淡蓝紫
  7
DesignMate
  0
MTEXT
  5
6EB
330
D7
100
AcDbEntity
  8
0
 62
7
100
AcDbMText
 10
218.0
 20
-1559.5
 30
0.0
 40
4.0
 71
4
  1
0.25
  7
DesignMate
  0
MTEXT
  5
6EC
330
D7
100
AcDbEntity
  8
0
 62
7
100
AcDbMText
 10
230.0
 20
-1559.5
 30
0.0
 40
4.0
 71
4
  1
实线
  7
DesignMate
  0
LWPOLYLINE
  5
6ED
330
D7
100
AcDbEntity
  8
D_131_I-WALL-INTR
  6
Continuous
 62
160
100
AcDbPolyline
 90
2
 70
0
 43
0.25
 10
253.0
 20
-1559.5
 10
289.0
 20
-1559.5
  0
LWPOLYLINE
  5
6EE
330
D7
100
AcDbEntity
  8
0
 62
250
100
AcDbPolyline
 90
2
 70
0
 10
0.0
 20
-1565.0
 10
291.0
 20
-1565.0
  0
LWPOLYLINE
  5
6EF
330
D7
100
AcDbEntity
  8
0
 62
9
100
AcDbPolyline
 90
4
 70
1
 10
0.0
 20
-1565.0
 10
291.0
 20
-1565.0
 10
291.0
 20
-1576.0
 10
0.0
 20
-1576.0
  0
MTEXT
  5
6F0
330
D7
100
AcDbEntity
  8
0
 62
7
100
AcDbMText
 10
4.0
 20
-1570.5
 30
0.0
 40
4.0
 71
5
  1
132
  7
DesignMate
  0
MTEXT
  5
6F1
330
D7
100
AcDbEntity
  8
0
 62
7
100
AcDbMText
 10
14.0
 20
-1570.5
 30
0.0
 40
4.0
 71
5
  1
I
  7
DesignMate
  0
MTEXT
  5
6F2
330
D7
100
AcDbEntity
  8
0
 62
7
100
AcDbMText
 10
21.0
 20
-1570.5
 30
0.0
 40
4.0
 41
70.0
 71
4
  1
D_132_I-WALL-FURN
  7
DesignMate
  0
MTEXT
  5
6F3
330
D7
100
AcDbEntity
  8
0
 62
7
100
AcDbMText
 10
93.0
 20
-1570.5
 30
0.0
 40
4.0
 41
68.0
 71
4
  1
固定家具 — 嵌入式柜体/壁柜（虚线轮廓）
  7
DesignMate
  0
SOLID
  5
6F4
330
D7
100
AcDbEntity
  8
0
 62
171
100
AcDbTrace
 10
163.0
 20
-1567.0
 30
0.0
 11
173.0
 21
-1567.0
 31
0.0
 12
163.0
 22
-1574.0
 32
0.0
 13
173.0
 23
-1574.0
 33
0.0
  0
MTEXT
  5
6F5
330
D7
100
AcDbEntity
  8
0
 62
7
100
AcDbMText
 10
177.0
 20
-1570.5
 30
0.0
 40
4.0
 71
4
  1
171
  7
DesignMate
  0
MTEXT
  5
6F6
330
D7
100
AcDbEntity
  8
0
 62
7
100
AcDbMText
 10
190.0
 20
-1570.5
 30
0.0
 40
4.0
 71
4
  1
淡蓝紫
  7
DesignMate
  0
MTEXT
  5
6F7
330
D7
100
AcDbEntity
  8
0
 62
7
100
AcDbMText
 10
218.0
 20
-1570.5
 30
0.0
 40
4.0
 71
4
  1
0.15
  7
DesignMate
  0
MTEXT
  5
6F8
330
D7
100
AcDbEntity
  8
0
 62
7
100
AcDbMText
 10
230.0
 20
-1570.5
 30
0.0
 40
4.0
 71
4
  1
虚线
  7
DesignMate
  0
LWPOLYLINE
  5
6F9
330
D7
100
AcDbEntity
  8
D_132_I-WALL-FURN
  6
Dashed
 62
171
100
AcDbPolyline
 90
2
 70
0
 43
0.15
 10
253.0
 20
-1570.5
 10
289.0
 20
-1570.5
  0
LWPOLYLINE
  5
6FA
330
D7
100
AcDbEntity
  8
0
 62
250
100
AcDbPolyline
 90
2
 70
0
 10
0.0
 20
-1576.0
 10
291.0
 20
-1576.0
  0
MTEXT
  5
6FB
330
D7
100
AcDbEntity
  8
0
 62
7
100
AcDbMText
 10
4.0
 20
-1581.5
 30
0.0
 40
4.0
 71
5
  1
133
  7
DesignMate
  0
MTEXT
  5
6FC
330
D7
100
AcDbEntity
  8
0
 62
7
100
AcDbMText
 10
14.0
 20
-1581.5
 30
0.0
 40
4.0
 71
5
  1
I
  7
DesignMate
  0
MTEXT
  5
6FD
330
D7
100
AcDbEntity
  8
0
 62
7
100
AcDbMText
 10
21.0
 20
-1581.5
 30
0.0
 40
4.0
 41
70.0
 71
4
  1
D_133_I-FLOR-FINSH
  7
DesignMate
  0
MTEXT
  5
6FE
330
D7
100
AcDbEntity
  8
0
 62
7
100
AcDbMText
 10
93.0
 20
-1581.5
 30
0.0
 40
4.0
 41
68.0
 71
4
  1
地面完成面 — 地砖/地板/地毯（区分结构）
  7
DesignMate
  0
SOLID
  5
6FF
330
D7
100
AcDbEntity
  8
0
 62
182
100
AcDbTrace
 10
163.0
 20
-1578.0
 30
0.0
 11
173.0
 21
-1578.0
 31
0.0
 12
163.0
 22
-1585.0
 32
0.0
 13
173.0
 23
-1585.0
 33
0.0
  0
MTEXT
  5
700
330
D7
100
AcDbEntity
  8
0
 62
7
100
AcDbMText
 10
177.0
 20
-1581.5
 30
0.0
 40
4.0
 71
4
  1
182
  7
DesignMate
  0
MTEXT
  5
701
330
D7
100
AcDbEntity
  8
0
 62
7
100
AcDbMText
 10
190.0
 20
-1581.5
 30
0.0
 40
4.0
 71
4
  1
紫
  7
DesignMate
  0
MTEXT
  5
702
330
D7
100
AcDbEntity
  8
0
 62
7
100
AcDbMText
 10
218.0
 20
-1581.5
 30
0.0
 40
4.0
 71
4
  1
0.25
  7
DesignMate
  0
MTEXT
  5
703
330
D7
100
AcDbEntity
  8
0
 62
7
100
AcDbMText
 10
230.0
 20
-1581.5
 30
0.0
 40
4.0
 71
4
  1
虚线
  7
DesignMate
  0
LWPOLYLINE
  5
704
330
D7
100
AcDbEntity
  8
D_133_I-FLOR-FINSH
  6
Dashed
 62
182
100
AcDbPolyline
 90
2
 70
0
 43
0.25
 10
253.0
 20
-1581.5
 10
289.0
 20
-1581.5
  0
LWPOLYLINE
  5
705
330
D7
100
AcDbEntity
  8
0
 62
250
100
AcDbPolyline
 90
2
 70
0
 10
0.0
 20
-1587.0
 10
291.0
 20
-1587.0
  0
LWPOLYLINE
  5
706
330
D7
100
AcDbEntity
  8
0
 62
9
100
AcDbPolyline
 90
4
 70
1
 10
0.0
 20
-1587.0
 10
291.0
 20
-1587.0
 10
291.0
 20
-1598.0
 10
0.0
 20
-1598.0
  0
MTEXT
  5
707
330
D7
100
AcDbEntity
  8
0
 62
7
100
AcDbMText
 10
4.0
 20
-1592.5
 30
0.0
 40
4.0
 71
5
  1
134
  7
DesignMate
  0
MTEXT
  5
708
330
D7
100
AcDbEntity
  8
0
 62
7
100
AcDbMText
 10
14.0
 20
-1592.5
 30
0.0
 40
4.0
 71
5
  1
I
  7
DesignMate
  0
MTEXT
  5
709
330
D7
100
AcDbEntity
  8
0
 62
7
100
AcDbMText
 10
21.0
 20
-1592.5
 30
0.0
 40
4.0
 41
70.0
 71
4
  1
D_134_I-FLOR-PATT
  7
DesignMate
  0
MTEXT
  5
70A
330
D7
100
AcDbEntity
  8
0
 62
7
100
AcDbMText
 10
93.0
 20
-1592.5
 30
0.0
 40
4.0
 41
68.0
 71
4
  1
地面图案 — 拼花/波打线
  7
DesignMate
  0
SOLID
  5
70B
330
D7
100
AcDbEntity
  8
0
 62
193
100
AcDbTrace
 10
163.0
 20
-1589.0
 30
0.0
 11
173.0
 21
-1589.0
 31
0.0
 12
163.0
 22
-1596.0
 32
0.0
 13
173.0
 23
-1596.0
 33
0.0
  0
MTEXT
  5
70C
330
D7
100
AcDbEntity
  8
0
 62
7
100
AcDbMText
 10
177.0
 20
-1592.5
 30
0.0
 40
4.0
 71
4
  1
193
  7
DesignMate
  0
MTEXT
  5
70D
330
D7
100
AcDbEntity
  8
0
 62
7
100
AcDbMText
 10
190.0
 20
-1592.5
 30
0.0
 40
4.0
 71
4
  1
紫
  7
DesignMate
  0
MTEXT
  5
70E
330
D7
100
AcDbEntity
  8
0
 62
7
100
AcDbMText
 10
218.0
 20
-1592.5
 30
0.0
 40
4.0
 71
4
  1
0.15
  7
DesignMate
  0
MTEXT
  5
70F
330
D7
100
AcDbEntity
  8
0
 62
7
100
AcDbMText
 10
230.0
 20
-1592.5
 30
0.0
 40
4.0
 71
4
  1
实线
  7
DesignMate
  0
LWPOLYLINE
  5
710
330
D7
100
AcDbEntity
  8
D_134_I-FLOR-PATT
  6
Continuous
 62
193
100
AcDbPolyline
 90
2
 70
0
 43
0.15
 10
253.0
 20
-1592.5
 10
289.0
 20
-1592.5
  0
LWPOLYLINE
  5
711
330
D7
100
AcDbEntity
  8
0
 62
250
100
AcDbPolyline
 90
2
 70
0
 10
0.0
 20
-1598.0
 10
291.0
 20
-1598.0
  0
MTEXT
  5
712
330
D7
100
AcDbEntity
  8
0
 62
7
100
AcDbMText
 10
4.0
 20
-1603.5
 30
0.0
 40
4.0
 71
5
  1
135
  7
DesignMate
  0
MTEXT
  5
713
330
D7
100
AcDbEntity
  8
0
 62
7
100
AcDbMText
 10
14.0
 20
-1603.5
 30
0.0
 40
4.0
 71
5
  1
I
  7
DesignMate
  0
MTEXT
  5
714
330
D7
100
AcDbEntity
  8
0
 62
7
100
AcDbMText
 10
21.0
 20
-1603.5
 30
0.0
 40
4.0
 41
70.0
 71
4
  1
D_135_I-CLNG-FINSH
  7
DesignMate
  0
MTEXT
  5
715
330
D7
100
AcDbEntity
  8
0
 62
7
100
AcDbMText
 10
93.0
 20
-1603.5
 30
0.0
 40
4.0
 41
68.0
 71
4
  1
天花完成面 — 石膏板/矿棉板/金属（上方虚线）
  7
DesignMate
  0
SOLID
  5
716
330
D7
100
AcDbEntity
  8
0
 62
204
100
AcDbTrace
 10
163.0
 20
-1600.0
 30
0.0
 11
173.0
 21
-1600.0
 31
0.0
 12
163.0
 22
-1607.0
 32
0.0
 13
173.0
 23
-1607.0
 33
0.0
  0
MTEXT
  5
717
330
D7
100
AcDbEntity
  8
0
 62
7
100
AcDbMText
 10
177.0
 20
-1603.5
 30
0.0
 40
4.0
 71
4
  1
204
  7
DesignMate
  0
MTEXT
  5
718
330
D7
100
AcDbEntity
  8
0
 62
7
100
AcDbMText
 10
190.0
 20
-1603.5
 30
0.0
 40
4.0
 71
4
  1
品红
  7
DesignMate
  0
MTEXT
  5
719
330
D7
100
AcDbEntity
  8
0
 62
7
100
AcDbMText
 10
218.0
 20
-1603.5
 30
0.0
 40
4.0
 71
4
  1
0.25
  7
DesignMate
  0
MTEXT
  5
71A
330
D7
100
AcDbEntity
  8
0
 62
7
100
AcDbMText
 10
230.0
 20
-1603.5
 30
0.0
 40
4.0
 71
4
  1
虚线
  7
DesignMate
  0
LWPOLYLINE
  5
71B
330
D7
100
AcDbEntity
  8
D_135_I-CLNG-FINSH
  6
Dashed
 62
204
100
AcDbPolyline
 90
2
 70
0
 43
0.25
 10
253.0
 20
-1603.5
 10
289.0
 20
-1603.5
  0
LWPOLYLINE
  5
71C
330
D7
100
AcDbEntity
  8
0
 62
250
100
AcDbPolyline
 90
2
 70
0
 10
0.0
 20
-1609.0
 10
291.0
 20
-1609.0
  0
LWPOLYLINE
  5
71D
330
D7
100
AcDbEntity
  8
0
 62
9
100
AcDbPolyline
 90
4
 70
1
 10
0.0
 20
-1609.0
 10
291.0
 20
-1609.0
 10
291.0
 20
-1620.0
 10
0.0
 20
-1620.0
  0
MTEXT
  5
71E
330
D7
100
AcDbEntity
  8
0
 62
7
100
AcDbMText
 10
4.0
 20
-1614.5
 30
0.0
 40
4.0
 71
5
  1
136
  7
DesignMate
  0
MTEXT
  5
71F
330
D7
100
AcDbEntity
  8
0
 62
7
100
AcDbMText
 10
14.0
 20
-1614.5
 30
0.0
 40
4.0
 71
5
  1
I
  7
DesignMate
  0
MTEXT
  5
720
330
D7
100
AcDbEntity
  8
0
 62
7
100
AcDbMText
 10
21.0
 20
-1614.5
 30
0.0
 40
4.0
 41
70.0
 71
4
  1
D_136_I-CLNG-GRID
  7
DesignMate
  0
MTEXT
  5
721
330
D7
100
AcDbEntity
  8
0
 62
7
100
AcDbMText
 10
93.0
 20
-1614.5
 30
0.0
 40
4.0
 41
68.0
 71
4
  1
天花龙骨 — 吊顶龙骨网格中心线
  7
DesignMate
  0
SOLID
  5
722
330
D7
100
AcDbEntity
  8
0
 62
215
100
AcDbTrace
 10
163.0
 20
-1611.0
 30
0.0
 11
173.0
 21
-1611.0
 31
0.0
 12
163.0
 22
-1618.0
 32
0.0
 13
173.0
 23
-1618.0
 33
0.0
  0
MTEXT
  5
723
330
D7
100
AcDbEntity
  8
0
 62
7
100
AcDbMText
 10
177.0
 20
-1614.5
 30
0.0
 40
4.0
 71
4
  1
215
  7
DesignMate
  0
MTEXT
  5
724
330
D7
100
AcDbEntity
  8
0
 62
7
100
AcDbMText
 10
190.0
 20
-1614.5
 30
0.0
 40
4.0
 71
4
  1
品红
  7
DesignMate
  0
MTEXT
  5
725
330
D7
100
AcDbEntity
  8
0
 62
7
100
AcDbMText
 10
218.0
 20
-1614.5
 30
0.0
 40
4.0
 71
4
  1
0.15
  7
DesignMate
  0
MTEXT
  5
726
330
D7
100
AcDbEntity
  8
0
 62
7
100
AcDbMText
 10
230.0
 20
-1614.5
 30
0.0
 40
4.0
 71
4
  1
中心线
  7
DesignMate
  0
LWPOLYLINE
  5
727
330
D7
100
AcDbEntity
  8
D_136_I-CLNG-GRID
  6
Center
 62
215
100
AcDbPolyline
 90
2
 70
0
 43
0.15
 10
253.0
 20
-1614.5
 10
289.0
 20
-1614.5
  0
LWPOLYLINE
  5
728
330
D7
100
AcDbEntity
  8
0
 62
250
100
AcDbPolyline
 90
2
 70
0
 10
0.0
 20
-1620.0
 10
291.0
 20
-1620.0
  0
MTEXT
  5
729
330
D7
100
AcDbEntity
  8
0
 62
7
100
AcDbMText
 10
4.0
 20
-1625.5
 30
0.0
 40
4.0
 71
5
  1
137
  7
DesignMate
  0
MTEXT
  5
72A
330
D7
100
AcDbEntity
  8
0
 62
7
100
AcDbMText
 10
14.0
 20
-1625.5
 30
0.0
 40
4.0
 71
5
  1
I
  7
DesignMate
  0
MTEXT
  5
72B
330
D7
100
AcDbEntity
  8
0
 62
7
100
AcDbMText
 10
21.0
 20
-1625.5
 30
0.0
 40
4.0
 41
70.0
 71
4
  1
D_137_I-WALL-FINSH
  7
DesignMate
  0
MTEXT
  5
72C
330
D7
100
AcDbEntity
  8
0
 62
7
100
AcDbMText
 10
93.0
 20
-1625.5
 30
0.0
 40
4.0
 41
68.0
 71
4
  1
墙面完成面 — 涂料/壁纸/饰面板
  7
DesignMate
  0
SOLID
  5
72D
330
D7
100
AcDbEntity
  8
0
 62
226
100
AcDbTrace
 10
163.0
 20
-1622.0
 30
0.0
 11
173.0
 21
-1622.0
 31
0.0
 12
163.0
 22
-1629.0
 32
0.0
 13
173.0
 23
-1629.0
 33
0.0
  0
MTEXT
  5
72E
330
D7
100
AcDbEntity
  8
0
 62
7
100
AcDbMText
 10
177.0
 20
-1625.5
 30
0.0
 40
4.0
 71
4
  1
226
  7
DesignMate
  0
MTEXT
  5
72F
330
D7
100
AcDbEntity
  8
0
 62
7
100
AcDbMText
 10
190.0
 20
-1625.5
 30
0.0
 40
4.0
 71
4
  1
深品红
  7
DesignMate
  0
MTEXT
  5
730
330
D7
100
AcDbEntity
  8
0
 62
7
100
AcDbMText
 10
218.0
 20
-1625.5
 30
0.0
 40
4.0
 71
4
  1
0.25
  7
DesignMate
  0
MTEXT
  5
731
330
D7
100
AcDbEntity
  8
0
 62
7
100
AcDbMText
 10
230.0
 20
-1625.5
 30
0.0
 40
4.0
 71
4
  1
实线
  7
DesignMate
  0
LWPOLYLINE
  5
732
330
D7
100
AcDbEntity
  8
D_137_I-WALL-FINSH
  6
Continuous
 62
226
100
AcDbPolyline
 90
2
 70
0
 43
0.25
 10
253.0
 20
-1625.5
 10
289.0
 20
-1625.5
  0
LWPOLYLINE
  5
733
330
D7
100
AcDbEntity
  8
0
 62
250
100
AcDbPolyline
 90
2
 70
0
 10
0.0
 20
-1631.0
 10
291.0
 20
-1631.0
  0
LWPOLYLINE
  5
734
330
D7
100
AcDbEntity
  8
0
 62
9
100
AcDbPolyline
 90
4
 70
1
 10
0.0
 20
-1631.0
 10
291.0
 20
-1631.0
 10
291.0
 20
-1642.0
 10
0.0
 20
-1642.0
  0
MTEXT
  5
735
330
D7
100
AcDbEntity
  8
0
 62
7
100
AcDbMText
 10
4.0
 20
-1636.5
 30
0.0
 40
4.0
 71
5
  1
138
  7
DesignMate
  0
MTEXT
  5
736
330
D7
100
AcDbEntity
  8
0
 62
7
100
AcDbMText
 10
14.0
 20
-1636.5
 30
0.0
 40
4.0
 71
5
  1
I
  7
DesignMate
  0
MTEXT
  5
737
330
D7
100
AcDbEntity
  8
0
 62
7
100
AcDbMText
 10
21.0
 20
-1636.5
 30
0.0
 40
4.0
 41
70.0
 71
4
  1
D_138_I-FURN-CASE
  7
DesignMate
  0
MTEXT
  5
738
330
D7
100
AcDbEntity
  8
0
 62
7
100
AcDbMText
 10
93.0
 20
-1636.5
 30
0.0
 40
4.0
 41
68.0
 71
4
  1
收纳柜体 — 衣柜/储物柜
  7
DesignMate
  0
SOLID
  5
739
330
D7
100
AcDbEntity
  8
0
 62
237
100
AcDbTrace
 10
163.0
 20
-1633.0
 30
0.0
 11
173.0
 21
-1633.0
 31
0.0
 12
163.0
 22
-1640.0
 32
0.0
 13
173.0
 23
-1640.0
 33
0.0
  0
MTEXT
  5
73A
330
D7
100
AcDbEntity
  8
0
 62
7
100
AcDbMText
 10
177.0
 20
-1636.5
 30
0.0
 40
4.0
 71
4
  1
237
  7
DesignMate
  0
MTEXT
  5
73B
330
D7
100
AcDbEntity
  8
0
 62
7
100
AcDbMText
 10
190.0
 20
-1636.5
 30
0.0
 40
4.0
 71
4
  1
深粉红
  7
DesignMate
  0
MTEXT
  5
73C
330
D7
100
AcDbEntity
  8
0
 62
7
100
AcDbMText
 10
218.0
 20
-1636.5
 30
0.0
 40
4.0
 71
4
  1
0.25
  7
DesignMate
  0
MTEXT
  5
73D
330
D7
100
AcDbEntity
  8
0
 62
7
100
AcDbMText
 10
230.0
 20
-1636.5
 30
0.0
 40
4.0
 71
4
  1
实线
  7
DesignMate
  0
LWPOLYLINE
  5
73E
330
D7
100
AcDbEntity
  8
D_138_I-FURN-CASE
  6
Continuous
 62
237
100
AcDbPolyline
 90
2
 70
0
 43
0.25
 10
253.0
 20
-1636.5
 10
289.0
 20
-1636.5
  0
LWPOLYLINE
  5
73F
330
D7
100
AcDbEntity
  8
0
 62
250
100
AcDbPolyline
 90
2
 70
0
 10
0.0
 20
-1642.0
 10
291.0
 20
-1642.0
  0
MTEXT
  5
740
330
D7
100
AcDbEntity
  8
0
 62
7
100
AcDbMText
 10
4.0
 20
-1647.5
 30
0.0
 40
4.0
 71
5
  1
139
  7
DesignMate
  0
MTEXT
  5
741
330
D7
100
AcDbEntity
  8
0
 62
7
100
AcDbMText
 10
14.0
 20
-1647.5
 30
0.0
 40
4.0
 71
5
  1
I
  7
DesignMate
  0
MTEXT
  5
742
330
D7
100
AcDbEntity
  8
0
 62
7
100
AcDbMText
 10
21.0
 20
-1647.5
 30
0.0
 40
4.0
 41
70.0
 71
4
  1
D_139_I-FURN-FREE
  7
DesignMate
  0
MTEXT
  5
743
330
D7
100
AcDbEntity
  8
0
 62
7
100
AcDbMText
 10
93.0
 20
-1647.5
 30
0.0
 40
4.0
 41
68.0
 71
4
  1
活动家具 — 沙发/茶几
  7
DesignMate
  0
SOLID
  5
744
330
D7
100
AcDbEntity
  8
0
 62
248
100
AcDbTrace
 10
163.0
 20
-1644.0
 30
0.0
 11
173.0
 21
-1644.0
 31
0.0
 12
163.0
 22
-1651.0
 32
0.0
 13
173.0
 23
-1651.0
 33
0.0
  0
MTEXT
  5
745
330
D7
100
AcDbEntity
  8
0
 62
7
100
AcDbMText
 10
177.0
 20
-1647.5
 30
0.0
 40
4.0
 71
4
  1
248
  7
DesignMate
  0
MTEXT
  5
746
330
D7
100
AcDbEntity
  8
0
 62
7
100
AcDbMText
 10
190.0
 20
-1647.5
 30
0.0
 40
4.0
 71
4
  1
暗玫红
  7
DesignMate
  0
MTEXT
  5
747
330
D7
100
AcDbEntity
  8
0
 62
7
100
AcDbMText
 10
218.0
 20
-1647.5
 30
0.0
 40
4.0
 71
4
  1
0.25
  7
DesignMate
  0
MTEXT
  5
748
330
D7
100
AcDbEntity
  8
0
 62
7
100
AcDbMText
 10
230.0
 20
-1647.5
 30
0.0
 40
4.0
 71
4
  1
实线
  7
DesignMate
  0
LWPOLYLINE
  5
749
330
D7
100
AcDbEntity
  8
D_139_I-FURN-FREE
  6
Continuous
 62
248
100
AcDbPolyline
 90
2
 70
0
 43
0.25
 10
253.0
 20
-1647.5
 10
289.0
 20
-1647.5
  0
LWPOLYLINE
  5
74A
330
D7
100
AcDbEntity
  8
0
 62
250
100
AcDbPolyline
 90
2
 70
0
 10
0.0
 20
-1653.0
 10
291.0
 20
-1653.0
  0
LWPOLYLINE
  5
74B
330
D7
100
AcDbEntity
  8
0
 62
9
100
AcDbPolyline
 90
4
 70
1
 10
0.0
 20
-1653.0
 10
291.0
 20
-1653.0
 10
291.0
 20
-1664.0
 10
0.0
 20
-1664.0
  0
MTEXT
  5
74C
330
D7
100
AcDbEntity
  8
0
 62
7
100
AcDbMText
 10
4.0
 20
-1658.5
 30
0.0
 40
4.0
 71
5
  1
140
  7
DesignMate
  0
MTEXT
  5
74D
330
D7
100
AcDbEntity
  8
0
 62
7
100
AcDbMText
 10
14.0
 20
-1658.5
 30
0.0
 40
4.0
 71
5
  1
I
  7
DesignMate
  0
MTEXT
  5
74E
330
D7
100
AcDbEntity
  8
0
 62
7
100
AcDbMText
 10
21.0
 20
-1658.5
 30
0.0
 40
4.0
 41
70.0
 71
4
  1
D_140_I-FURN-SEAT
  7
DesignMate
  0
MTEXT
  5
74F
330
D7
100
AcDbEntity
  8
0
 62
7
100
AcDbMText
 10
93.0
 20
-1658.5
 30
0.0
 40
4.0
 41
68.0
 71
4
  1
座椅 — 餐椅/办公椅
  7
DesignMate
  0
SOLID
  5
750
330
D7
100
AcDbEntity
  8
0
 62
7
100
AcDbTrace
 10
163.0
 20
-1655.0
 30
0.0
 11
173.0
 21
-1655.0
 31
0.0
 12
163.0
 22
-1662.0
 32
0.0
 13
173.0
 23
-1662.0
 33
0.0
  0
MTEXT
  5
751
330
D7
100
AcDbEntity
  8
0
 62
7
100
AcDbMText
 10
177.0
 20
-1658.5
 30
0.0
 40
4.0
 71
4
  1
7
  7
DesignMate
  0
MTEXT
  5
752
330
D7
100
AcDbEntity
  8
0
 62
7
100
AcDbMText
 10
190.0
 20
-1658.5
 30
0.0
 40
4.0
 71
4
  1
白
  7
DesignMate
  0
MTEXT
  5
753
330
D7
100
AcDbEntity
  8
0
 62
7
100
AcDbMText
 10
218.0
 20
-1658.5
 30
0.0
 40
4.0
 71
4
  1
0.15
  7
DesignMate
  0
MTEXT
  5
754
330
D7
100
AcDbEntity
  8
0
 62
7
100
AcDbMText
 10
230.0
 20
-1658.5
 30
0.0
 40
4.0
 71
4
  1
实线
  7
DesignMate
  0
LWPOLYLINE
  5
755
330
D7
100
AcDbEntity
  8
D_140_I-FURN-SEAT
  6
Continuous
 62
7
100
AcDbPolyline
 90
2
 70
0
 43
0.15
 10
253.0
 20
-1658.5
 10
289.0
 20
-1658.5
  0
LWPOLYLINE
  5
756
330
D7
100
AcDbEntity
  8
0
 62
250
100
AcDbPolyline
 90
2
 70
0
 10
0.0
 20
-1664.0
 10
291.0
 20
-1664.0
  0
MTEXT
  5
757
330
D7
100
AcDbEntity
  8
0
 62
7
100
AcDbMText
 10
4.0
 20
-1669.5
 30
0.0
 40
4.0
 71
5
  1
141
  7
DesignMate
  0
MTEXT
  5
758
330
D7
100
AcDbEntity
  8
0
 62
7
100
AcDbMText
 10
14.0
 20
-1669.5
 30
0.0
 40
4.0
 71
5
  1
I
  7
DesignMate
  0
MTEXT
  5
759
330
D7
100
AcDbEntity
  8
0
 62
7
100
AcDbMText
 10
21.0
 20
-1669.5
 30
0.0
 40
4.0
 41
70.0
 71
4
  1
D_141_I-FURN-BED
  7
DesignMate
  0
MTEXT
  5
75A
330
D7
100
AcDbEntity
  8
0
 62
7
100
AcDbMText
 10
93.0
 20
-1669.5
 30
0.0
 40
4.0
 41
68.0
 71
4
  1
床具 — 床架/床头柜
  7
DesignMate
  0
SOLID
  5
75B
330
D7
100
AcDbEntity
  8
0
 62
18
100
AcDbTrace
 10
163.0
 20
-1666.0
 30
0.0
 11
173.0
 21
-1666.0
 31
0.0
 12
163.0
 22
-1673.0
 32
0.0
 13
173.0
 23
-1673.0
 33
0.0
  0
MTEXT
  5
75C
330
D7
100
AcDbEntity
  8
0
 62
7
100
AcDbMText
 10
177.0
 20
-1669.5
 30
0.0
 40
4.0
 71
4
  1
18
  7
DesignMate
  0
MTEXT
  5
75D
330
D7
100
AcDbEntity
  8
0
 62
7
100
AcDbMText
 10
190.0
 20
-1669.5
 30
0.0
 40
4.0
 71
4
  1
暗红
  7
DesignMate
  0
MTEXT
  5
75E
330
D7
100
AcDbEntity
  8
0
 62
7
100
AcDbMText
 10
218.0
 20
-1669.5
 30
0.0
 40
4.0
 71
4
  1
0.15
  7
DesignMate
  0
MTEXT
  5
75F
330
D7
100
AcDbEntity
  8
0
 62
7
100
AcDbMText
 10
230.0
 20
-1669.5
 30
0.0
 40
4.0
 71
4
  1
实线
  7
DesignMate
  0
LWPOLYLINE
  5
760
330
D7
100
AcDbEntity
  8
D_141_I-FURN-BED
  6
Continuous
 62
18
100
AcDbPolyline
 90
2
 70
0
 43
0.15
 10
253.0
 20
-1669.5
 10
289.0
 20
-1669.5
  0
LWPOLYLINE
  5
761
330
D7
100
AcDbEntity
  8
0
 62
250
100
AcDbPolyline
 90
2
 70
0
 10
0.0
 20
-1675.0
 10
291.0
 20
-1675.0
  0
LWPOLYLINE
  5
762
330
D7
100
AcDbEntity
  8
0
 62
9
100
AcDbPolyline
 90
4
 70
1
 10
0.0
 20
-1675.0
 10
291.0
 20
-1675.0
 10
291.0
 20
-1686.0
 10
0.0
 20
-1686.0
  0
MTEXT
  5
763
330
D7
100
AcDbEntity
  8
0
 62
7
100
AcDbMText
 10
4.0
 20
-1680.5
 30
0.0
 40
4.0
 71
5
  1
142
  7
DesignMate
  0
MTEXT
  5
764
330
D7
100
AcDbEntity
  8
0
 62
7
100
AcDbMText
 10
14.0
 20
-1680.5
 30
0.0
 40
4.0
 71
5
  1
I
  7
DesignMate
  0
MTEXT
  5
765
330
D7
100
AcDbEntity
  8
0
 62
7
100
AcDbMText
 10
21.0
 20
-1680.5
 30
0.0
 40
4.0
 41
70.0
 71
4
  1
D_142_I-FURN-DESK
  7
DesignMate
  0
MTEXT
  5
766
330
D7
100
AcDbEntity
  8
0
 62
7
100
AcDbMText
 10
93.0
 20
-1680.5
 30
0.0
 40
4.0
 41
68.0
 71
4
  1
桌台 — 书桌/餐桌/吧台
  7
DesignMate
  0
SOLID
  5
767
330
D7
100
AcDbEntity
  8
0
 62
29
100
AcDbTrace
 10
163.0
 20
-1677.0
 30
0.0
 11
173.0
 21
-1677.0
 31
0.0
 12
163.0
 22
-1684.0
 32
0.0
 13
173.0
 23
-1684.0
 33
0.0
  0
MTEXT
  5
768
330
D7
100
AcDbEntity
  8
0
 62
7
100
AcDbMText
 10
177.0
 20
-1680.5
 30
0.0
 40
4.0
 71
4
  1
29
  7
DesignMate
  0
MTEXT
  5
769
330
D7
100
AcDbEntity
  8
0
 62
7
100
AcDbMText
 10
190.0
 20
-1680.5
 30
0.0
 40
4.0
 71
4
  1
暗红
  7
DesignMate
  0
MTEXT
  5
76A
330
D7
100
AcDbEntity
  8
0
 62
7
100
AcDbMText
 10
218.0
 20
-1680.5
 30
0.0
 40
4.0
 71
4
  1
0.15
  7
DesignMate
  0
MTEXT
  5
76B
330
D7
100
AcDbEntity
  8
0
 62
7
100
AcDbMText
 10
230.0
 20
-1680.5
 30
0.0
 40
4.0
 71
4
  1
实线
  7
DesignMate
  0
LWPOLYLINE
  5
76C
330
D7
100
AcDbEntity
  8
D_142_I-FURN-DESK
  6
Continuous
 62
29
100
AcDbPolyline
 90
2
 70
0
 43
0.15
 10
253.0
 20
-1680.5
 10
289.0
 20
-1680.5
  0
LWPOLYLINE
  5
76D
330
D7
100
AcDbEntity
  8
0
 62
250
100
AcDbPolyline
 90
2
 70
0
 10
0.0
 20
-1686.0
 10
291.0
 20
-1686.0
  0
MTEXT
  5
76E
330
D7
100
AcDbEntity
  8
0
 62
7
100
AcDbMText
 10
4.0
 20
-1691.5
 30
0.0
 40
4.0
 71
5
  1
143
  7
DesignMate
  0
MTEXT
  5
76F
330
D7
100
AcDbEntity
  8
0
 62
7
100
AcDbMText
 10
14.0
 20
-1691.5
 30
0.0
 40
4.0
 71
5
  1
I
  7
DesignMate
  0
MTEXT
  5
770
330
D7
100
AcDbEntity
  8
0
 62
7
100
AcDbMText
 10
21.0
 20
-1691.5
 30
0.0
 40
4.0
 41
70.0
 71
4
  1
D_143_I-FIXT
  7
DesignMate
  0
MTEXT
  5
771
330
D7
100
AcDbEntity
  8
0
 62
7
100
AcDbMText
 10
93.0
 20
-1691.5
 30
0.0
 40
4.0
 41
68.0
 71
4
  1
固定装置 — 卫浴五金/扶手/挂钩
  7
DesignMate
  0
SOLID
  5
772
330
D7
100
AcDbEntity
  8
0
 62
40
100
AcDbTrace
 10
163.0
 20
-1688.0
 30
0.0
 11
173.0
 21
-1688.0
 31
0.0
 12
163.0
 22
-1695.0
 32
0.0
 13
173.0
 23
-1695.0
 33
0.0
  0
MTEXT
  5
773
330
D7
100
AcDbEntity
  8
0
 62
7
100
AcDbMText
 10
177.0
 20
-1691.5
 30
0.0
 40
4.0
 71
4
  1
40
  7
DesignMate
  0
MTEXT
  5
774
330
D7
100
AcDbEntity
  8
0
 62
7
100
AcDbMText
 10
190.0
 20
-1691.5
 30
0.0
 40
4.0
 71
4
  1
淡橙
  7
DesignMate
  0
MTEXT
  5
775
330
D7
100
AcDbEntity
  8
0
 62
7
100
AcDbMText
 10
218.0
 20
-1691.5
 30
0.0
 40
4.0
 71
4
  1
0.25
  7
DesignMate
  0
MTEXT
  5
776
330
D7
100
AcDbEntity
  8
0
 62
7
100
AcDbMText
 10
230.0
 20
-1691.5
 30
0.0
 40
4.0
 71
4
  1
实线
  7
DesignMate
  0
LWPOLYLINE
  5
777
330
D7
100
AcDbEntity
  8
D_143_I-FIXT
  6
Continuous
 62
40
100
AcDbPolyline
 90
2
 70
0
 43
0.25
 10
253.0
 20
-1691.5
 10
289.0
 20
-1691.5
  0
LWPOLYLINE
  5
778
330
D7
100
AcDbEntity
  8
0
 62
250
100
AcDbPolyline
 90
2
 70
0
 10
0.0
 20
-1697.0
 10
291.0
 20
-1697.0
  0
LWPOLYLINE
  5
779
330
D7
100
AcDbEntity
  8
0
 62
9
100
AcDbPolyline
 90
4
 70
1
 10
0.0
 20
-1697.0
 10
291.0
 20
-1697.0
 10
291.0
 20
-1708.0
 10
0.0
 20
-1708.0
  0
MTEXT
  5
77A
330
D7
100
AcDbEntity
  8
0
 62
7
100
AcDbMText
 10
4.0
 20
-1702.5
 30
0.0
 40
4.0
 71
5
  1
144
  7
DesignMate
  0
MTEXT
  5
77B
330
D7
100
AcDbEntity
  8
0
 62
7
100
AcDbMText
 10
14.0
 20
-1702.5
 30
0.0
 40
4.0
 71
5
  1
I
  7
DesignMate
  0
MTEXT
  5
77C
330
D7
100
AcDbEntity
  8
0
 62
7
100
AcDbMText
 10
21.0
 20
-1702.5
 30
0.0
 40
4.0
 41
70.0
 71
4
  1
D_144_I-EQPM
  7
DesignMate
  0
MTEXT
  5
77D
330
D7
100
AcDbEntity
  8
0
 62
7
100
AcDbMText
 10
93.0
 20
-1702.5
 30
0.0
 40
4.0
 41
68.0
 71
4
  1
设备 — 冰箱/洗衣机/烤箱
  7
DesignMate
  0
SOLID
  5
77E
330
D7
100
AcDbEntity
  8
0
 62
51
100
AcDbTrace
 10
163.0
 20
-1699.0
 30
0.0
 11
173.0
 21
-1699.0
 31
0.0
 12
163.0
 22
-1706.0
 32
0.0
 13
173.0
 23
-1706.0
 33
0.0
  0
MTEXT
  5
77F
330
D7
100
AcDbEntity
  8
0
 62
7
100
AcDbMText
 10
177.0
 20
-1702.5
 30
0.0
 40
4.0
 71
4
  1
51
  7
DesignMate
  0
MTEXT
  5
780
330
D7
100
AcDbEntity
  8
0
 62
7
100
AcDbMText
 10
190.0
 20
-1702.5
 30
0.0
 40
4.0
 71
4
  1
淡黄
  7
DesignMate
  0
MTEXT
  5
781
330
D7
100
AcDbEntity
  8
0
 62
7
100
AcDbMText
 10
218.0
 20
-1702.5
 30
0.0
 40
4.0
 71
4
  1
0.25
  7
DesignMate
  0
MTEXT
  5
782
330
D7
100
AcDbEntity
  8
0
 62
7
100
AcDbMText
 10
230.0
 20
-1702.5
 30
0.0
 40
4.0
 71
4
  1
实线
  7
DesignMate
  0
LWPOLYLINE
  5
783
330
D7
100
AcDbEntity
  8
D_144_I-EQPM
  6
Continuous
 62
51
100
AcDbPolyline
 90
2
 70
0
 43
0.25
 10
253.0
 20
-1702.5
 10
289.0
 20
-1702.5
  0
LWPOLYLINE
  5
784
330
D7
100
AcDbEntity
  8
0
 62
250
100
AcDbPolyline
 90
2
 70
0
 10
0.0
 20
-1708.0
 10
291.0
 20
-1708.0
  0
MTEXT
  5
785
330
D7
100
AcDbEntity
  8
0
 62
7
100
AcDbMText
 10
4.0
 20
-1713.5
 30
0.0
 40
4.0
 71
5
  1
145
  7
DesignMate
  0
MTEXT
  5
786
330
D7
100
AcDbEntity
  8
0
 62
7
100
AcDbMText
 10
14.0
 20
-1713.5
 30
0.0
 40
4.0
 71
5
  1
I
  7
DesignMate
  0
MTEXT
  5
787
330
D7
100
AcDbEntity
  8
0
 62
7
100
AcDbMText
 10
21.0
 20
-1713.5
 30
0.0
 40
4.0
 41
70.0
 71
4
  1
D_145_I-ANNO-DIMS
  7
DesignMate
  0
MTEXT
  5
788
330
D7
100
AcDbEntity
  8
0
 62
7
100
AcDbMText
 10
93.0
 20
-1713.5
 30
0.0
 40
4.0
 41
68.0
 71
4
  1
内装尺寸标注
  7
DesignMate
  0
SOLID
  5
789
330
D7
100
AcDbEntity
  8
0
 62
62
100
AcDbTrace
 10
163.0
 20
-1710.0
 30
0.0
 11
173.0
 21
-1710.0
 31
0.0
 12
163.0
 22
-1717.0
 32
0.0
 13
173.0
 23
-1717.0
 33
0.0
  0
MTEXT
  5
78A
330
D7
100
AcDbEntity
  8
0
 62
7
100
AcDbMText
 10
177.0
 20
-1713.5
 30
0.0
 40
4.0
 71
4
  1
62
  7
DesignMate
  0
MTEXT
  5
78B
330
D7
100
AcDbEntity
  8
0
 62
7
100
AcDbMText
 10
190.0
 20
-1713.5
 30
0.0
 40
4.0
 71
4
  1
黄
  7
DesignMate
  0
MTEXT
  5
78C
330
D7
100
AcDbEntity
  8
0
 62
7
100
AcDbMText
 10
218.0
 20
-1713.5
 30
0.0
 40
4.0
 71
4
  1
0.15
  7
DesignMate
  0
MTEXT
  5
78D
330
D7
100
AcDbEntity
  8
0
 62
7
100
AcDbMText
 10
230.0
 20
-1713.5
 30
0.0
 40
4.0
 71
4
  1
实线
  7
DesignMate
  0
LWPOLYLINE
  5
78E
330
D7
100
AcDbEntity
  8
D_145_I-ANNO-DIMS
  6
Continuous
 62
62
100
AcDbPolyline
 90
2
 70
0
 43
0.15
 10
253.0
 20
-1713.5
 10
289.0
 20
-1713.5
  0
LWPOLYLINE
  5
78F
330
D7
100
AcDbEntity
  8
0
 62
250
100
AcDbPolyline
 90
2
 70
0
 10
0.0
 20
-1719.0
 10
291.0
 20
-1719.0
  0
LWPOLYLINE
  5
790
330
D7
100
AcDbEntity
  8
0
 62
9
100
AcDbPolyline
 90
4
 70
1
 10
0.0
 20
-1719.0
 10
291.0
 20
-1719.0
 10
291.0
 20
-1730.0
 10
0.0
 20
-1730.0
  0
MTEXT
  5
791
330
D7
100
AcDbEntity
  8
0
 62
7
100
AcDbMText
 10
4.0
 20
-1724.5
 30
0.0
 40
4.0
 71
5
  1
146
  7
DesignMate
  0
MTEXT
  5
792
330
D7
100
AcDbEntity
  8
0
 62
7
100
AcDbMText
 10
14.0
 20
-1724.5
 30
0.0
 40
4.0
 71
5
  1
I
  7
DesignMate
  0
MTEXT
  5
793
330
D7
100
AcDbEntity
  8
0
 62
7
100
AcDbMText
 10
21.0
 20
-1724.5
 30
0.0
 40
4.0
 41
70.0
 71
4
  1
D_146_I-ANNO-TEXT
  7
DesignMate
  0
MTEXT
  5
794
330
D7
100
AcDbEntity
  8
0
 62
7
100
AcDbMText
 10
93.0
 20
-1724.5
 30
0.0
 40
4.0
 41
68.0
 71
4
  1
内装文字标注 — 材料/编号
  7
DesignMate
  0
SOLID
  5
795
330
D7
100
AcDbEntity
  8
0
 62
73
100
AcDbTrace
 10
163.0
 20
-1721.0
 30
0.0
 11
173.0
 21
-1721.0
 31
0.0
 12
163.0
 22
-1728.0
 32
0.0
 13
173.0
 23
-1728.0
 33
0.0
  0
MTEXT
  5
796
330
D7
100
AcDbEntity
  8
0
 62
7
100
AcDbMText
 10
177.0
 20
-1724.5
 30
0.0
 40
4.0
 71
4
  1
73
  7
DesignMate
  0
MTEXT
  5
797
330
D7
100
AcDbEntity
  8
0
 62
7
100
AcDbMText
 10
190.0
 20
-1724.5
 30
0.0
 40
4.0
 71
4
  1
黄绿
  7
DesignMate
  0
MTEXT
  5
798
330
D7
100
AcDbEntity
  8
0
 62
7
100
AcDbMText
 10
218.0
 20
-1724.5
 30
0.0
 40
4.0
 71
4
  1
0.15
  7
DesignMate
  0
MTEXT
  5
799
330
D7
100
AcDbEntity
  8
0
 62
7
100
AcDbMText
 10
230.0
 20
-1724.5
 30
0.0
 40
4.0
 71
4
  1
实线
  7
DesignMate
  0
LWPOLYLINE
  5
79A
330
D7
100
AcDbEntity
  8
D_146_I-ANNO-TEXT
  6
Continuous
 62
73
100
AcDbPolyline
 90
2
 70
0
 43
0.15
 10
253.0
 20
-1724.5
 10
289.0
 20
-1724.5
  0
LWPOLYLINE
  5
79B
330
D7
100
AcDbEntity
  8
0
 62
250
100
AcDbPolyline
 90
2
 70
0
 10
0.0
 20
-1730.0
 10
291.0
 20
-1730.0
  0
MTEXT
  5
79C
330
D7
100
AcDbEntity
  8
0
 62
7
100
AcDbMText
 10
4.0
 20
-1735.5
 30
0.0
 40
4.0
 71
5
  1
147
  7
DesignMate
  0
MTEXT
  5
79D
330
D7
100
AcDbEntity
  8
0
 62
7
100
AcDbMText
 10
14.0
 20
-1735.5
 30
0.0
 40
4.0
 71
5
  1
I
  7
DesignMate
  0
MTEXT
  5
79E
330
D7
100
AcDbEntity
  8
0
 62
7
100
AcDbMText
 10
21.0
 20
-1735.5
 30
0.0
 40
4.0
 41
70.0
 71
4
  1
D_147_I-ANNO-LEAD
  7
DesignMate
  0
MTEXT
  5
79F
330
D7
100
AcDbEntity
  8
0
 62
7
100
AcDbMText
 10
93.0
 20
-1735.5
 30
0.0
 40
4.0
 41
68.0
 71
4
  1
内装引线 — 材料引出标注
  7
DesignMate
  0
SOLID
  5
7A0
330
D7
100
AcDbEntity
  8
0
 62
84
100
AcDbTrace
 10
163.0
 20
-1732.0
 30
0.0
 11
173.0
 21
-1732.0
 31
0.0
 12
163.0
 22
-1739.0
 32
0.0
 13
173.0
 23
-1739.0
 33
0.0
  0
MTEXT
  5
7A1
330
D7
100
AcDbEntity
  8
0
 62
7
100
AcDbMText
 10
177.0
 20
-1735.5
 30
0.0
 40
4.0
 71
4
  1
84
  7
DesignMate
  0
MTEXT
  5
7A2
330
D7
100
AcDbEntity
  8
0
 62
7
100
AcDbMText
 10
190.0
 20
-1735.5
 30
0.0
 40
4.0
 71
4
  1
黄绿
  7
DesignMate
  0
MTEXT
  5
7A3
330
D7
100
AcDbEntity
  8
0
 62
7
100
AcDbMText
 10
218.0
 20
-1735.5
 30
0.0
 40
4.0
 71
4
  1
0.15
  7
DesignMate
  0
MTEXT
  5
7A4
330
D7
100
AcDbEntity
  8
0
 62
7
100
AcDbMText
 10
230.0
 20
-1735.5
 30
0.0
 40
4.0
 71
4
  1
实线
  7
DesignMate
  0
LWPOLYLINE
  5
7A5
330
D7
100
AcDbEntity
  8
D_147_I-ANNO-LEAD
  6
Continuous
 62
84
100
AcDbPolyline
 90
2
 70
0
 43
0.15
 10
253.0
 20
-1735.5
 10
289.0
 20
-1735.5
  0
LWPOLYLINE
  5
7A6
330
D7
100
AcDbEntity
  8
0
 62
250
100
AcDbPolyline
 90
2
 70
0
 10
0.0
 20
-1741.0
 10
291.0
 20
-1741.0
  0
LWPOLYLINE
  5
7A7
330
D7
100
AcDbEntity
  8
0
 62
9
100
AcDbPolyline
 90
4
 70
1
 10
0.0
 20
-1741.0
 10
291.0
 20
-1741.0
 10
291.0
 20
-1752.0
 10
0.0
 20
-1752.0
  0
MTEXT
  5
7A8
330
D7
100
AcDbEntity
  8
0
 62
7
100
AcDbMText
 10
4.0
 20
-1746.5
 30
0.0
 40
4.0
 71
5
  1
148
  7
DesignMate
  0
MTEXT
  5
7A9
330
D7
100
AcDbEntity
  8
0
 62
7
100
AcDbMText
 10
14.0
 20
-1746.5
 30
0.0
 40
4.0
 71
5
  1
I
  7
DesignMate
  0
MTEXT
  5
7AA
330
D7
100
AcDbEntity
  8
0
 62
7
100
AcDbMText
 10
21.0
 20
-1746.5
 30
0.0
 40
4.0
 41
70.0
 71
4
  1
D_148_I-ANNO-MATC
  7
DesignMate
  0
MTEXT
  5
7AB
330
D7
100
AcDbEntity
  8
0
 62
7
100
AcDbMText
 10
93.0
 20
-1746.5
 30
0.0
 40
4.0
 41
68.0
 71
4
  1
物料编码 — 材料代码/型号
  7
DesignMate
  0
SOLID
  5
7AC
330
D7
100
AcDbEntity
  8
0
 62
95
100
AcDbTrace
 10
163.0
 20
-1743.0
 30
0.0
 11
173.0
 21
-1743.0
 31
0.0
 12
163.0
 22
-1750.0
 32
0.0
 13
173.0
 23
-1750.0
 33
0.0
  0
MTEXT
  5
7AD
330
D7
100
AcDbEntity
  8
0
 62
7
100
AcDbMText
 10
177.0
 20
-1746.5
 30
0.0
 40
4.0
 71
4
  1
95
  7
DesignMate
  0
MTEXT
  5
7AE
330
D7
100
AcDbEntity
  8
0
 62
7
100
AcDbMText
 10
190.0
 20
-1746.5
 30
0.0
 40
4.0
 71
4
  1
绿
  7
DesignMate
  0
MTEXT
  5
7AF
330
D7
100
AcDbEntity
  8
0
 62
7
100
AcDbMText
 10
218.0
 20
-1746.5
 30
0.0
 40
4.0
 71
4
  1
0.15
  7
DesignMate
  0
MTEXT
  5
7B0
330
D7
100
AcDbEntity
  8
0
 62
7
100
AcDbMText
 10
230.0
 20
-1746.5
 30
0.0
 40
4.0
 71
4
  1
实线
  7
DesignMate
  0
LWPOLYLINE
  5
7B1
330
D7
100
AcDbEntity
  8
D_148_I-ANNO-MATC
  6
Continuous
 62
95
100
AcDbPolyline
 90
2
 70
0
 43
0.15
 10
253.0
 20
-1746.5
 10
289.0
 20
-1746.5
  0
LWPOLYLINE
  5
7B2
330
D7
100
AcDbEntity
  8
0
 62
250
100
AcDbPolyline
 90
2
 70
0
 10
0.0
 20
-1752.0
 10
291.0
 20
-1752.0
  0
SOLID
  5
7B3
330
D7
100
AcDbEntity
  8
0
 62
206
100
AcDbTrace
 10
0.0
 20
-1752.0
 30
0.0
 11
291.0
 21
-1752.0
 31
0.0
 12
0.0
 22
-1764.0
 32
0.0
 13
291.0
 23
-1764.0
 33
0.0
  0
LWPOLYLINE
  5
7B4
330
D7
100
AcDbEntity
  8
0
 62
250
100
AcDbPolyline
 90
2
 70
0
 43
0.25
 10
0.0
 20
-1764.0
 10
291.0
 20
-1764.0
  0
MTEXT
  5
7B5
330
D7
100
AcDbEntity
  8
0
 62
7
100
AcDbMText
 10
12.0
 20
-1758.0
 30
0.0
 40
5.6
 71
4
  1
G / 通用 General / 10 图层
  7
DM_GroupTitle
  0
MTEXT
  5
7B6
330
D7
100
AcDbEntity
  8
0
 62
7
100
AcDbMText
 10
4.0
 20
-1769.5
 30
0.0
 40
4.0
 71
5
  1
149
  7
DesignMate
  0
MTEXT
  5
7B7
330
D7
100
AcDbEntity
  8
0
 62
7
100
AcDbMText
 10
14.0
 20
-1769.5
 30
0.0
 40
4.0
 71
5
  1
G
  7
DesignMate
  0
MTEXT
  5
7B8
330
D7
100
AcDbEntity
  8
0
 62
7
100
AcDbMText
 10
21.0
 20
-1769.5
 30
0.0
 40
4.0
 41
70.0
 71
4
  1
D_149_G-ANNO-TEXT
  7
DesignMate
  0
MTEXT
  5
7B9
330
D7
100
AcDbEntity
  8
0
 62
7
100
AcDbMText
 10
93.0
 20
-1769.5
 30
0.0
 40
4.0
 41
68.0
 71
4
  1
通用文字 — 图面说明/附注
  7
DesignMate
  0
SOLID
  5
7BA
330
D7
100
AcDbEntity
  8
0
 62
106
100
AcDbTrace
 10
163.0
 20
-1766.0
 30
0.0
 11
173.0
 21
-1766.0
 31
0.0
 12
163.0
 22
-1773.0
 32
0.0
 13
173.0
 23
-1773.0
 33
0.0
  0
MTEXT
  5
7BB
330
D7
100
AcDbEntity
  8
0
 62
7
100
AcDbMText
 10
177.0
 20
-1769.5
 30
0.0
 40
4.0
 71
4
  1
106
  7
DesignMate
  0
MTEXT
  5
7BC
330
D7
100
AcDbEntity
  8
0
 62
7
100
AcDbMText
 10
190.0
 20
-1769.5
 30
0.0
 40
4.0
 71
4
  1
深绿
  7
DesignMate
  0
MTEXT
  5
7BD
330
D7
100
AcDbEntity
  8
0
 62
7
100
AcDbMText
 10
218.0
 20
-1769.5
 30
0.0
 40
4.0
 71
4
  1
0.15
  7
DesignMate
  0
MTEXT
  5
7BE
330
D7
100
AcDbEntity
  8
0
 62
7
100
AcDbMText
 10
230.0
 20
-1769.5
 30
0.0
 40
4.0
 71
4
  1
实线
  7
DesignMate
  0
LWPOLYLINE
  5
7BF
330
D7
100
AcDbEntity
  8
D_149_G-ANNO-TEXT
  6
Continuous
 62
106
100
AcDbPolyline
 90
2
 70
0
 43
0.15
 10
253.0
 20
-1769.5
 10
289.0
 20
-1769.5
  0
LWPOLYLINE
  5
7C0
330
D7
100
AcDbEntity
  8
0
 62
250
100
AcDbPolyline
 90
2
 70
0
 10
0.0
 20
-1775.0
 10
291.0
 20
-1775.0
  0
LWPOLYLINE
  5
7C1
330
D7
100
AcDbEntity
  8
0
 62
9
100
AcDbPolyline
 90
4
 70
1
 10
0.0
 20
-1775.0
 10
291.0
 20
-1775.0
 10
291.0
 20
-1786.0
 10
0.0
 20
-1786.0
  0
MTEXT
  5
7C2
330
D7
100
AcDbEntity
  8
0
 62
7
100
AcDbMText
 10
4.0
 20
-1780.5
 30
0.0
 40
4.0
 71
5
  1
150
  7
DesignMate
  0
MTEXT
  5
7C3
330
D7
100
AcDbEntity
  8
0
 62
7
100
AcDbMText
 10
14.0
 20
-1780.5
 30
0.0
 40
4.0
 71
5
  1
G
  7
DesignMate
  0
MTEXT
  5
7C4
330
D7
100
AcDbEntity
  8
0
 62
7
100
AcDbMText
 10
21.0
 20
-1780.5
 30
0.0
 40
4.0
 41
70.0
 71
4
  1
D_150_G-ANNO-DIMS
  7
DesignMate
  0
MTEXT
  5
7C5
330
D7
100
AcDbEntity
  8
0
 62
7
100
AcDbMText
 10
93.0
 20
-1780.5
 30
0.0
 40
4.0
 41
68.0
 71
4
  1
通尺尺寸 — 通用尺寸标注
  7
DesignMate
  0
SOLID
  5
7C6
330
D7
100
AcDbEntity
  8
0
 62
117
100
AcDbTrace
 10
163.0
 20
-1777.0
 30
0.0
 11
173.0
 21
-1777.0
 31
0.0
 12
163.0
 22
-1784.0
 32
0.0
 13
173.0
 23
-1784.0
 33
0.0
  0
MTEXT
  5
7C7
330
D7
100
AcDbEntity
  8
0
 62
7
100
AcDbMText
 10
177.0
 20
-1780.5
 30
0.0
 40
4.0
 71
4
  1
117
  7
DesignMate
  0
MTEXT
  5
7C8
330
D7
100
AcDbEntity
  8
0
 62
7
100
AcDbMText
 10
190.0
 20
-1780.5
 30
0.0
 40
4.0
 71
4
  1
深青
  7
DesignMate
  0
MTEXT
  5
7C9
330
D7
100
AcDbEntity
  8
0
 62
7
100
AcDbMText
 10
218.0
 20
-1780.5
 30
0.0
 40
4.0
 71
4
  1
0.15
  7
DesignMate
  0
MTEXT
  5
7CA
330
D7
100
AcDbEntity
  8
0
 62
7
100
AcDbMText
 10
230.0
 20
-1780.5
 30
0.0
 40
4.0
 71
4
  1
实线
  7
DesignMate
  0
LWPOLYLINE
  5
7CB
330
D7
100
AcDbEntity
  8
D_150_G-ANNO-DIMS
  6
Continuous
 62
117
100
AcDbPolyline
 90
2
 70
0
 43
0.15
 10
253.0
 20
-1780.5
 10
289.0
 20
-1780.5
  0
LWPOLYLINE
  5
7CC
330
D7
100
AcDbEntity
  8
0
 62
250
100
AcDbPolyline
 90
2
 70
0
 10
0.0
 20
-1786.0
 10
291.0
 20
-1786.0
  0
MTEXT
  5
7CD
330
D7
100
AcDbEntity
  8
0
 62
7
100
AcDbMText
 10
4.0
 20
-1791.5
 30
0.0
 40
4.0
 71
5
  1
151
  7
DesignMate
  0
MTEXT
  5
7CE
330
D7
100
AcDbEntity
  8
0
 62
7
100
AcDbMText
 10
14.0
 20
-1791.5
 30
0.0
 40
4.0
 71
5
  1
G
  7
DesignMate
  0
MTEXT
  5
7CF
330
D7
100
AcDbEntity
  8
0
 62
7
100
AcDbMText
 10
21.0
 20
-1791.5
 30
0.0
 40
4.0
 41
70.0
 71
4
  1
D_151_G-ANNO-LEAD
  7
DesignMate
  0
MTEXT
  5
7D0
330
D7
100
AcDbEntity
  8
0
 62
7
100
AcDbMText
 10
93.0
 20
-1791.5
 30
0.0
 40
4.0
 41
68.0
 71
4
  1
通用引线 — 万能引出线
  7
DesignMate
  0
SOLID
  5
7D1
330
D7
100
AcDbEntity
  8
0
 62
128
100
AcDbTrace
 10
163.0
 20
-1788.0
 30
0.0
 11
173.0
 21
-1788.0
 31
0.0
 12
163.0
 22
-1795.0
 32
0.0
 13
173.0
 23
-1795.0
 33
0.0
  0
MTEXT
  5
7D2
330
D7
100
AcDbEntity
  8
0
 62
7
100
AcDbMText
 10
177.0
 20
-1791.5
 30
0.0
 40
4.0
 71
4
  1
128
  7
DesignMate
  0
MTEXT
  5
7D3
330
D7
100
AcDbEntity
  8
0
 62
7
100
AcDbMText
 10
190.0
 20
-1791.5
 30
0.0
 40
4.0
 71
4
  1
暗青
  7
DesignMate
  0
MTEXT
  5
7D4
330
D7
100
AcDbEntity
  8
0
 62
7
100
AcDbMText
 10
218.0
 20
-1791.5
 30
0.0
 40
4.0
 71
4
  1
0.15
  7
DesignMate
  0
MTEXT
  5
7D5
330
D7
100
AcDbEntity
  8
0
 62
7
100
AcDbMText
 10
230.0
 20
-1791.5
 30
0.0
 40
4.0
 71
4
  1
实线
  7
DesignMate
  0
LWPOLYLINE
  5
7D6
330
D7
100
AcDbEntity
  8
D_151_G-ANNO-LEAD
  6
Continuous
 62
128
100
AcDbPolyline
 90
2
 70
0
 43
0.15
 10
253.0
 20
-1791.5
 10
289.0
 20
-1791.5
  0
LWPOLYLINE
  5
7D7
330
D7
100
AcDbEntity
  8
0
 62
250
100
AcDbPolyline
 90
2
 70
0
 10
0.0
 20
-1797.0
 10
291.0
 20
-1797.0
  0
LWPOLYLINE
  5
7D8
330
D7
100
AcDbEntity
  8
0
 62
9
100
AcDbPolyline
 90
4
 70
1
 10
0.0
 20
-1797.0
 10
291.0
 20
-1797.0
 10
291.0
 20
-1808.0
 10
0.0
 20
-1808.0
  0
MTEXT
  5
7D9
330
D7
100
AcDbEntity
  8
0
 62
7
100
AcDbMText
 10
4.0
 20
-1802.5
 30
0.0
 40
4.0
 71
5
  1
152
  7
DesignMate
  0
MTEXT
  5
7DA
330
D7
100
AcDbEntity
  8
0
 62
7
100
AcDbMText
 10
14.0
 20
-1802.5
 30
0.0
 40
4.0
 71
5
  1
G
  7
DesignMate
  0
MTEXT
  5
7DB
330
D7
100
AcDbEntity
  8
0
 62
7
100
AcDbMText
 10
21.0
 20
-1802.5
 30
0.0
 40
4.0
 41
70.0
 71
4
  1
D_152_G-ANNO-IDEN
  7
DesignMate
  0
MTEXT
  5
7DC
330
D7
100
AcDbEntity
  8
0
 62
7
100
AcDbMText
 10
93.0
 20
-1802.5
 30
0.0
 40
4.0
 41
68.0
 71
4
  1
通用标识 — 图框/标题栏信息
  7
DesignMate
  0
SOLID
  5
7DD
330
D7
100
AcDbEntity
  8
0
 62
139
100
AcDbTrace
 10
163.0
 20
-1799.0
 30
0.0
 11
173.0
 21
-1799.0
 31
0.0
 12
163.0
 22
-1806.0
 32
0.0
 13
173.0
 23
-1806.0
 33
0.0
  0
MTEXT
  5
7DE
330
D7
100
AcDbEntity
  8
0
 62
7
100
AcDbMText
 10
177.0
 20
-1802.5
 30
0.0
 40
4.0
 71
4
  1
139
  7
DesignMate
  0
MTEXT
  5
7DF
330
D7
100
AcDbEntity
  8
0
 62
7
100
AcDbMText
 10
190.0
 20
-1802.5
 30
0.0
 40
4.0
 71
4
  1
深青
  7
DesignMate
  0
MTEXT
  5
7E0
330
D7
100
AcDbEntity
  8
0
 62
7
100
AcDbMText
 10
218.0
 20
-1802.5
 30
0.0
 40
4.0
 71
4
  1
0.15
  7
DesignMate
  0
MTEXT
  5
7E1
330
D7
100
AcDbEntity
  8
0
 62
7
100
AcDbMText
 10
230.0
 20
-1802.5
 30
0.0
 40
4.0
 71
4
  1
实线
  7
DesignMate
  0
LWPOLYLINE
  5
7E2
330
D7
100
AcDbEntity
  8
D_152_G-ANNO-IDEN
  6
Continuous
 62
139
100
AcDbPolyline
 90
2
 70
0
 43
0.15
 10
253.0
 20
-1802.5
 10
289.0
 20
-1802.5
  0
LWPOLYLINE
  5
7E3
330
D7
100
AcDbEntity
  8
0
 62
250
100
AcDbPolyline
 90
2
 70
0
 10
0.0
 20
-1808.0
 10
291.0
 20
-1808.0
  0
MTEXT
  5
7E4
330
D7
100
AcDbEntity
  8
0
 62
7
100
AcDbMText
 10
4.0
 20
-1813.5
 30
0.0
 40
4.0
 71
5
  1
153
  7
DesignMate
  0
MTEXT
  5
7E5
330
D7
100
AcDbEntity
  8
0
 62
7
100
AcDbMText
 10
14.0
 20
-1813.5
 30
0.0
 40
4.0
 71
5
  1
G
  7
DesignMate
  0
MTEXT
  5
7E6
330
D7
100
AcDbEntity
  8
0
 62
7
100
AcDbMText
 10
21.0
 20
-1813.5
 30
0.0
 40
4.0
 41
70.0
 71
4
  1
D_153_G-ANNO-HATC
  7
DesignMate
  0
MTEXT
  5
7E7
330
D7
100
AcDbEntity
  8
0
 62
7
100
AcDbMText
 10
93.0
 20
-1813.5
 30
0.0
 40
4.0
 41
68.0
 71
4
  1
通用填充 — 任意材料填充
  7
DesignMate
  0
SOLID
  5
7E8
330
D7
100
AcDbEntity
  8
0
 62
150
100
AcDbTrace
 10
163.0
 20
-1810.0
 30
0.0
 11
173.0
 21
-1810.0
 31
0.0
 12
163.0
 22
-1817.0
 32
0.0
 13
173.0
 23
-1817.0
 33
0.0
  0
MTEXT
  5
7E9
330
D7
100
AcDbEntity
  8
0
 62
7
100
AcDbMText
 10
177.0
 20
-1813.5
 30
0.0
 40
4.0
 71
4
  1
150
  7
DesignMate
  0
MTEXT
  5
7EA
330
D7
100
AcDbEntity
  8
0
 62
7
100
AcDbMText
 10
190.0
 20
-1813.5
 30
0.0
 40
4.0
 71
4
  1
淡蓝
  7
DesignMate
  0
MTEXT
  5
7EB
330
D7
100
AcDbEntity
  8
0
 62
7
100
AcDbMText
 10
218.0
 20
-1813.5
 30
0.0
 40
4.0
 71
4
  1
0.15
  7
DesignMate
  0
MTEXT
  5
7EC
330
D7
100
AcDbEntity
  8
0
 62
7
100
AcDbMText
 10
230.0
 20
-1813.5
 30
0.0
 40
4.0
 71
4
  1
实线
  7
DesignMate
  0
LWPOLYLINE
  5
7ED
330
D7
100
AcDbEntity
  8
D_153_G-ANNO-HATC
  6
Continuous
 62
150
100
AcDbPolyline
 90
2
 70
0
 43
0.15
 10
253.0
 20
-1813.5
 10
289.0
 20
-1813.5
  0
LWPOLYLINE
  5
7EE
330
D7
100
AcDbEntity
  8
0
 62
250
100
AcDbPolyline
 90
2
 70
0
 10
0.0
 20
-1819.0
 10
291.0
 20
-1819.0
  0
LWPOLYLINE
  5
7EF
330
D7
100
AcDbEntity
  8
0
 62
9
100
AcDbPolyline
 90
4
 70
1
 10
0.0
 20
-1819.0
 10
291.0
 20
-1819.0
 10
291.0
 20
-1830.0
 10
0.0
 20
-1830.0
  0
MTEXT
  5
7F0
330
D7
100
AcDbEntity
  8
0
 62
7
100
AcDbMText
 10
4.0
 20
-1824.5
 30
0.0
 40
4.0
 71
5
  1
154
  7
DesignMate
  0
MTEXT
  5
7F1
330
D7
100
AcDbEntity
  8
0
 62
7
100
AcDbMText
 10
14.0
 20
-1824.5
 30
0.0
 40
4.0
 71
5
  1
G
  7
DesignMate
  0
MTEXT
  5
7F2
330
D7
100
AcDbEntity
  8
0
 62
7
100
AcDbMText
 10
21.0
 20
-1824.5
 30
0.0
 40
4.0
 41
70.0
 71
4
  1
D_154_G-GRID
  7
DesignMate
  0
MTEXT
  5
7F3
330
D7
100
AcDbEntity
  8
0
 62
7
100
AcDbMText
 10
93.0
 20
-1824.5
 30
0.0
 40
4.0
 41
68.0
 71
4
  1
通用网格 — 辅助参考网格
  7
DesignMate
  0
SOLID
  5
7F4
330
D7
100
AcDbEntity
  8
0
 62
161
100
AcDbTrace
 10
163.0
 20
-1821.0
 30
0.0
 11
173.0
 21
-1821.0
 31
0.0
 12
163.0
 22
-1828.0
 32
0.0
 13
173.0
 23
-1828.0
 33
0.0
  0
MTEXT
  5
7F5
330
D7
100
AcDbEntity
  8
0
 62
7
100
AcDbMText
 10
177.0
 20
-1824.5
 30
0.0
 40
4.0
 71
4
  1
161
  7
DesignMate
  0
MTEXT
  5
7F6
330
D7
100
AcDbEntity
  8
0
 62
7
100
AcDbMText
 10
190.0
 20
-1824.5
 30
0.0
 40
4.0
 71
4
  1
淡蓝紫
  7
DesignMate
  0
MTEXT
  5
7F7
330
D7
100
AcDbEntity
  8
0
 62
7
100
AcDbMText
 10
218.0
 20
-1824.5
 30
0.0
 40
4.0
 71
4
  1
0.15
  7
DesignMate
  0
MTEXT
  5
7F8
330
D7
100
AcDbEntity
  8
0
 62
7
100
AcDbMText
 10
230.0
 20
-1824.5
 30
0.0
 40
4.0
 71
4
  1
中心线
  7
DesignMate
  0
LWPOLYLINE
  5
7F9
330
D7
100
AcDbEntity
  8
D_154_G-GRID
  6
Center
 62
161
100
AcDbPolyline
 90
2
 70
0
 43
0.15
 10
253.0
 20
-1824.5
 10
289.0
 20
-1824.5
  0
LWPOLYLINE
  5
7FA
330
D7
100
AcDbEntity
  8
0
 62
250
100
AcDbPolyline
 90
2
 70
0
 10
0.0
 20
-1830.0
 10
291.0
 20
-1830.0
  0
MTEXT
  5
7FB
330
D7
100
AcDbEntity
  8
0
 62
7
100
AcDbMText
 10
4.0
 20
-1835.5
 30
0.0
 40
4.0
 71
5
  1
155
  7
DesignMate
  0
MTEXT
  5
7FC
330
D7
100
AcDbEntity
  8
0
 62
7
100
AcDbMText
 10
14.0
 20
-1835.5
 30
0.0
 40
4.0
 71
5
  1
G
  7
DesignMate
  0
MTEXT
  5
7FD
330
D7
100
AcDbEntity
  8
0
 62
7
100
AcDbMText
 10
21.0
 20
-1835.5
 30
0.0
 40
4.0
 41
70.0
 71
4
  1
D_155_G-REVISION
  7
DesignMate
  0
MTEXT
  5
7FE
330
D7
100
AcDbEntity
  8
0
 62
7
100
AcDbMText
 10
93.0
 20
-1835.5
 30
0.0
 40
4.0
 41
68.0
 71
4
  1
修订云线 — 图纸变更标记（假想线）
  7
DesignMate
  0
SOLID
  5
7FF
330
D7
100
AcDbEntity
  8
0
 62
172
100
AcDbTrace
 10
163.0
 20
-1832.0
 30
0.0
 11
173.0
 21
-1832.0
 31
0.0
 12
163.0
 22
-1839.0
 32
0.0
 13
173.0
 23
-1839.0
 33
0.0
  0
MTEXT
  5
800
330
D7
100
AcDbEntity
  8
0
 62
7
100
AcDbMText
 10
177.0
 20
-1835.5
 30
0.0
 40
4.0
 71
4
  1
172
  7
DesignMate
  0
MTEXT
  5
801
330
D7
100
AcDbEntity
  8
0
 62
7
100
AcDbMText
 10
190.0
 20
-1835.5
 30
0.0
 40
4.0
 71
4
  1
蓝紫
  7
DesignMate
  0
MTEXT
  5
802
330
D7
100
AcDbEntity
  8
0
 62
7
100
AcDbMText
 10
218.0
 20
-1835.5
 30
0.0
 40
4.0
 71
4
  1
0.25
  7
DesignMate
  0
MTEXT
  5
803
330
D7
100
AcDbEntity
  8
0
 62
7
100
AcDbMText
 10
230.0
 20
-1835.5
 30
0.0
 40
4.0
 71
4
  1
假想线
  7
DesignMate
  0
LWPOLYLINE
  5
804
330
D7
100
AcDbEntity
  8
D_155_G-REVISION
  6
Phantom
 62
172
100
AcDbPolyline
 90
2
 70
0
 43
0.25
 10
253.0
 20
-1835.5
 10
289.0
 20
-1835.5
  0
LWPOLYLINE
  5
805
330
D7
100
AcDbEntity
  8
0
 62
250
100
AcDbPolyline
 90
2
 70
0
 10
0.0
 20
-1841.0
 10
291.0
 20
-1841.0
  0
LWPOLYLINE
  5
806
330
D7
100
AcDbEntity
  8
0
 62
9
100
AcDbPolyline
 90
4
 70
1
 10
0.0
 20
-1841.0
 10
291.0
 20
-1841.0
 10
291.0
 20
-1852.0
 10
0.0
 20
-1852.0
  0
MTEXT
  5
807
330
D7
100
AcDbEntity
  8
0
 62
7
100
AcDbMText
 10
4.0
 20
-1846.5
 30
0.0
 40
4.0
 71
5
  1
156
  7
DesignMate
  0
MTEXT
  5
808
330
D7
100
AcDbEntity
  8
0
 62
7
100
AcDbMText
 10
14.0
 20
-1846.5
 30
0.0
 40
4.0
 71
5
  1
G
  7
DesignMate
  0
MTEXT
  5
809
330
D7
100
AcDbEntity
  8
0
 62
7
100
AcDbMText
 10
21.0
 20
-1846.5
 30
0.0
 40
4.0
 41
70.0
 71
4
  1
D_156_G-TTLB
  7
DesignMate
  0
MTEXT
  5
80A
330
D7
100
AcDbEntity
  8
0
 62
7
100
AcDbMText
 10
93.0
 20
-1846.5
 30
0.0
 40
4.0
 41
68.0
 71
4
  1
图框/标题栏 — 图纸边框
  7
DesignMate
  0
SOLID
  5
80B
330
D7
100
AcDbEntity
  8
0
 62
183
100
AcDbTrace
 10
163.0
 20
-1843.0
 30
0.0
 11
173.0
 21
-1843.0
 31
0.0
 12
163.0
 22
-1850.0
 32
0.0
 13
173.0
 23
-1850.0
 33
0.0
  0
MTEXT
  5
80C
330
D7
100
AcDbEntity
  8
0
 62
7
100
AcDbMText
 10
177.0
 20
-1846.5
 30
0.0
 40
4.0
 71
4
  1
183
  7
DesignMate
  0
MTEXT
  5
80D
330
D7
100
AcDbEntity
  8
0
 62
7
100
AcDbMText
 10
190.0
 20
-1846.5
 30
0.0
 40
4.0
 71
4
  1
紫
  7
DesignMate
  0
MTEXT
  5
80E
330
D7
100
AcDbEntity
  8
0
 62
7
100
AcDbMText
 10
218.0
 20
-1846.5
 30
0.0
 40
4.0
 71
4
  1
0.15
  7
DesignMate
  0
MTEXT
  5
80F
330
D7
100
AcDbEntity
  8
0
 62
7
100
AcDbMText
 10
230.0
 20
-1846.5
 30
0.0
 40
4.0
 71
4
  1
实线
  7
DesignMate
  0
LWPOLYLINE
  5
810
330
D7
100
AcDbEntity
  8
D_156_G-TTLB
  6
Continuous
 62
183
100
AcDbPolyline
 90
2
 70
0
 43
0.15
 10
253.0
 20
-1846.5
 10
289.0
 20
-1846.5
  0
LWPOLYLINE
  5
811
330
D7
100
AcDbEntity
  8
0
 62
250
100
AcDbPolyline
 90
2
 70
0
 10
0.0
 20
-1852.0
 10
291.0
 20
-1852.0
  0
MTEXT
  5
812
330
D7
100
AcDbEntity
  8
0
 62
7
100
AcDbMText
 10
4.0
 20
-1857.5
 30
0.0
 40
4.0
 71
5
  1
157
  7
DesignMate
  0
MTEXT
  5
813
330
D7
100
AcDbEntity
  8
0
 62
7
100
AcDbMText
 10
14.0
 20
-1857.5
 30
0.0
 40
4.0
 71
5
  1
G
  7
DesignMate
  0
MTEXT
  5
814
330
D7
100
AcDbEntity
  8
0
 62
7
100
AcDbMText
 10
21.0
 20
-1857.5
 30
0.0
 40
4.0
 41
70.0
 71
4
  1
D_157_G-DEFPTS
  7
DesignMate
  0
MTEXT
  5
815
330
D7
100
AcDbEntity
  8
0
 62
7
100
AcDbMText
 10
93.0
 20
-1857.5
 30
0.0
 40
4.0
 41
68.0
 71
4
  1
定义点 — 非打印辅助参考点
  7
DesignMate
  0
SOLID
  5
816
330
D7
100
AcDbEntity
  8
0
 62
194
100
AcDbTrace
 10
163.0
 20
-1854.0
 30
0.0
 11
173.0
 21
-1854.0
 31
0.0
 12
163.0
 22
-1861.0
 32
0.0
 13
173.0
 23
-1861.0
 33
0.0
  0
MTEXT
  5
817
330
D7
100
AcDbEntity
  8
0
 62
7
100
AcDbMText
 10
177.0
 20
-1857.5
 30
0.0
 40
4.0
 71
4
  1
194
  7
DesignMate
  0
MTEXT
  5
818
330
D7
100
AcDbEntity
  8
0
 62
7
100
AcDbMText
 10
190.0
 20
-1857.5
 30
0.0
 40
4.0
 71
4
  1
紫
  7
DesignMate
  0
MTEXT
  5
819
330
D7
100
AcDbEntity
  8
0
 62
7
100
AcDbMText
 10
218.0
 20
-1857.5
 30
0.0
 40
4.0
 71
4
  1
0.15
  7
DesignMate
  0
MTEXT
  5
81A
330
D7
100
AcDbEntity
  8
0
 62
7
100
AcDbMText
 10
230.0
 20
-1857.5
 30
0.0
 40
4.0
 71
4
  1
虚线
  7
DesignMate
  0
LWPOLYLINE
  5
81B
330
D7
100
AcDbEntity
  8
D_157_G-DEFPTS
  6
Dashed
 62
194
100
AcDbPolyline
 90
2
 70
0
 43
0.15
 10
253.0
 20
-1857.5
 10
289.0
 20
-1857.5
  0
LWPOLYLINE
  5
81C
330
D7
100
AcDbEntity
  8
0
 62
250
100
AcDbPolyline
 90
2
 70
0
 10
0.0
 20
-1863.0
 10
291.0
 20
-1863.0
  0
LWPOLYLINE
  5
81D
330
D7
100
AcDbEntity
  8
0
 62
9
100
AcDbPolyline
 90
4
 70
1
 10
0.0
 20
-1863.0
 10
291.0
 20
-1863.0
 10
291.0
 20
-1874.0
 10
0.0
 20
-1874.0
  0
MTEXT
  5
81E
330
D7
100
AcDbEntity
  8
0
 62
7
100
AcDbMText
 10
4.0
 20
-1868.5
 30
0.0
 40
4.0
 71
5
  1
158
  7
DesignMate
  0
MTEXT
  5
81F
330
D7
100
AcDbEntity
  8
0
 62
7
100
AcDbMText
 10
14.0
 20
-1868.5
 30
0.0
 40
4.0
 71
5
  1
G
  7
DesignMate
  0
MTEXT
  5
820
330
D7
100
AcDbEntity
  8
0
 62
7
100
AcDbMText
 10
21.0
 20
-1868.5
 30
0.0
 40
4.0
 41
70.0
 71
4
  1
D_158_G-STD-KEEP
  7
DesignMate
  0
MTEXT
  5
821
330
D7
100
AcDbEntity
  8
0
 62
7
100
AcDbMText
 10
93.0
 20
-1868.5
 30
0.0
 40
4.0
 41
68.0
 71
4
  1
图层模板保护层 — 表格/示意图承载层
  7
DesignMate
  0
SOLID
  5
822
330
D7
100
AcDbEntity
  8
0
 62
238
100
AcDbTrace
 10
163.0
 20
-1865.0
 30
0.0
 11
173.0
 21
-1865.0
 31
0.0
 12
163.0
 22
-1872.0
 32
0.0
 13
173.0
 23
-1872.0
 33
0.0
  0
MTEXT
  5
823
330
D7
100
AcDbEntity
  8
0
 62
7
100
AcDbMText
 10
177.0
 20
-1868.5
 30
0.0
 40
4.0
 71
4
  1
238
  7
DesignMate
  0
MTEXT
  5
824
330
D7
100
AcDbEntity
  8
0
 62
7
100
AcDbMText
 10
190.0
 20
-1868.5
 30
0.0
 40
4.0
 71
4
  1
暗粉红
  7
DesignMate
  0
MTEXT
  5
825
330
D7
100
AcDbEntity
  8
0
 62
7
100
AcDbMText
 10
218.0
 20
-1868.5
 30
0.0
 40
4.0
 71
4
  1
0.00
  7
DesignMate
  0
MTEXT
  5
826
330
D7
100
AcDbEntity
  8
0
 62
7
100
AcDbMText
 10
230.0
 20
-1868.5
 30
0.0
 40
4.0
 71
4
  1
实线
  7
DesignMate
  0
LWPOLYLINE
  5
827
330
D7
100
AcDbEntity
  8
D_158_G-STD-KEEP
  6
Continuous
 62
238
100
AcDbPolyline
 90
2
 70
0
 10
253.0
 20
-1868.5
 10
289.0
 20
-1868.5
  0
LWPOLYLINE
  5
828
330
D7
100
AcDbEntity
  8
0
 62
250
100
AcDbPolyline
 90
2
 70
0
 10
0.0
 20
-1874.0
 10
291.0
 20
-1874.0
  0
SOLID
  5
829
330
D7
100
AcDbEntity
  8
0
 62
206
100
AcDbTrace
 10
0.0
 20
-1874.0
 30
0.0
 11
291.0
 21
-1874.0
 31
0.0
 12
0.0
 22
-1886.0
 32
0.0
 13
291.0
 23
-1886.0
 33
0.0
  0
LWPOLYLINE
  5
82A
330
D7
100
AcDbEntity
  8
0
 62
250
100
AcDbPolyline
 90
2
 70
0
 43
0.25
 10
0.0
 20
-1886.0
 10
291.0
 20
-1886.0
  0
MTEXT
  5
82B
330
D7
100
AcDbEntity
  8
0
 62
7
100
AcDbMText
 10
12.0
 20
-1880.0
 30
0.0
 40
5.6
 71
4
  1
X / AI 辅助 Extra / 3 图层
  7
DM_GroupTitle
  0
MTEXT
  5
82C
330
D7
100
AcDbEntity
  8
0
 62
7
100
AcDbMText
 10
4.0
 20
-1891.5
 30
0.0
 40
4.0
 71
5
  1
159
  7
DesignMate
  0
MTEXT
  5
82D
330
D7
100
AcDbEntity
  8
0
 62
7
100
AcDbMText
 10
14.0
 20
-1891.5
 30
0.0
 40
4.0
 71
5
  1
X
  7
DesignMate
  0
MTEXT
  5
82E
330
D7
100
AcDbEntity
  8
0
 62
7
100
AcDbMText
 10
21.0
 20
-1891.5
 30
0.0
 40
4.0
 41
70.0
 71
4
  1
D_159_X-AI-IN
  7
DesignMate
  0
MTEXT
  5
82F
330
D7
100
AcDbEntity
  8
0
 62
7
100
AcDbMText
 10
93.0
 20
-1891.5
 30
0.0
 40
4.0
 41
68.0
 71
4
  1
AI 输入 — AI 识别输入图层
  7
DesignMate
  0
SOLID
  5
830
330
D7
100
AcDbEntity
  8
0
 62
205
100
AcDbTrace
 10
163.0
 20
-1888.0
 30
0.0
 11
173.0
 21
-1888.0
 31
0.0
 12
163.0
 22
-1895.0
 32
0.0
 13
173.0
 23
-1895.0
 33
0.0
  0
MTEXT
  5
831
330
D7
100
AcDbEntity
  8
0
 62
7
100
AcDbMText
 10
177.0
 20
-1891.5
 30
0.0
 40
4.0
 71
4
  1
205
  7
DesignMate
  0
MTEXT
  5
832
330
D7
100
AcDbEntity
  8
0
 62
7
100
AcDbMText
 10
190.0
 20
-1891.5
 30
0.0
 40
4.0
 71
4
  1
品红
  7
DesignMate
  0
MTEXT
  5
833
330
D7
100
AcDbEntity
  8
0
 62
7
100
AcDbMText
 10
218.0
 20
-1891.5
 30
0.0
 40
4.0
 71
4
  1
0.15
  7
DesignMate
  0
MTEXT
  5
834
330
D7
100
AcDbEntity
  8
0
 62
7
100
AcDbMText
 10
230.0
 20
-1891.5
 30
0.0
 40
4.0
 71
4
  1
实线
  7
DesignMate
  0
LWPOLYLINE
  5
835
330
D7
100
AcDbEntity
  8
D_159_X-AI-IN
  6
Continuous
 62
205
100
AcDbPolyline
 90
2
 70
0
 43
0.15
 10
253.0
 20
-1891.5
 10
289.0
 20
-1891.5
  0
LWPOLYLINE
  5
836
330
D7
100
AcDbEntity
  8
0
 62
250
100
AcDbPolyline
 90
2
 70
0
 10
0.0
 20
-1897.0
 10
291.0
 20
-1897.0
  0
LWPOLYLINE
  5
837
330
D7
100
AcDbEntity
  8
0
 62
9
100
AcDbPolyline
 90
4
 70
1
 10
0.0
 20
-1897.0
 10
291.0
 20
-1897.0
 10
291.0
 20
-1908.0
 10
0.0
 20
-1908.0
  0
MTEXT
  5
838
330
D7
100
AcDbEntity
  8
0
 62
7
100
AcDbMText
 10
4.0
 20
-1902.5
 30
0.0
 40
4.0
 71
5
  1
160
  7
DesignMate
  0
MTEXT
  5
839
330
D7
100
AcDbEntity
  8
0
 62
7
100
AcDbMText
 10
14.0
 20
-1902.5
 30
0.0
 40
4.0
 71
5
  1
X
  7
DesignMate
  0
MTEXT
  5
83A
330
D7
100
AcDbEntity
  8
0
 62
7
100
AcDbMText
 10
21.0
 20
-1902.5
 30
0.0
 40
4.0
 41
70.0
 71
4
  1
D_160_X-AI-OUT
  7
DesignMate
  0
MTEXT
  5
83B
330
D7
100
AcDbEntity
  8
0
 62
7
100
AcDbMText
 10
93.0
 20
-1902.5
 30
0.0
 40
4.0
 41
68.0
 71
4
  1
AI 输出 — AI 生成结果图层
  7
DesignMate
  0
SOLID
  5
83C
330
D7
100
AcDbEntity
  8
0
 62
216
100
AcDbTrace
 10
163.0
 20
-1899.0
 30
0.0
 11
173.0
 21
-1899.0
 31
0.0
 12
163.0
 22
-1906.0
 32
0.0
 13
173.0
 23
-1906.0
 33
0.0
  0
MTEXT
  5
83D
330
D7
100
AcDbEntity
  8
0
 62
7
100
AcDbMText
 10
177.0
 20
-1902.5
 30
0.0
 40
4.0
 71
4
  1
216
  7
DesignMate
  0
MTEXT
  5
83E
330
D7
100
AcDbEntity
  8
0
 62
7
100
AcDbMText
 10
190.0
 20
-1902.5
 30
0.0
 40
4.0
 71
4
  1
深品红
  7
DesignMate
  0
MTEXT
  5
83F
330
D7
100
AcDbEntity
  8
0
 62
7
100
AcDbMText
 10
218.0
 20
-1902.5
 30
0.0
 40
4.0
 71
4
  1
0.15
  7
DesignMate
  0
MTEXT
  5
840
330
D7
100
AcDbEntity
  8
0
 62
7
100
AcDbMText
 10
230.0
 20
-1902.5
 30
0.0
 40
4.0
 71
4
  1
实线
  7
DesignMate
  0
LWPOLYLINE
  5
841
330
D7
100
AcDbEntity
  8
D_160_X-AI-OUT
  6
Continuous
 62
216
100
AcDbPolyline
 90
2
 70
0
 43
0.15
 10
253.0
 20
-1902.5
 10
289.0
 20
-1902.5
  0
LWPOLYLINE
  5
842
330
D7
100
AcDbEntity
  8
0
 62
250
100
AcDbPolyline
 90
2
 70
0
 10
0.0
 20
-1908.0
 10
291.0
 20
-1908.0
  0
MTEXT
  5
843
330
D7
100
AcDbEntity
  8
0
 62
7
100
AcDbMText
 10
4.0
 20
-1913.5
 30
0.0
 40
4.0
 71
5
  1
161
  7
DesignMate
  0
MTEXT
  5
844
330
D7
100
AcDbEntity
  8
0
 62
7
100
AcDbMText
 10
14.0
 20
-1913.5
 30
0.0
 40
4.0
 71
5
  1
X
  7
DesignMate
  0
MTEXT
  5
845
330
D7
100
AcDbEntity
  8
0
 62
7
100
AcDbMText
 10
21.0
 20
-1913.5
 30
0.0
 40
4.0
 41
70.0
 71
4
  1
D_161_X-TEMP
  7
DesignMate
  0
MTEXT
  5
846
330
D7
100
AcDbEntity
  8
0
 62
7
100
AcDbMText
 10
93.0
 20
-1913.5
 30
0.0
 40
4.0
 41
68.0
 71
4
  1
临时 — 临时辅助/测试图层
  7
DesignMate
  0
SOLID
  5
847
330
D7
100
AcDbEntity
  8
0
 62
227
100
AcDbTrace
 10
163.0
 20
-1910.0
 30
0.0
 11
173.0
 21
-1910.0
 31
0.0
 12
163.0
 22
-1917.0
 32
0.0
 13
173.0
 23
-1917.0
 33
0.0
  0
MTEXT
  5
848
330
D7
100
AcDbEntity
  8
0
 62
7
100
AcDbMText
 10
177.0
 20
-1913.5
 30
0.0
 40
4.0
 71
4
  1
227
  7
DesignMate
  0
MTEXT
  5
849
330
D7
100
AcDbEntity
  8
0
 62
7
100
AcDbMText
 10
190.0
 20
-1913.5
 30
0.0
 40
4.0
 71
4
  1
深粉红
  7
DesignMate
  0
MTEXT
  5
84A
330
D7
100
AcDbEntity
  8
0
 62
7
100
AcDbMText
 10
218.0
 20
-1913.5
 30
0.0
 40
4.0
 71
4
  1
0.15
  7
DesignMate
  0
MTEXT
  5
84B
330
D7
100
AcDbEntity
  8
0
 62
7
100
AcDbMText
 10
230.0
 20
-1913.5
 30
0.0
 40
4.0
 71
4
  1
实线
  7
DesignMate
  0
LWPOLYLINE
  5
84C
330
D7
100
AcDbEntity
  8
D_161_X-TEMP
  6
Continuous
 62
227
100
AcDbPolyline
 90
2
 70
0
 43
0.15
 10
253.0
 20
-1913.5
 10
289.0
 20
-1913.5
  0
LWPOLYLINE
  5
84D
330
D7
100
AcDbEntity
  8
0
 62
250
100
AcDbPolyline
 90
2
 70
0
 10
0.0
 20
-1919.0
 10
291.0
 20
-1919.0
  0
LWPOLYLINE
  5
84E
330
D7
100
AcDbEntity
  8
0
 62
250
100
AcDbPolyline
 90
2
 70
0
 43
0.35
 10
0.0
 20
0.0
 10
291.0
 20
0.0
  0
LWPOLYLINE
  5
84F
330
D7
100
AcDbEntity
  8
0
 62
250
100
AcDbPolyline
 90
2
 70
0
 43
0.35
 10
0.0
 20
-1919.0
 10
291.0
 20
-1919.0
  0
LWPOLYLINE
  5
850
330
D7
100
AcDbEntity
  8
0
 62
250
100
AcDbPolyline
 90
2
 70
0
 10
0.0
 20
-1919.0
 10
0.0
 20
0.0
  0
LWPOLYLINE
  5
851
330
D7
100
AcDbEntity
  8
0
 62
250
100
AcDbPolyline
 90
2
 70
0
 10
291.0
 20
-1919.0
 10
291.0
 20
0.0
  0
ENDBLK
  5
D9
330
D7
100
AcDbEntity
  8
0
100
AcDbBlockEnd
  0
ENDSEC
  0
SECTION
  2
ENTITIES
  0
INSERT
  5
852
330
17
100
AcDbEntity
  8
0
100
AcDbBlockReference
  2
DesignMate_Table
 10
0.0
 20
1919.0
 30
0.0
  0
CIRCLE
  5
854
330
17
100
AcDbEntity
  8
D_G-STD-KEEP
100
AcDbCircle
 10
0.0
 20
-20.0
 30
0.0
 40
0.01
  0
ENDSEC
  0
SECTION
  2
OBJECTS
  0
DICTIONARY
  5
A
330
0
100
AcDbDictionary
281
1
  3
ACAD_COLOR
350
B
  3
ACAD_GROUP
350
C
  3
ACAD_LAYOUT
350
D
  3
ACAD_MATERIAL
350
E
  3
ACAD_MLEADERSTYLE
350
F
  3
ACAD_MLINESTYLE
350
10
  3
ACAD_PLOTSETTINGS
350
11
  3
ACAD_PLOTSTYLENAME
350
12
  3
ACAD_SCALELIST
350
14
  3
ACAD_TABLESTYLE
350
15
  3
ACAD_VISUALSTYLE
350
16
  3
EZDXF_META
350
2D
  0
DICTIONARY
  5
B
330
A
100
AcDbDictionary
281
1
  0
DICTIONARY
  5
C
330
A
100
AcDbDictionary
281
1
  0
DICTIONARY
  5
D
330
A
100
AcDbDictionary
281
1
  3
Model
350
1A
  3
Layout1
350
1E
  0
DICTIONARY
  5
E
330
A
100
AcDbDictionary
281
1
  3
ByBlock
350
1F
  3
ByLayer
350
20
  3
Global
350
21
  0
DICTIONARY
  5
F
330
A
100
AcDbDictionary
281
1
  3
Standard
350
2C
  0
DICTIONARY
  5
10
330
A
100
AcDbDictionary
281
1
  3
Standard
350
22
  0
DICTIONARY
  5
11
330
A
100
AcDbDictionary
281
1
  0
ACDBDICTIONARYWDFLT
  5
12
330
A
100
AcDbDictionary
281
1
  3
Normal
350
13
100
AcDbDictionaryWithDefault
340
13
  0
ACDBPLACEHOLDER
  5
13
330
12
  0
DICTIONARY
  5
14
330
A
100
AcDbDictionary
281
1
  0
DICTIONARY
  5
15
330
A
100
AcDbDictionary
281
1
  0
DICTIONARY
  5
16
330
A
100
AcDbDictionary
281
1
  0
LAYOUT
  5
1A
330
D
100
AcDbPlotSettings
  1

  4
A3
  6

 40
7.5
 41
20.0
 42
7.5
 43
20.0
 44
420.0
 45
297.0
 46
0.0
 47
0.0
 48
0.0
 49
0.0
140
0.0
141
0.0
142
1.0
143
1.0
 70
1024
 72
1
 73
0
 74
5
  7

 75
16
 76
0
 77
2
 78
300
147
1.0
148
0.0
149
0.0
100
AcDbLayout
  1
Model
 70
1
 71
0
 10
0.0
 20
0.0
 11
420.0
 21
297.0
 12
0.0
 22
0.0
 32
0.0
 14
1e+20
 24
1e+20
 34
1e+20
 15
-1e+20
 25
-1e+20
 35
-1e+20
146
0.0
 13
0.0
 23
0.0
 33
0.0
 16
1.0
 26
0.0
 36
0.0
 17
0.0
 27
1.0
 37
0.0
 76
1
330
17
  0
LAYOUT
  5
1E
330
D
100
AcDbPlotSettings
  1

  4
A3
  6

 40
7.5
 41
20.0
 42
7.5
 43
20.0
 44
420.0
 45
297.0
 46
0.0
 47
0.0
 48
0.0
 49
0.0
140
0.0
141
0.0
142
1.0
143
1.0
 70
0
 72
1
 73
0
 74
5
  7

 75
16
 76
0
 77
2
 78
300
147
1.0
148
0.0
149
0.0
100
AcDbLayout
  1
Layout1
 70
1
 71
1
 10
0.0
 20
0.0
 11
420.0
 21
297.0
 12
0.0
 22
0.0
 32
0.0
 14
1e+20
 24
1e+20
 34
1e+20
 15
-1e+20
 25
-1e+20
 35
-1e+20
146
0.0
 13
0.0
 23
0.0
 33
0.0
 16
1.0
 26
0.0
 36
0.0
 17
0.0
 27
1.0
 37
0.0
 76
1
330
1B
  0
MATERIAL
  5
1F
102
{ACAD_REACTORS
330
E
102
}
330
E
100
AcDbMaterial
  1
ByBlock
  2

 70
0
 40
1.0
 71
1
 41
1.0
 91
-1023410177
 42
1.0
 72
1
  3

 73
1
 74
1
 75
1
 44
0.5
 73
0
 45
1.0
 46
1.0
 77
1
  4

 78
1
 79
1
170
1
 48
1.0
171
1
  6

172
1
173
1
174
1
140
1.0
141
1.0
175
1
  7

176
1
177
1
178
1
143
1.0
179
1
  8

270
1
271
1
272
1
145
1.0
146
1.0
273
1
  9

274
1
275
1
276
1
 42
1.0
 72
1
  3

 73
1
 74
1
 75
1
 94
63
  0
MATERIAL
  5
20
102
{ACAD_REACTORS
330
E
102
}
330
E
100
AcDbMaterial
  1
ByLayer
  2

 70
0
 40
1.0
 71
1
 41
1.0
 91
-1023410177
 42
1.0
 72
1
  3

 73
1
 74
1
 75
1
 44
0.5
 73
0
 45
1.0
 46
1.0
 77
1
  4

 78
1
 79
1
170
1
 48
1.0
171
1
  6

172
1
173
1
174
1
140
1.0
141
1.0
175
1
  7

176
1
177
1
178
1
143
1.0
179
1
  8

270
1
271
1
272
1
145
1.0
146
1.0
273
1
  9

274
1
275
1
276
1
 42
1.0
 72
1
  3

 73
1
 74
1
 75
1
 94
63
  0
MATERIAL
  5
21
102
{ACAD_REACTORS
330
E
102
}
330
E
100
AcDbMaterial
  1
Global
  2

 70
0
 40
1.0
 71
1
 41
1.0
 91
-1023410177
 42
1.0
 72
1
  3

 73
1
 74
1
 75
1
 44
0.5
 73
0
 45
1.0
 46
1.0
 77
1
  4

 78
1
 79
1
170
1
 48
1.0
171
1
  6

172
1
173
1
174
1
140
1.0
141
1.0
175
1
  7

176
1
177
1
178
1
143
1.0
179
1
  8

270
1
271
1
272
1
145
1.0
146
1.0
273
1
  9

274
1
275
1
276
1
 42
1.0
 72
1
  3

 73
1
 74
1
 75
1
 94
63
  0
MLINESTYLE
  5
22
102
{ACAD_REACTORS
330
10
102
}
330
10
100
AcDbMlineStyle
  2
Standard
 70
0
  3

 62
256
 51
90.0
 52
90.0
 71
2
 49
0.5
 62
256
  6
BYLAYER
 49
-0.5
 62
256
  6
BYLAYER
  0
MLEADERSTYLE
  5
2C
102
{ACAD_REACTORS
330
F
102
}
330
F
100
AcDbMLeaderStyle
179
2
170
2
171
1
172
0
 90
2
 40
0.0
 41
0.0
173
1
 91
-1056964608
 92
-2
290
1
 42
2.0
291
1
 43
8.0
  3
Standard
 44
4.0
300

342
29
174
1
175
1
176
0
178
1
 93
-1056964608
 45
4.0
292
0
297
0
 46
4.0
 94
-1056964608
 47
1.0
 49
1.0
140
1.0
294
1
141
0.0
177
0
142
1.0
295
0
296
0
143
3.75
271
0
272
9
273
9
  0
DICTIONARY
  5
2D
330
A
100
AcDbDictionary
280
1
281
1
  3
CREATED_BY_EZDXF
350
2E
  3
WRITTEN_BY_EZDXF
350
857
  0
DICTIONARYVAR
  5
2E
330
2D
100
DictionaryVariables
280
0
  1
1.4.4 @ 2026-06-30T11:26:42.690213+00:00
  0
DICTIONARYVAR
  5
857
330
2D
100
DictionaryVariables
280
0
  1
1.4.4 @ 2026-06-30T11:26:42.778656+00:00
  0
ENDSEC
  0
EOF
